CustomerID,LastPurchase,FirstPurchase,TotalOrders,Revenue,CustomerAge,DaysSinceLastPurchase,Churn,Segment,ChurnProbability
12346.0,2011-01-18 10:01:00,2011-01-18 10:01:00,1,77183.6,325,325,1,At Risk,0.7954509627144541
12347.0,2011-12-07 15:52:00,2010-12-07 14:57:00,7,4310.0,366,1,0,Champions,0.03940893663739502
12348.0,2011-09-25 13:13:00,2010-12-16 19:09:00,4,1797.24,357,74,0,At Risk,0.2016503554916231
12349.0,2011-11-21 09:51:00,2011-11-21 09:51:00,1,1757.55,18,18,0,Potential Loyalist,0.03229916485692658
12350.0,2011-02-02 16:01:00,2011-02-02 16:01:00,1,334.40000000000003,309,309,1,At Risk,0.9499963223538576
12352.0,2011-11-03 14:37:00,2011-02-16 12:33:00,8,2506.04,296,35,0,Others,0.06421126576606055
12353.0,2011-05-19 17:47:00,2011-05-19 17:47:00,1,89.0,203,203,1,At Risk,0.9754150123627012
12354.0,2011-04-21 13:11:00,2011-04-21 13:11:00,1,1079.4,231,231,1,At Risk,0.8089111579714269
12355.0,2011-05-09 13:49:00,2011-05-09 13:49:00,1,459.4,213,213,1,At Risk,0.9428396665114863
12356.0,2011-11-17 08:40:00,2011-01-18 09:50:00,3,2811.43,325,22,0,Potential Loyalist,0.3435478307417786
12357.0,2011-11-06 16:07:00,2011-11-06 16:07:00,1,6207.67,32,32,0,Potential Loyalist,0.03321046682990993
12358.0,2011-12-08 10:26:00,2011-07-12 10:04:00,2,1168.06,150,1,0,Potential Loyalist,0.28404031201406105
12359.0,2011-10-13 12:47:00,2011-01-12 12:43:00,4,6372.58,331,57,0,Others,0.12373328418656435
12360.0,2011-10-18 15:22:00,2011-05-23 09:43:00,3,2662.06,200,51,0,Others,0.1875574551714398
12361.0,2011-02-25 13:51:00,2011-02-25 13:51:00,1,189.9,286,286,1,At Risk,0.9713367063225252
12362.0,2011-12-06 15:40:00,2011-02-17 10:30:00,10,5226.2300000000005,295,2,0,Champions,0.03912122321613109
12363.0,2011-08-22 10:18:00,2011-04-11 13:29:00,2,552.0,241,109,1,At Risk,0.5161273424454101
12364.0,2011-12-02 10:22:00,2011-08-19 15:24:00,4,1313.1,111,7,0,Loyal Customers,0.06981908039712321
12365.0,2011-02-21 14:04:00,2011-02-21 13:51:00,2,641.38,290,290,1,At Risk,0.5078699087833233
12367.0,2011-12-05 16:48:00,2011-12-05 16:48:00,1,168.9,3,3,0,Potential Loyalist,0.0294526834648491
12370.0,2011-10-19 14:51:00,2010-12-14 12:58:00,4,3545.69,359,50,0,Others,0.1617520530744169
12371.0,2011-10-26 10:16:00,2011-10-11 10:43:00,2,1887.96,59,44,0,Others,0.03021253723454135
12372.0,2011-09-29 12:12:00,2011-02-16 12:46:00,3,1298.04,296,71,0,Others,0.3697882647297869
12373.0,2011-02-01 13:10:00,2011-02-01 13:10:00,1,364.6,310,310,1,At Risk,0.9426402481175553
12374.0,2011-11-14 15:37:00,2011-11-14 15:37:00,1,742.9300000000001,24,24,0,Potential Loyalist,0.020001552495158368
12375.0,2011-11-29 10:36:00,2011-09-02 14:23:00,2,457.5,97,10,0,Potential Loyalist,0.2267766380278294
12377.0,2011-01-28 15:45:00,2010-12-20 09:37:00,2,1628.12,354,314,1,At Risk,0.49293876874905884
12378.0,2011-08-02 10:34:00,2011-08-02 10:34:00,1,4008.62,129,129,1,At Risk,0.7970530184075872
12379.0,2011-09-19 10:09:00,2011-06-22 16:32:00,2,852.24,169,81,0,At Risk,0.3543535599506235
12380.0,2011-11-18 11:27:00,2011-06-07 09:49:00,4,2724.81,185,21,0,Loyal Customers,0.08296200607469278
12381.0,2011-12-05 12:44:00,2011-08-12 09:57:00,5,1845.31,119,4,0,Loyal Customers,0.06908187608853227
12383.0,2011-06-08 08:02:00,2010-12-22 14:28:00,5,1850.56,351,184,1,At Risk,0.13082530074702825
12384.0,2011-11-11 08:39:00,2011-08-10 11:23:00,2,585.27,121,28,0,Potential Loyalist,0.32061323870612213
12386.0,2011-01-06 12:37:00,2010-12-08 09:53:00,2,401.9,366,337,1,At Risk,0.5715586285918276
12388.0,2011-11-24 12:30:00,2011-01-17 11:12:00,6,2780.6600000000003,326,15,0,Loyal Customers,0.09027602143378402
12390.0,2011-09-21 09:33:00,2011-09-21 09:33:00,1,549.84,79,79,0,At Risk,0.028922615369134368
12391.0,2011-11-18 12:07:00,2011-11-18 12:07:00,1,460.89,21,21,0,Potential Loyalist,0.03157540024662637
12393.0,2011-09-28 15:41:00,2011-01-11 09:47:00,4,1582.6,332,71,0,Others,0.1997120534747412
12394.0,2011-10-07 08:08:00,2011-05-06 14:01:00,2,1272.48,216,63,0,Others,0.3519795380880393
12395.0,2011-11-20 15:21:00,2010-12-03 16:35:00,12,3018.63,370,18,0,Loyal Customers,0.04400431649721583
12397.0,2011-11-04 09:52:00,2011-07-27 14:21:00,2,2409.9,134,35,0,Others,0.25341168867740227
12398.0,2011-10-25 10:27:00,2011-10-25 10:27:00,1,1635.66,45,45,0,Others,0.03628088197022263
12399.0,2011-08-12 13:15:00,2011-03-23 09:42:00,4,1108.65,261,118,1,At Risk,0.2227749393435987
12401.0,2011-02-09 13:50:00,2011-02-09 13:50:00,1,84.3,302,302,1,At Risk,0.9797106465374681
12402.0,2011-01-20 13:49:00,2011-01-20 13:49:00,1,225.6,322,322,1,At Risk,0.9577054124305322
12403.0,2011-10-21 10:51:00,2011-10-21 10:51:00,1,427.7,49,49,0,Others,0.026624879946532024
12405.0,2011-07-14 08:52:00,2011-07-14 08:52:00,1,1710.39,148,148,1,At Risk,0.8398521572346391
12406.0,2011-11-17 19:22:00,2011-06-09 10:23:00,2,3415.3,183,21,0,Potential Loyalist,0.2669712973357151
12407.0,2011-10-21 10:11:00,2011-03-20 13:21:00,5,1708.12,263,49,0,Others,0.12342185935758077
12408.0,2011-11-07 12:27:00,2011-03-24 14:46:00,5,2888.55,259,32,0,Loyal Customers,0.08041532880324721
12409.0,2011-09-22 10:38:00,2011-06-10 12:19:00,3,11072.67,182,78,0,At Risk,0.19698798126316067
12410.0,2011-02-04 10:39:00,2011-02-04 10:38:00,2,693.33,308,308,1,At Risk,0.5058387564952923
12412.0,2011-09-26 10:16:00,2011-06-23 13:51:00,3,1226.88,168,74,0,At Risk,0.16114623506860898
12413.0,2011-10-04 09:00:00,2011-01-06 16:12:00,3,758.1,336,66,0,Others,0.4314169209738751
12414.0,2011-05-06 14:51:00,2011-02-02 14:51:00,3,562.4100000000001,309,216,1,At Risk,0.43800531434593326
12415.0,2011-11-15 14:22:00,2011-01-06 11:12:00,21,124914.53,337,23,0,Loyal Customers,0.06116241490467342
12417.0,2011-12-06 14:52:00,2010-12-17 11:51:00,9,3649.1,357,2,0,Champions,0.07939450147157558
12418.0,2011-08-19 11:08:00,2011-08-19 11:08:00,1,668.58,112,112,1,At Risk,0.8292481144033276
12420.0,2011-10-07 08:55:00,2011-10-07 08:55:00,1,600.39,63,63,0,Others,0.039784852310318
12421.0,2011-11-24 09:07:00,2011-01-24 15:09:00,4,807.04,318,15,0,Loyal Customers,0.24775797569347197
12422.0,2011-09-05 09:48:00,2011-01-19 09:13:00,3,803.5600000000001,324,95,1,At Risk,0.4209063410587547
12423.0,2011-12-09 10:10:00,2010-12-21 10:54:00,8,1859.31,353,0,0,Loyal Customers,0.08453745607999151
12424.0,2011-06-30 12:06:00,2011-06-30 12:06:00,2,1760.96,162,162,1,At Risk,0.353139964319416
12425.0,2011-09-22 17:31:00,2011-09-22 17:31:00,1,777.2,77,77,0,At Risk,0.020769299578988147
12426.0,2011-05-29 12:26:00,2011-05-29 12:26:00,1,582.73,194,194,1,At Risk,0.9166230071310524
12427.0,2011-11-18 08:56:00,2010-12-03 10:44:00,3,825.8000000000001,371,21,0,Potential Loyalist,0.3756848975678404
12428.0,2011-11-14 08:22:00,2011-03-01 09:33:00,9,7956.46,283,25,0,Loyal Customers,0.05442532297495183
12429.0,2011-11-30 17:22:00,2010-12-09 12:05:00,4,3750.4,365,8,0,Loyal Customers,0.1529588364190021
12430.0,2011-10-27 15:09:00,2011-10-27 15:09:00,1,256.4,42,42,0,Others,0.028778147854021198
12431.0,2011-11-04 11:55:00,2010-12-01 10:03:00,15,6487.45,373,35,0,Others,0.030970462989089422
12432.0,2011-10-28 11:43:00,2011-06-20 13:27:00,5,5059.32,171,42,0,Others,0.05663323725022755
12433.0,2011-12-09 10:02:00,2010-12-01 13:24:00,7,13375.87,372,0,0,Champions,0.10892584033170236
12434.0,2011-09-16 12:38:00,2011-03-24 13:05:00,2,806.14,259,84,0,At Risk,0.4663413207314302
12435.0,2011-09-21 09:06:00,2011-03-17 07:40:00,2,7829.89,267,79,0,At Risk,0.40512232694189293
12436.0,2011-09-01 12:09:00,2011-09-01 12:09:00,1,509.01,99,99,1,At Risk,0.902829551811559
12437.0,2011-12-08 11:35:00,2011-01-12 14:13:00,18,4951.41,330,1,0,Champions,0.03175588017615934
12438.0,2011-11-25 13:28:00,2011-07-22 13:29:00,2,2906.85,139,13,0,Potential Loyalist,0.259035895732238
12441.0,2010-12-08 10:45:00,2010-12-08 10:45:00,1,173.55,366,366,1,At Risk,0.9631522322571588
12442.0,2011-12-06 14:22:00,2011-12-06 14:22:00,1,172.06,2,2,0,Potential Loyalist,0.0277526834648491
12444.0,2011-11-18 13:23:00,2011-06-21 14:00:00,5,5005.46,170,20,0,Loyal Customers,0.05663323725022755
12445.0,2011-11-17 18:43:00,2011-11-17 18:43:00,1,133.4,21,21,0,Potential Loyalist,0.03827753185502692
12446.0,2011-10-13 12:50:00,2011-10-13 12:50:00,1,1002.31,57,57,0,Others,0.022205788087080083
12447.0,2011-04-10 13:25:00,2011-04-10 13:25:00,1,476.49,242,242,1,At Risk,0.9323889159489395
12448.0,2011-10-26 13:46:00,2011-10-26 13:46:00,1,449.45,43,43,0,Others,0.02935156570902341
12449.0,2011-11-17 13:46:00,2011-06-05 15:37:00,4,4067.29,186,21,0,Loyal Customers,0.07834113213539104
12450.0,2011-07-06 14:41:00,2011-06-19 14:36:00,2,197.88,172,155,1,At Risk,0.4945935291476541
12451.0,2011-11-29 08:40:00,2011-01-19 09:05:00,5,9035.52,324,10,0,Loyal Customers,0.08324184705410101
12452.0,2011-11-23 10:28:00,2011-11-23 08:05:00,2,430.5700000000001,16,16,0,Potential Loyalist,0.020935044596677846
12453.0,2011-07-28 14:08:00,2011-07-28 14:08:00,1,707.09,133,133,1,At Risk,0.8216487777116102
12454.0,2011-10-14 17:13:00,2011-10-14 17:13:00,1,3528.34,55,55,0,Others,0.03548674815739803
12455.0,2011-09-27 15:31:00,2011-02-16 09:56:00,6,2466.86,296,72,0,At Risk,0.08169256234124399
12456.0,2011-10-26 14:41:00,2011-03-30 09:12:00,3,3181.04,254,43,0,Others,0.24864802792748755
12457.0,2011-10-04 13:13:00,2011-04-14 18:57:00,7,2363.23,238,65,0,Others,0.06650539919359047
12458.0,2011-09-29 15:25:00,2011-02-28 10:55:00,2,947.4,284,70,0,Others,0.4849263611517965
12461.0,2011-09-06 16:57:00,2011-07-08 10:23:00,2,826.88,154,93,1,At Risk,0.35672917168127427
12462.0,2011-11-21 09:11:00,2011-02-09 14:44:00,2,1189.59,302,18,0,Potential Loyalist,0.47450121969066716
12463.0,2011-10-17 13:44:00,2011-04-12 12:47:00,4,1344.78,241,52,0,Others,0.17397073479898864
12464.0,2011-11-29 13:33:00,2011-02-03 13:30:00,8,1212.05,308,9,0,Loyal Customers,0.10959746430706066
12465.0,2011-11-22 16:34:00,2011-06-23 13:37:00,2,742.19,168,16,0,Potential Loyalist,0.3737673110338168
12468.0,2011-06-05 11:36:00,2011-01-27 13:29:00,2,729.54,315,187,1,At Risk,0.4930457337849836
12471.0,2011-12-07 15:43:00,2010-12-10 09:35:00,30,19824.05,364,1,0,Champions,0.019752690535413737
12472.0,2011-11-07 14:01:00,2010-12-05 14:19:00,7,6572.11,368,31,0,Loyal Customers,0.04207145634963443
12473.0,2011-11-10 13:46:00,2011-06-01 10:15:00,5,3938.55,191,28,0,Loyal Customers,0.056481254569091005
12474.0,2011-11-22 14:39:00,2011-01-14 10:06:00,18,7375.79,329,16,0,Loyal Customers,0.030383770230680982
12475.0,2011-10-17 10:10:00,2011-10-17 10:10:00,1,723.38,53,53,0,Others,0.015256754713031822
12476.0,2011-11-24 12:40:00,2010-12-13 14:39:00,11,6816.42,360,15,0,Loyal Customers,0.0323807641238134
12477.0,2011-11-17 09:51:00,2011-02-11 12:45:00,6,13219.74,301,22,0,Loyal Customers,0.07726971895716801
12478.0,2011-12-06 09:56:00,2011-12-06 09:56:00,1,680.99,3,3,0,Potential Loyalist,0.015711300167577276
12479.0,2011-11-28 13:26:00,2011-11-28 13:26:00,1,527.2,10,10,0,Potential Loyalist,0.028966704594452455
12480.0,2011-11-11 14:52:00,2011-01-07 15:27:00,4,3281.63,335,27,0,Loyal Customers,0.15743575405413746
12481.0,2011-11-17 08:29:00,2010-12-09 10:13:00,10,5596.32,365,22,0,Loyal Customers,0.029845793319963298
12483.0,2011-11-22 17:02:00,2011-01-04 14:20:00,8,2484.98,338,16,0,Loyal Customers,0.07055488703908103
12484.0,2011-11-07 11:37:00,2011-01-07 14:04:00,6,4541.72,335,32,0,Loyal Customers,0.08215888037228479
12488.0,2011-11-30 08:50:00,2011-09-25 10:34:00,3,1298.66,75,9,0,Potential Loyalist,0.02572873229758095
12489.0,2011-01-07 13:13:00,2011-01-07 13:13:00,1,334.93,335,335,1,At Risk,0.9548432800819943
12490.0,2011-12-04 16:07:00,2011-01-14 09:13:00,10,5417.93,329,4,0,Champions,0.0361505488864786
12491.0,2011-11-01 12:18:00,2011-11-01 12:18:00,1,460.4,38,38,0,Others,0.03157540024662637
12492.0,2011-10-07 15:15:00,2011-08-26 14:51:00,2,263.21000000000004,104,62,0,Others,0.24418522158225012
12493.0,2011-06-27 10:17:00,2011-05-26 14:53:00,2,433.74,196,165,1,At Risk,0.5072976880828372
12494.0,2011-11-24 09:34:00,2010-12-09 11:31:00,7,1246.1,365,15,0,Loyal Customers,0.09564209359645849
12497.0,2011-09-19 12:29:00,2011-09-19 12:29:00,1,1043.1,81,81,0,At Risk,0.022660333541625537
12498.0,2011-11-18 12:53:00,2011-10-13 09:30:00,3,403.7000000000001,57,20,0,Potential Loyalist,0.0441056088135774
12500.0,2011-11-16 16:20:00,2011-01-10 09:48:00,11,4257.82,333,22,0,Loyal Customers,0.038511104696127244
12501.0,2011-01-07 12:28:00,2011-01-07 12:28:00,1,2169.39,336,336,1,At Risk,0.8322386799703129
12502.0,2011-09-05 11:52:00,2011-02-03 10:41:00,5,3723.87,309,95,1,At Risk,0.10879201720584658
12504.0,2011-11-21 16:02:00,2011-11-09 14:56:00,2,482.05,29,17,0,Potential Loyalist,0.01821640324404797
12506.0,2011-04-21 08:54:00,2011-04-21 08:54:00,1,73.5,232,232,1,At Risk,0.9797799774944358
12507.0,2011-07-28 17:09:00,2011-02-14 09:24:00,3,1304.81,298,133,1,At Risk,0.3748944967082749
12508.0,2011-11-13 15:37:00,2011-11-10 16:27:00,2,398.27,28,25,0,Potential Loyalist,0.02376749140518849
12509.0,2011-02-28 14:45:00,2011-02-28 14:45:00,1,176.5,283,283,1,At Risk,0.9651522999559263
12510.0,2011-07-20 10:15:00,2011-01-18 14:04:00,2,982.57,324,142,1,At Risk,0.5114988941186016
12512.0,2011-10-04 14:55:00,2011-10-04 14:53:00,2,138.03,65,65,0,Others,0.051097904448952944
12513.0,2011-08-19 10:51:00,2011-08-19 10:51:00,1,612.29,112,112,1,At Risk,0.9196528395293427
12514.0,2011-03-17 16:38:00,2011-03-17 16:38:00,1,1017.68,266,266,1,At Risk,0.8236349657318552
12515.0,2010-12-21 15:43:00,2010-12-21 15:43:00,1,383.7,352,352,1,At Risk,0.9364636836865994
12516.0,2011-09-23 09:13:00,2011-06-12 11:37:00,2,1312.06,180,77,0,At Risk,0.3084669025960156
12517.0,2011-11-11 14:04:00,2011-06-02 15:13:00,5,2502.84,189,27,0,Loyal Customers,0.0576899774253443
12518.0,2011-12-09 10:13:00,2011-08-21 13:18:00,5,2056.89,109,0,0,Loyal Customers,0.05765657983553998
12519.0,2011-10-07 09:26:00,2011-10-07 09:26:00,1,340.84000000000003,63,63,0,Others,0.021541167787968055
12520.0,2011-09-21 15:23:00,2011-03-11 11:35:00,5,2634.26,273,78,0,At Risk,0.08826039331778059
12521.0,2011-07-20 10:51:00,2011-07-20 10:51:00,1,599.68,142,142,1,At Risk,0.9145007650461564
12522.0,2011-10-31 15:30:00,2011-10-19 14:41:00,2,192.72,50,38,0,Others,0.022538473824893254
12523.0,2011-11-20 12:55:00,2011-01-12 09:43:00,11,1789.77,331,18,0,Loyal Customers,0.06890379829220256
12524.0,2011-11-30 15:31:00,2011-01-10 10:35:00,8,4485.72,333,8,0,Champions,0.05331738573712872
12526.0,2011-12-09 12:09:00,2011-09-06 14:19:00,3,1316.66,93,0,0,Potential Loyalist,0.07302836929396038
12527.0,2011-09-19 11:55:00,2011-01-18 12:05:00,3,348.71000000000004,325,81,0,At Risk,0.5669185279333345
12528.0,2011-11-30 14:40:00,2011-01-31 09:05:00,6,1933.48,312,8,0,Loyal Customers,0.1035653211692526
12530.0,2011-10-11 12:34:00,2011-01-07 10:04:00,4,1662.28,336,59,0,Others,0.20923666755197978
12531.0,2011-11-25 11:12:00,2011-11-25 11:12:00,1,125.22,14,14,0,Potential Loyalist,0.03448123555873063
12532.0,2011-11-09 13:47:00,2011-11-09 13:47:00,1,349.83000000000004,29,29,0,Potential Loyalist,0.02848685388481694
12534.0,2011-08-01 10:26:00,2011-08-01 10:26:00,1,1089.18,130,130,1,At Risk,0.8091543067486026
12535.0,2011-09-09 08:48:00,2011-06-06 12:47:00,2,716.35,186,91,1,At Risk,0.39973721367494996
12536.0,2011-10-27 14:20:00,2011-10-11 14:52:00,3,12601.830000000002,58,42,0,Others,0.04030584404984614
12538.0,2011-11-10 17:16:00,2011-11-10 17:16:00,1,363.95,28,28,0,Potential Loyalist,0.02866237281033587
12539.0,2011-11-17 13:30:00,2011-01-10 09:11:00,4,5568.35,333,21,0,Loyal Customers,0.12782396301128574
12540.0,2011-11-20 11:31:00,2010-12-13 09:39:00,17,13400.24,361,19,0,Loyal Customers,0.02044590459195436
12541.0,2011-11-10 10:40:00,2011-03-04 09:32:00,3,981.18,280,29,0,Potential Loyalist,0.35313009915411847
12544.0,2011-11-03 16:15:00,2011-11-03 16:15:00,1,372.7,35,35,0,Others,0.030681603579566636
12545.0,2011-09-25 13:39:00,2011-03-25 12:04:00,2,1000.39,259,74,0,At Risk,0.480023217954013
12546.0,2011-10-24 12:09:00,2011-09-23 09:44:00,2,1161.5,77,46,0,Others,0.02779330925712006
12547.0,2011-05-26 12:38:00,2011-03-04 12:46:00,2,207.8,280,197,1,At Risk,0.5871923137129413
12548.0,2011-06-26 15:35:00,2011-06-26 15:35:00,1,95.2,165,165,1,At Risk,0.975854718119241
12550.0,2011-09-21 14:35:00,2011-09-21 14:35:00,1,964.83,78,78,0,At Risk,0.022205788087080083
12551.0,2010-12-17 11:23:00,2010-12-17 11:23:00,1,168.0,357,357,1,At Risk,0.9601358824293078
12552.0,2011-11-01 10:02:00,2011-10-31 12:11:00,2,437.82,39,38,0,Others,0.020935044596677846
12553.0,2011-12-01 16:38:00,2011-01-14 10:42:00,10,3692.28,329,7,0,Champions,0.07123792389187217
12556.0,2011-10-20 13:06:00,2011-07-11 13:35:00,2,603.71,150,49,0,Others,0.4375983223272238
12557.0,2011-11-23 16:59:00,2010-12-03 12:20:00,5,11990.96,371,15,0,Loyal Customers,0.07688672889549779
12558.0,2011-12-02 10:41:00,2011-12-02 10:41:00,1,269.96,7,7,0,Potential Loyalist,0.02783295172322777
12559.0,2011-02-02 09:49:00,2011-01-24 10:12:00,2,561.71,319,310,1,At Risk,0.5090682468762742
12560.0,2011-12-04 13:54:00,2011-07-19 15:55:00,3,2134.01,142,4,0,Potential Loyalist,0.14282523016799215
12561.0,2011-02-10 11:39:00,2011-02-10 11:39:00,1,238.85,302,302,1,At Risk,0.9536745889049069
12562.0,2011-12-01 17:20:00,2011-05-25 12:44:00,7,3781.74,198,7,0,Champions,0.04592247818772476
12564.0,2011-03-23 14:55:00,2011-03-23 14:55:00,1,456.9,260,260,1,At Risk,0.943936898232866
12565.0,2011-02-24 10:34:00,2011-02-24 10:34:00,1,145.92000000000002,288,288,1,At Risk,0.95873569261529
12566.0,2011-09-14 14:30:00,2011-09-14 14:30:00,1,351.65,85,85,0,At Risk,0.02848685388481694
12567.0,2011-11-17 11:02:00,2010-12-05 11:57:00,10,9401.28,369,22,0,Loyal Customers,0.027712479043398252
12569.0,2011-12-07 16:24:00,2011-04-01 13:47:00,32,4124.6900000000005,251,1,0,Champions,0.04266575808293511
12571.0,2011-10-31 10:19:00,2011-08-10 12:35:00,2,519.61,121,39,0,Others,0.3149608178019197
12572.0,2011-12-01 09:20:00,2011-10-19 08:20:00,2,1020.42,51,8,0,Potential Loyalist,0.0261214693667452
12573.0,2011-04-26 15:52:00,2011-04-26 15:52:00,1,160.54000000000002,226,226,1,At Risk,0.9639748216537087
12574.0,2011-01-28 09:20:00,2011-01-28 09:20:00,1,218.45,315,315,1,At Risk,0.9459390278294282
12576.0,2011-11-04 10:11:00,2011-02-08 11:31:00,5,1315.83,304,35,0,Others,0.13676290657333467
12577.0,2011-11-04 13:24:00,2010-12-15 16:21:00,3,657.8,358,34,0,Others,0.41944872815048734
12578.0,2011-11-18 13:30:00,2011-01-13 15:34:00,2,2794.51,329,20,0,Potential Loyalist,0.4151601943488966
12579.0,2011-09-22 17:15:00,2011-09-22 17:15:00,1,440.42,77,77,0,At Risk,0.025664191985844062
12580.0,2011-04-07 10:24:00,2011-04-07 10:24:00,1,415.7,246,246,1,At Risk,0.9385938639028971
12581.0,2011-10-31 08:56:00,2011-10-31 08:56:00,1,197.71,39,39,0,Others,0.03492591037220563
12582.0,2011-04-15 08:45:00,2011-02-24 11:42:00,2,511.36,288,238,1,At Risk,0.4992625426299799
12583.0,2011-12-07 08:07:00,2010-12-01 08:45:00,15,7281.38,373,2,0,Champions,0.030987848944752098
12584.0,2011-12-06 09:35:00,2011-03-04 15:15:00,9,2338.15,279,3,0,Champions,0.06716527315430348
12585.0,2011-04-19 13:39:00,2010-12-23 12:58:00,2,2040.1,350,233,1,At Risk,0.4280360236745404
12586.0,2011-11-22 16:24:00,2011-11-22 16:24:00,1,196.94000000000003,16,16,0,Potential Loyalist,0.025735043368838632
12587.0,2011-12-02 12:47:00,2011-12-02 12:47:00,1,144.0,7,7,0,Potential Loyalist,0.045448897047119206
12588.0,2011-10-31 15:01:00,2011-10-31 15:01:00,1,214.9,38,38,0,Others,0.02017325664579854
12589.0,2011-11-11 10:19:00,2011-07-18 12:05:00,2,646.68,144,28,0,Potential Loyalist,0.36098244109108635
12590.0,2011-05-12 14:52:00,2011-05-12 14:46:00,2,9864.26,210,210,1,At Risk,0.33146699652463874
12591.0,2011-01-26 14:35:00,2011-01-26 14:35:00,1,452.85,316,316,1,At Risk,0.9313171213604656
12592.0,2011-09-08 15:04:00,2011-05-10 13:44:00,2,437.6,212,91,1,At Risk,0.5003291953887422
12593.0,2011-08-23 12:43:00,2011-05-05 09:29:00,3,418.1,218,108,1,At Risk,0.5457699011946157
12594.0,2011-11-02 12:20:00,2011-01-21 09:52:00,10,3338.2200000000003,322,37,0,Others,0.06590998289264699
12596.0,2011-10-19 13:02:00,2011-04-11 13:22:00,2,618.27,241,50,0,Others,0.5084532359892663
12597.0,2011-11-20 13:33:00,2011-03-16 14:00:00,4,3811.22,267,18,0,Loyal Customers,0.11955896428843792
12598.0,2011-11-30 12:18:00,2011-02-28 11:58:00,8,3023.08,284,9,0,Champions,0.06508021901159321
12599.0,2011-11-10 13:34:00,2011-02-08 13:28:00,7,1032.58,303,28,0,Loyal Customers,0.14720466398675897
12600.0,2011-11-11 10:29:00,2010-12-03 12:57:00,10,2599.04,370,28,0,Loyal Customers,0.0458940277953735
12601.0,2011-06-03 10:17:00,2011-01-11 10:38:00,5,577.0600000000001,332,189,1,At Risk,0.4047414236537123
12602.0,2011-10-12 11:22:00,2011-10-12 11:22:00,1,153.12,58,58,0,Others,0.04188132947955164
12603.0,2011-11-18 10:42:00,2011-11-18 10:42:00,1,739.1999999999999,21,21,0,Potential Loyalist,0.017709885828491704
12604.0,2011-09-21 14:08:00,2011-03-23 12:06:00,2,254.18,261,78,0,At Risk,0.543691403439438
12607.0,2011-10-10 16:06:00,2011-10-10 16:06:00,1,1579.51,59,59,0,Others,0.03586421530355597
12609.0,2011-09-22 16:34:00,2011-01-25 15:13:00,3,1126.85,317,77,0,At Risk,0.36555755078724184
12610.0,2011-11-17 09:34:00,2011-08-05 13:52:00,5,2099.54,125,22,0,Loyal Customers,0.06626513764746625
12611.0,2011-10-18 13:12:00,2011-10-18 13:12:00,1,1193.32,51,51,0,Others,0.02462650011327177
12612.0,2011-09-26 15:35:00,2011-09-26 15:35:00,1,704.04,73,73,0,At Risk,0.015256754713031822
12613.0,2011-10-13 14:59:00,2011-03-22 15:42:00,5,3344.38,261,56,0,Others,0.09029010988785274
12614.0,2011-03-07 10:22:00,2011-03-07 10:22:00,1,315.6,277,277,1,At Risk,0.9545819722111847
12615.0,2011-12-07 15:02:00,2011-06-24 13:35:00,4,2291.19,167,1,0,Loyal Customers,0.11238357309316123
12616.0,2011-09-05 15:17:00,2011-02-15 14:17:00,2,713.3,296,94,1,At Risk,0.5028532087410909
12617.0,2011-11-10 14:39:00,2011-11-10 14:39:00,1,355.53000000000003,28,28,0,Potential Loyalist,0.02848685388481694
12618.0,2011-11-18 11:10:00,2011-11-18 11:10:00,1,177.31,21,21,0,Potential Loyalist,0.03193688744739031
12619.0,2011-11-23 14:52:00,2011-03-31 13:10:00,9,3641.24,252,15,0,Loyal Customers,0.07733943319967325
12620.0,2011-11-25 10:20:00,2011-05-19 12:10:00,3,1339.41,204,14,0,Potential Loyalist,0.17016488057879875
12621.0,2011-12-08 11:25:00,2010-12-09 10:16:00,20,13689.67,365,1,0,Champions,0.01891232239300324
12622.0,2011-04-21 16:39:00,2011-04-21 16:39:00,1,180.1,231,231,1,At Risk,0.9685901882170728
12623.0,2011-03-08 13:50:00,2011-03-08 13:50:00,1,305.1,275,275,1,At Risk,0.9563934795531087
12624.0,2011-08-25 15:04:00,2011-06-15 12:34:00,2,641.13,177,105,1,At Risk,0.4547488720379633
12625.0,2011-05-12 09:54:00,2011-01-24 13:27:00,2,2683.82,318,211,1,At Risk,0.42562763528810044
12626.0,2011-11-16 16:06:00,2011-01-17 11:01:00,9,6620.4800000000005,326,22,0,Loyal Customers,0.04977160973443448
12627.0,2011-11-29 12:07:00,2011-07-22 13:59:00,7,4478.53,139,10,0,Champions,0.05315994448407843
12628.0,2011-12-05 13:15:00,2011-10-06 09:28:00,3,786.46,64,3,0,Potential Loyalist,0.026089470898577827
12630.0,2011-11-30 10:48:00,2011-10-27 10:41:00,2,1270.88,43,9,0,Potential Loyalist,0.02609658006039086
12631.0,2011-10-13 13:53:00,2011-10-13 13:53:00,1,640.5,56,56,0,Others,0.02285710040187619
12633.0,2011-10-12 11:40:00,2011-02-25 08:44:00,4,2163.98,287,58,0,Others,0.1868218881850743
12635.0,2011-09-11 11:04:00,2011-07-08 08:43:00,2,1689.18,154,89,0,At Risk,0.3493612043687332
12637.0,2011-10-03 13:46:00,2011-01-20 10:47:00,8,6021.9,323,66,0,Others,0.05393048888490581
12638.0,2011-11-06 13:11:00,2011-11-06 13:11:00,1,671.69,32,32,0,Potential Loyalist,0.015711300167577276
12639.0,2011-04-15 12:48:00,2011-04-15 12:48:00,1,486.1,238,238,1,At Risk,0.928696204532389
12640.0,2011-11-16 11:52:00,2011-09-19 12:01:00,3,1174.58,81,23,0,Potential Loyalist,0.025926100718633584
12641.0,2011-08-16 13:26:00,2011-08-16 13:26:00,1,185.9,114,114,1,At Risk,0.9628887741525254
12642.0,2011-11-14 15:03:00,2011-08-24 09:23:00,3,1013.26,107,24,0,Potential Loyalist,0.14463088981625366
12643.0,2011-08-03 12:56:00,2011-01-11 11:48:00,6,3344.64,332,127,1,At Risk,0.10037470778583281
12644.0,2011-08-02 10:33:00,2011-08-02 10:33:00,1,477.91,129,129,1,At Risk,0.9169521888758555
12645.0,2011-11-06 12:38:00,2011-01-27 13:08:00,4,1775.18,315,33,0,Others,0.17829905056992487
12646.0,2011-12-05 10:14:00,2011-10-21 12:52:00,2,1346.97,48,4,0,Potential Loyalist,0.025695853886086684
12647.0,2011-11-17 12:56:00,2010-12-05 14:02:00,12,3722.82,368,21,0,Loyal Customers,0.05409480829342202
12648.0,2011-07-08 11:55:00,2011-07-08 11:55:00,1,318.05,154,154,1,At Risk,0.9338103635568474
12649.0,2011-08-24 14:41:00,2011-05-11 14:37:00,3,623.51,211,106,1,At Risk,0.37462184077576066
12650.0,2011-12-06 16:34:00,2011-12-06 16:34:00,1,314.44,2,2,0,Potential Loyalist,0.02859749729717051
12651.0,2011-01-09 12:46:00,2011-01-09 12:46:00,1,114.0,334,334,1,At Risk,0.9747611384213032
12652.0,2011-01-12 15:00:00,2011-01-12 15:00:00,1,919.98,330,330,1,At Risk,0.8312427615315516
12653.0,2011-07-14 10:41:00,2011-02-16 10:53:00,2,2209.85,296,148,1,At Risk,0.4293611253974236
12654.0,2011-11-29 10:10:00,2011-02-17 13:16:00,5,601.98,294,10,0,Loyal Customers,0.28781789566652277
12656.0,2011-11-22 13:42:00,2011-04-20 09:20:00,5,4051.17,233,16,0,Loyal Customers,0.06591081442112691
12657.0,2011-11-28 15:47:00,2011-09-22 11:40:00,4,1643.18,78,10,0,Loyal Customers,0.030621136150746606
12658.0,2011-11-21 10:22:00,2011-11-21 10:22:00,1,686.05,18,18,0,Potential Loyalist,0.015256754713031822
12659.0,2011-11-10 11:53:00,2011-11-10 11:53:00,1,91.68,29,29,0,Potential Loyalist,0.020157316051306978
12660.0,2011-11-28 13:26:00,2011-11-28 13:26:00,1,245.1,10,10,0,Potential Loyalist,0.028778147854021198
12662.0,2011-12-09 11:59:00,2010-12-01 13:04:00,11,3849.78,372,0,0,Champions,0.04720065669291716
12664.0,2011-12-01 17:07:00,2011-01-21 11:42:00,9,4881.88,322,7,0,Champions,0.05716217027900876
12665.0,2011-01-19 08:34:00,2011-01-19 08:34:00,1,63.0,324,324,1,At Risk,0.9832327947212255
12667.0,2011-10-12 17:00:00,2011-10-12 17:00:00,1,620.13,57,57,0,Others,0.03225692367866597
12668.0,2011-11-28 10:56:00,2010-12-19 12:46:00,4,3807.15,355,11,0,Loyal Customers,0.15325578830128755
12669.0,2011-07-12 09:54:00,2011-03-28 10:15:00,3,2744.03,256,150,1,At Risk,0.31214226191291844
12670.0,2011-11-29 15:23:00,2011-04-21 10:16:00,5,2996.05,232,9,0,Loyal Customers,0.08126822703825308
12672.0,2011-01-14 09:20:00,2011-01-14 09:20:00,1,225.9,329,329,1,At Risk,0.9604961643386964
12673.0,2011-12-04 13:55:00,2011-01-17 11:46:00,2,610.52,326,4,0,Potential Loyalist,0.49831784939037255
12674.0,2011-11-01 12:12:00,2011-05-16 09:10:00,4,1970.6,207,38,0,Others,0.09655645257277667
12676.0,2011-11-15 12:25:00,2011-02-01 15:41:00,6,1331.39,310,24,0,Loyal Customers,0.12796856193774298
12678.0,2011-10-28 13:04:00,2010-12-21 11:00:00,12,17628.46,353,41,0,Others,0.03943686264743151
12679.0,2011-10-12 12:30:00,2011-03-01 12:26:00,4,1113.02,283,58,0,Others,0.21617435225876083
12680.0,2011-12-09 12:50:00,2011-08-18 15:44:00,4,862.81,112,0,0,Loyal Customers,0.09610756205825571
12681.0,2011-11-25 11:33:00,2010-12-07 10:08:00,22,13787.54,367,14,0,Loyal Customers,0.017629448155360074
12682.0,2011-12-06 10:00:00,2010-12-03 13:59:00,31,12288.22,370,3,0,Champions,0.017776524548690185
12683.0,2011-12-05 16:31:00,2010-12-09 10:37:00,15,8476.57,365,3,0,Champions,0.019322786467150178
12684.0,2011-12-02 09:53:00,2011-05-10 12:55:00,7,2283.63,212,7,0,Champions,0.06065751310077335
12685.0,2011-11-11 13:46:00,2011-09-07 10:28:00,6,2863.08,93,27,0,Loyal Customers,0.04677582257002372
12686.0,2010-12-03 09:51:00,2010-12-03 09:51:00,1,89.14,371,371,1,At Risk,0.9774188073553916
12688.0,2011-08-18 08:49:00,2011-08-18 08:49:00,1,4873.81,113,113,1,At Risk,0.8086235627074828
12689.0,2011-11-14 08:31:00,2011-08-04 10:04:00,2,1247.61,127,25,0,Potential Loyalist,0.23441608689071355
12690.0,2011-05-18 09:09:00,2011-05-18 09:09:00,1,389.01,205,205,1,At Risk,0.9221448370422568
12691.0,2011-11-11 16:49:00,2010-12-17 14:46:00,6,1035.8,356,27,0,Loyal Customers,0.16229595429948826
12693.0,2011-08-04 17:51:00,2011-01-24 12:58:00,4,855.91,318,126,1,At Risk,0.22474557795118721
12694.0,2011-09-30 13:06:00,2011-06-09 17:48:00,2,869.67,182,69,0,Others,0.36668795979108615
12695.0,2011-12-02 13:22:00,2011-05-13 13:15:00,4,582.1,209,6,0,Loyal Customers,0.31653795602987295
12697.0,2011-11-11 08:47:00,2011-06-23 15:44:00,3,957.59,168,28,0,Potential Loyalist,0.19508238970255343
12700.0,2011-12-02 10:47:00,2011-05-08 16:10:00,4,4939.99,214,7,0,Loyal Customers,0.08913923744504344
12701.0,2011-09-21 10:47:00,2011-04-11 13:02:00,2,797.71,241,79,0,At Risk,0.44779626561406966
12702.0,2011-11-20 10:36:00,2011-11-20 10:36:00,1,219.0,19,19,0,Potential Loyalist,0.02017325664579854
12703.0,2011-09-29 17:52:00,2011-09-29 17:52:00,1,283.55,70,70,0,Others,0.02783295172322777
12704.0,2011-12-02 13:15:00,2011-06-23 10:20:00,8,2340.84,169,6,0,Champions,0.05349998071248021
12705.0,2011-11-24 13:17:00,2010-12-17 15:58:00,9,6868.29,356,14,0,Loyal Customers,0.06030733227792898
12707.0,2011-02-21 08:38:00,2011-02-21 08:38:00,1,603.42,291,291,1,At Risk,0.9041589623891926
12708.0,2011-11-10 09:52:00,2010-12-06 10:43:00,10,2712.91,368,29,0,Loyal Customers,0.04329529367878484
12709.0,2011-11-24 15:38:00,2010-12-08 09:49:00,15,9736.52,366,14,0,Loyal Customers,0.016987246573987924
12710.0,2011-09-04 12:00:00,2011-05-22 14:05:00,3,1149.02,200,96,1,At Risk,0.2184746055909403
12712.0,2011-11-11 08:19:00,2010-12-03 14:30:00,13,4396.13,370,28,0,Loyal Customers,0.026681936516719514
12713.0,2011-12-09 12:16:00,2011-12-09 12:16:00,1,848.55,0,0,0,Potential Loyalist,0.023710476049576382
12714.0,2011-11-30 15:43:00,2011-02-18 10:53:00,5,4708.86,294,8,0,Loyal Customers,0.0681873486298637
12715.0,2011-08-25 15:22:00,2011-08-25 15:22:00,1,353.86,105,105,1,At Risk,0.9286890416524707
12716.0,2011-12-06 08:55:00,2011-07-29 13:28:00,2,1053.49,132,3,0,Potential Loyalist,0.2916334827087017
12717.0,2011-07-11 14:47:00,2011-04-08 10:32:00,2,1030.98,245,150,1,At Risk,0.4772822685074043
12718.0,2011-09-29 16:38:00,2011-09-29 16:38:00,1,238.25,70,70,0,Others,0.028778147854021198
12719.0,2011-12-04 13:45:00,2011-10-05 14:50:00,2,644.95,64,4,0,Potential Loyalist,0.038203100979739744
12720.0,2011-12-07 08:03:00,2010-12-05 15:21:00,25,5781.7300000000005,368,2,0,Champions,0.02034534265742652
12721.0,2011-11-08 12:13:00,2010-12-20 11:38:00,6,2656.13,354,31,0,Loyal Customers,0.096499376883007
12722.0,2011-09-15 14:50:00,2011-07-12 11:55:00,4,997.63,150,84,0,At Risk,0.11172350777511886
12723.0,2011-12-06 10:19:00,2011-10-05 15:52:00,5,725.07,64,3,0,Loyal Customers,0.030583470324210188
12724.0,2011-12-04 16:02:00,2011-01-11 15:00:00,4,1031.41,331,4,0,Loyal Customers,0.21906587310375122
12725.0,2010-12-03 15:45:00,2010-12-03 15:45:00,1,427.8,370,370,1,At Risk,0.9352920108357884
12726.0,2011-11-11 13:35:00,2010-12-17 12:56:00,7,2609.1,356,27,0,Loyal Customers,0.06975909336463752
12727.0,2011-11-29 11:46:00,2011-01-23 15:17:00,7,3980.7,319,10,0,Champions,0.054977485199915826
12728.0,2011-09-29 15:31:00,2011-01-11 13:31:00,4,836.33,331,70,0,Others,0.22399425817105534
12729.0,2011-08-18 11:40:00,2011-08-18 11:40:00,1,453.01,113,113,1,At Risk,0.9125070514473863
12731.0,2011-11-16 11:59:00,2010-12-10 10:56:00,12,18895.91,364,23,0,Loyal Customers,0.027938636899104183
12732.0,2011-06-13 11:33:00,2011-06-13 11:33:00,1,236.26,179,179,1,At Risk,0.9330751866828975
12733.0,2011-04-19 16:19:00,2011-04-19 16:19:00,1,383.95,233,233,1,At Risk,0.9436123336774016
12734.0,2010-12-22 12:47:00,2010-12-22 12:47:00,1,110.4,352,352,1,At Risk,0.9657692769331182
12735.0,2011-01-28 13:37:00,2011-01-06 14:26:00,2,779.5699999999999,336,314,1,At Risk,0.4988547003055399
12736.0,2011-01-11 07:57:00,2011-01-11 07:57:00,1,234.0,332,332,1,At Risk,0.9610006338752761
12738.0,2010-12-02 18:27:00,2010-12-02 18:27:00,1,155.35,371,371,1,At Risk,0.9638357123404956
12739.0,2011-09-22 13:00:00,2011-09-01 17:45:00,2,1013.04,98,77,0,At Risk,0.14456486604688878
12740.0,2011-10-07 10:44:00,2011-10-07 10:44:00,1,427.6,63,63,0,Others,0.026624879946532024
12743.0,2011-07-28 16:21:00,2011-07-28 16:06:00,2,546.43,133,133,1,At Risk,0.4000945460981676
12744.0,2011-10-19 11:18:00,2011-01-25 13:26:00,7,21279.29,317,51,0,Others,0.05961147066955412
12747.0,2011-12-07 14:34:00,2010-12-05 15:38:00,11,4196.01,368,1,0,Champions,0.029845112443333585
12748.0,2011-12-09 12:20:00,2010-12-01 12:48:00,209,33719.73,373,0,0,Champions,0.03668304281721015
12749.0,2011-12-06 09:56:00,2011-05-10 15:25:00,5,4090.88,212,3,0,Loyal Customers,0.058503321746846984
12750.0,2011-08-03 09:13:00,2011-08-03 09:13:00,1,275.88,128,128,1,At Risk,0.9365961567036172
12752.0,2011-09-19 13:32:00,2011-09-19 13:32:00,1,4366.78,80,80,0,At Risk,0.029781584391593535
12753.0,2011-11-17 10:52:00,2010-12-12 11:44:00,6,21429.39,362,22,0,Loyal Customers,0.07261921152777567
12754.0,2011-04-18 09:00:00,2011-02-04 10:31:00,3,3010.74,308,235,1,At Risk,0.34928123515142157
12755.0,2011-03-04 12:42:00,2010-12-09 10:44:00,2,3811.95,365,280,1,At Risk,0.45296966650322923
12756.0,2011-09-14 09:31:00,2011-09-14 09:31:00,1,112.08,86,86,0,At Risk,0.06086700817854579
12757.0,2011-11-24 12:30:00,2011-05-12 19:01:00,13,7857.1,210,15,0,Loyal Customers,0.04435594297525988
12758.0,2011-08-15 10:22:00,2011-03-08 12:05:00,2,2791.59,276,116,1,At Risk,0.42342261456619457
12759.0,2011-10-18 14:49:00,2011-03-09 08:09:00,3,1531.44,275,51,0,Others,0.33450143532569504
12762.0,2011-12-02 10:23:00,2011-11-14 14:23:00,2,1898.52,24,7,0,Potential Loyalist,0.03021253723454135
12763.0,2011-07-24 14:12:00,2010-12-05 15:46:00,2,494.08,368,137,1,At Risk,0.5114263192690778
12764.0,2011-01-27 10:19:00,2011-01-27 10:19:00,1,1693.88,316,316,1,At Risk,0.8400995439973066
12766.0,2011-12-06 08:46:00,2010-12-08 13:53:00,7,6989.63,365,3,0,Champions,0.046576363628257685
12769.0,2011-04-15 10:25:00,2011-04-15 10:25:00,1,1143.6,238,238,1,At Risk,0.8357681736812402
12770.0,2011-05-13 09:33:00,2011-05-13 09:33:00,1,1351.45,210,210,1,At Risk,0.8009949089809212
12772.0,2011-10-11 09:19:00,2011-10-11 09:19:00,1,892.47,59,59,0,Others,0.023070941165855455
12775.0,2011-11-22 16:33:00,2011-02-01 13:45:00,5,1386.04,310,16,0,Loyal Customers,0.13534252987661272
12778.0,2011-11-20 11:30:00,2011-01-31 14:35:00,6,822.23,311,19,0,Loyal Customers,0.1866737835493599
12779.0,2011-11-02 11:43:00,2010-12-03 13:40:00,8,3981.36,370,37,0,Others,0.04597661956640244
12781.0,2011-10-07 10:37:00,2011-02-28 08:43:00,2,826.74,284,63,0,Others,0.4609079861493048
12782.0,2011-12-05 09:16:00,2010-12-17 11:30:00,5,2330.92,357,4,0,Loyal Customers,0.10557510874013257
12783.0,2011-12-07 15:56:00,2011-09-25 15:35:00,6,2225.91,74,1,0,Champions,0.02292963131131926
12784.0,2011-11-30 15:38:00,2011-11-24 12:53:00,2,574.42,14,8,0,Potential Loyalist,0.02482166790282846
12785.0,2010-12-10 13:48:00,2010-12-10 13:48:00,1,311.95,363,363,1,At Risk,0.9582285157580023
12787.0,2011-11-30 08:44:00,2011-05-31 09:36:00,3,463.66,192,9,0,Potential Loyalist,0.3716281222949204
12789.0,2011-10-05 13:34:00,2011-10-05 13:34:00,1,91.85,64,64,0,Others,0.020157316051306978
12790.0,2011-05-31 14:14:00,2011-05-31 14:14:00,1,324.92,191,191,1,At Risk,0.9425733240091695
12791.0,2010-12-01 11:27:00,2010-12-01 11:27:00,1,192.6,373,373,1,At Risk,0.9634777722364412
12792.0,2011-03-28 11:36:00,2011-03-28 11:36:00,1,400.54,256,256,1,At Risk,0.9363002837094732
12793.0,2011-01-09 12:12:00,2010-12-03 15:14:00,2,545.48,370,334,1,At Risk,0.5111366391560157
12794.0,2011-10-17 14:54:00,2011-09-02 12:01:00,2,860.41,98,52,0,Others,0.14786495657478532
12795.0,2011-11-21 10:27:00,2011-11-21 10:27:00,1,430.48,18,18,0,Potential Loyalist,0.025664191985844062
12797.0,2010-12-09 10:55:00,2010-12-09 10:55:00,1,254.03,365,365,1,At Risk,0.9561865896323397
12798.0,2011-11-29 15:52:00,2011-06-22 10:11:00,3,6977.04,170,9,0,Potential Loyalist,0.18333395447592415
12802.0,2011-06-06 09:36:00,2011-06-06 09:36:00,1,427.58,186,186,1,At Risk,0.9179157254314119
12808.0,2011-11-03 10:05:00,2010-12-06 10:27:00,3,483.65,368,36,0,Others,0.4569763561286855
12809.0,2011-06-15 10:51:00,2011-06-15 10:51:00,1,489.31,177,177,1,At Risk,0.9140898331459297
12811.0,2011-03-24 09:42:00,2011-02-28 15:39:00,3,514.85,283,260,1,At Risk,0.4430192987814393
12812.0,2011-10-26 09:54:00,2011-10-26 09:54:00,1,229.64,44,44,0,Others,0.030519770428977105
12814.0,2011-08-30 12:11:00,2011-08-30 12:11:00,1,125.92,101,101,1,At Risk,0.9619808312256345
12815.0,2011-07-15 10:21:00,2011-05-25 13:34:00,2,1063.46,197,147,1,At Risk,0.3729992467462979
12816.0,2011-09-05 12:41:00,2011-06-16 13:24:00,2,572.2,175,95,1,At Risk,0.4314433007423345
12817.0,2011-03-03 16:28:00,2011-03-03 16:28:00,1,166.04000000000002,280,280,1,At Risk,0.9610387387311932
12818.0,2011-03-23 12:06:00,2011-03-23 12:06:00,1,1542.08,261,261,1,At Risk,0.8265681054177905
12820.0,2011-12-06 15:12:00,2011-01-17 12:34:00,4,942.34,326,2,0,Loyal Customers,0.21815027825616376
12821.0,2011-05-09 15:51:00,2011-05-09 15:51:00,1,92.72,213,213,1,At Risk,0.9743793607514576
12822.0,2011-09-30 10:04:00,2011-09-13 13:46:00,2,948.88,86,70,0,Others,0.023692652126466235
12823.0,2011-09-26 07:35:00,2011-02-16 12:15:00,5,1759.5,296,74,0,At Risk,0.1113150215960977
12824.0,2011-10-11 12:49:00,2011-10-11 12:49:00,1,397.12,59,59,0,Others,0.0323679106966485
12826.0,2011-12-07 10:25:00,2010-12-09 15:21:00,7,1474.72,364,2,0,Loyal Customers,0.09673412948503261
12827.0,2011-12-04 12:17:00,2011-10-26 15:44:00,3,430.15,43,5,0,Potential Loyalist,0.04462550128669568
12828.0,2011-12-07 08:45:00,2011-08-01 16:16:00,6,1018.71,129,2,0,Loyal Customers,0.10260904170246293
12829.0,2011-01-07 11:13:00,2010-12-14 14:54:00,2,293.0,359,336,1,At Risk,0.6031996640037891
12830.0,2011-11-02 11:54:00,2011-06-21 10:53:00,6,6814.64,171,37,0,Others,0.05949976644063739
12831.0,2011-03-22 13:02:00,2011-03-22 13:02:00,1,215.05,261,261,1,At Risk,0.941508348453402
12832.0,2011-11-07 13:30:00,2011-09-02 13:48:00,2,383.03,97,31,0,Potential Loyalist,0.22286842847658075
12833.0,2011-07-17 13:46:00,2011-07-17 13:46:00,1,417.38,144,144,1,At Risk,0.914028107056476
12834.0,2011-03-02 09:49:00,2011-03-02 09:49:00,1,312.38,282,282,1,At Risk,0.9550825133367258
12836.0,2011-10-11 15:10:00,2011-02-01 11:19:00,4,2612.86,311,58,0,Others,0.16264840236430397
12837.0,2011-06-19 16:07:00,2011-06-19 16:07:00,1,134.1,172,172,1,At Risk,0.9681371248931272
12838.0,2011-11-06 12:20:00,2010-12-01 11:57:00,2,683.13,373,33,0,Others,0.509314129332751
12839.0,2011-12-07 12:33:00,2010-12-07 15:48:00,14,5591.42,366,2,0,Champions,0.020072597841007376
12840.0,2011-07-19 09:29:00,2011-04-27 12:21:00,4,2726.77,226,143,1,At Risk,0.14241492379499612
12841.0,2011-12-05 11:13:00,2010-12-03 10:43:00,25,4022.35,371,4,0,Champions,0.021490206725892684
12842.0,2011-09-30 15:33:00,2011-02-04 12:36:00,2,1118.99,308,69,0,Others,0.48791950000168927
12843.0,2011-10-05 12:09:00,2011-03-20 14:38:00,8,1702.26,263,65,0,Others,0.09169765335208896
12844.0,2011-11-10 13:31:00,2011-08-01 13:11:00,2,325.96000000000004,129,28,0,Potential Loyalist,0.3467901185005764
12845.0,2011-03-17 13:34:00,2011-02-22 14:10:00,4,354.09000000000003,289,266,1,At Risk,0.4443787103537665
12847.0,2011-11-17 13:16:00,2011-11-17 13:16:00,1,871.54,21,21,0,Potential Loyalist,0.023070941165855455
12849.0,2011-11-08 13:41:00,2011-03-16 12:26:00,2,1050.89,268,30,0,Potential Loyalist,0.47416045157537445
12851.0,2011-09-04 12:41:00,2011-09-04 12:41:00,1,135.18,96,96,1,At Risk,0.9630113931133413
12852.0,2011-02-18 08:47:00,2011-02-18 08:47:00,1,311.55,294,294,1,At Risk,0.9519565375601838
12853.0,2011-07-28 11:29:00,2011-01-28 10:28:00,6,1957.1,315,134,1,At Risk,0.10839829631826176
12854.0,2011-09-22 12:15:00,2011-01-25 13:35:00,3,1324.5,317,78,0,At Risk,0.3484433303202375
12855.0,2010-12-02 09:37:00,2010-12-02 09:37:00,1,38.1,372,372,1,At Risk,0.9788989906283082
12856.0,2011-12-02 10:52:00,2011-10-07 12:38:00,6,2179.93,63,7,0,Champions,0.02329147341658242
12857.0,2011-05-13 10:20:00,2011-02-10 12:32:00,2,1106.4,302,210,1,At Risk,0.496504886824253
12863.0,2011-10-18 14:15:00,2011-10-18 14:15:00,1,521.2,51,51,0,Others,0.028966704594452455
12864.0,2011-07-24 13:03:00,2011-07-24 13:03:00,1,147.12,137,137,1,At Risk,0.9622384921832972
12865.0,2011-11-13 14:31:00,2011-08-08 10:11:00,2,1568.23,123,25,0,Potential Loyalist,0.260214320146062
12866.0,2011-03-01 14:11:00,2011-03-01 14:11:00,1,559.12,282,282,1,At Risk,0.9219203399866468
12867.0,2011-11-13 15:30:00,2010-12-14 16:39:00,7,4036.82,359,25,0,Loyal Customers,0.054873045064971565
12868.0,2011-06-07 10:42:00,2010-12-01 12:50:00,6,1607.0600000000002,373,185,1,At Risk,0.40348104125295897
12871.0,2011-09-16 15:07:00,2011-05-16 13:32:00,2,380.64,206,83,0,At Risk,0.46660908046506555
12872.0,2011-01-17 10:52:00,2010-12-09 14:44:00,2,599.97,364,326,1,At Risk,0.5293370132056492
12873.0,2011-03-02 14:58:00,2011-03-02 14:58:00,1,374.0,281,281,1,At Risk,0.9438240983013165
12875.0,2011-07-19 15:30:00,2010-12-12 12:03:00,2,343.2300000000001,362,142,1,At Risk,0.5935256126737299
12876.0,2011-10-13 12:26:00,2011-05-27 13:34:00,2,2218.02,195,57,0,Others,0.2862732843239429
12877.0,2011-12-06 10:30:00,2010-12-16 12:23:00,12,1535.77,358,3,0,Loyal Customers,0.09147003818004867
12878.0,2011-04-17 13:07:00,2011-03-18 14:02:00,2,854.99,265,235,1,At Risk,0.47245366623230356
12879.0,2011-10-26 12:24:00,2011-09-09 12:11:00,3,573.22,91,44,0,Others,0.027016187789422642
12881.0,2011-03-09 11:44:00,2011-03-09 11:44:00,1,298.0,275,275,1,At Risk,0.9556289339791659
12882.0,2011-11-30 16:18:00,2011-11-06 11:22:00,2,1463.04,33,8,0,Potential Loyalist,0.030909755517898752
12883.0,2011-11-15 09:32:00,2011-09-11 15:18:00,4,703.47,88,24,0,Loyal Customers,0.02563206808853631
12884.0,2011-09-12 13:10:00,2011-09-12 13:10:00,1,309.05,87,87,0,At Risk,0.02859749729717051
12885.0,2011-10-07 13:40:00,2011-08-08 11:45:00,3,1175.22,123,62,0,Others,0.12009751598825502
12886.0,2011-10-03 10:09:00,2011-05-04 11:21:00,2,1378.4,219,67,0,Others,0.36138389266918325
12888.0,2011-05-09 16:02:00,2011-03-29 14:31:00,2,354.12,254,213,1,At Risk,0.5512799022874976
12890.0,2011-11-15 17:26:00,2011-11-15 17:26:00,1,380.47,23,23,0,Potential Loyalist,0.030681603579566636
12891.0,2011-06-07 12:31:00,2011-02-20 11:28:00,3,331.0,292,185,1,At Risk,0.5321819302947942
12893.0,2011-11-09 12:34:00,2011-11-09 12:34:00,1,188.14,30,30,0,Potential Loyalist,0.03188282808486599
12895.0,2011-10-28 13:51:00,2011-09-14 08:35:00,2,372.8,86,41,0,Others,0.022353020124685433
12897.0,2011-05-19 12:13:00,2011-02-11 11:40:00,2,216.5,301,204,1,At Risk,0.5321144268567636
12901.0,2011-12-01 10:07:00,2011-03-14 10:41:00,28,17654.54,270,8,0,Champions,0.03591845051915961
12902.0,2011-03-20 12:06:00,2011-03-20 12:06:00,1,138.68,264,264,1,At Risk,0.9676798539037107
12904.0,2011-11-21 14:34:00,2011-06-20 13:18:00,2,509.58,171,17,0,Potential Loyalist,0.41449233154878123
12906.0,2011-11-28 09:55:00,2011-09-22 15:03:00,5,2919.81,77,11,0,Loyal Customers,0.020938445445408814
12908.0,2011-06-16 15:39:00,2011-01-31 12:37:00,2,750.0,312,175,1,At Risk,0.5174414422859371
12909.0,2011-10-31 12:43:00,2011-03-31 12:51:00,5,2178.67,252,39,0,Others,0.10180830721194876
12910.0,2011-11-16 14:28:00,2011-04-12 10:01:00,8,3075.04,241,22,0,Loyal Customers,0.06963612363147102
12912.0,2011-12-07 08:55:00,2011-10-30 11:35:00,5,1662.3,40,2,0,Loyal Customers,0.024179638899422425
12913.0,2011-12-05 12:11:00,2010-12-06 16:36:00,5,2483.63,367,4,0,Loyal Customers,0.08917931060040953
12915.0,2011-07-14 11:34:00,2010-12-02 12:33:00,2,363.65,372,148,1,At Risk,0.573967012954276
12916.0,2011-07-24 10:35:00,2011-01-23 10:43:00,4,3006.15,320,138,1,At Risk,0.17439478026316177
12917.0,2011-08-03 16:42:00,2011-08-03 16:42:00,1,594.0,127,127,1,At Risk,0.9089911832051734
12919.0,2011-12-01 13:47:00,2011-06-23 09:22:00,6,1335.19,169,7,0,Loyal Customers,0.07100385899421437
12920.0,2011-11-22 15:05:00,2011-11-22 15:05:00,1,164.23,16,16,0,Potential Loyalist,0.0294526834648491
12921.0,2011-11-30 16:22:00,2010-12-01 15:06:00,37,16587.09,372,8,0,Champions,0.02854865300791972
12922.0,2011-07-01 15:35:00,2011-07-01 15:35:00,1,405.38,160,160,1,At Risk,0.9142420434946095
12923.0,2011-10-06 16:20:00,2011-10-06 16:20:00,1,176.97,63,63,0,Others,0.03193688744739031
12924.0,2011-09-12 13:55:00,2011-01-16 11:49:00,4,933.7,327,87,0,At Risk,0.22270711936851362
12925.0,2011-12-05 11:11:00,2011-09-26 11:05:00,2,694.05,74,4,0,Potential Loyalist,0.023001527634191627
12928.0,2011-11-04 14:24:00,2010-12-15 15:45:00,5,2062.7,358,34,0,Others,0.12658575408200134
12929.0,2011-02-01 12:08:00,2011-02-01 12:08:00,1,117.85,311,311,1,At Risk,0.9707099351220353
12930.0,2011-09-22 15:18:00,2011-06-21 13:25:00,2,415.8,170,77,0,At Risk,0.41511488709393773
12931.0,2011-11-18 12:39:00,2010-12-17 09:45:00,15,42055.96,357,21,0,Loyal Customers,0.03327226975226187
12933.0,2011-11-15 16:38:00,2011-03-01 11:30:00,3,607.53,283,23,0,Potential Loyalist,0.4096447392715359
12935.0,2011-12-07 17:25:00,2011-01-24 13:58:00,7,2160.7,318,1,0,Champions,0.0794765308135553
12936.0,2011-11-22 17:32:00,2011-09-22 13:51:00,4,1063.9,77,16,0,Loyal Customers,0.024375710272662547
12937.0,2011-11-24 15:05:00,2011-03-17 14:19:00,4,1504.27,266,14,0,Loyal Customers,0.20018407052767617
12938.0,2011-11-14 11:21:00,2011-11-14 11:21:00,1,114.14,25,25,0,Potential Loyalist,0.03111953343107105
12939.0,2011-10-06 14:33:00,2011-01-09 11:20:00,8,11581.8,334,63,0,Others,0.060771779457270456
12940.0,2011-10-16 12:09:00,2011-09-13 10:16:00,2,913.54,87,54,0,Others,0.022334653241293436
12942.0,2011-07-31 14:39:00,2010-12-09 09:34:00,3,683.9,365,130,1,At Risk,0.43591261171028506
12944.0,2011-11-04 11:04:00,2010-12-20 10:41:00,2,604.51,354,35,0,Others,0.5201344095363625
12945.0,2011-02-24 14:15:00,2011-02-24 14:15:00,1,462.95,287,287,1,At Risk,0.9345033903428187
12947.0,2011-07-19 10:06:00,2010-12-01 16:21:00,6,1603.99,372,143,1,At Risk,0.35090618377943417
12948.0,2011-11-23 17:10:00,2011-03-20 10:17:00,7,2064.95,264,15,0,Loyal Customers,0.07386637475588351
12949.0,2011-11-09 11:25:00,2011-04-01 13:20:00,8,4167.22,251,30,0,Loyal Customers,0.05747172530493639
12950.0,2011-12-07 13:17:00,2011-11-15 13:48:00,3,1843.0,23,1,0,Potential Loyalist,0.021006918707699333
12951.0,2011-12-01 12:14:00,2011-01-13 10:33:00,6,1064.07,330,8,0,Loyal Customers,0.16587995495826305
12952.0,2011-12-04 10:35:00,2011-09-22 16:37:00,4,1387.79,77,5,0,Loyal Customers,0.02502966643084787
12953.0,2011-11-30 09:24:00,2011-11-30 09:24:00,1,329.85,9,9,0,Potential Loyalist,0.02859749729717051
12955.0,2011-12-08 16:29:00,2011-03-17 09:03:00,11,4757.16,267,0,0,Champions,0.04033844728992483
12956.0,2011-02-06 16:08:00,2011-02-06 16:08:00,1,108.07,305,305,1,At Risk,0.96955992754982
12957.0,2011-11-30 09:53:00,2011-01-04 12:18:00,8,4017.54,339,9,0,Champions,0.05902950383184951
12962.0,2011-12-02 15:55:00,2011-08-18 13:38:00,2,266.39,112,6,0,Potential Loyalist,0.27794137170071226
12963.0,2011-12-01 12:55:00,2010-12-09 09:14:00,8,1856.63,365,7,0,Loyal Customers,0.07715078694192837
12965.0,2011-09-11 15:31:00,2011-09-11 15:31:00,1,771.91,88,88,0,At Risk,0.020769299578988147
12966.0,2011-11-30 12:38:00,2011-11-30 12:38:00,1,160.18,9,9,0,Potential Loyalist,0.03665690269059943
12967.0,2010-12-16 19:10:00,2010-12-03 09:49:00,2,1660.9,371,357,1,At Risk,0.5021170681349093
12968.0,2011-08-19 15:44:00,2011-08-19 15:44:00,1,135.95,111,111,1,At Risk,0.9664441868056689
12970.0,2011-12-02 14:30:00,2011-01-21 14:04:00,4,452.24,321,6,0,Loyal Customers,0.41810692924505305
12971.0,2011-12-06 12:20:00,2010-12-02 16:42:00,86,11189.91,371,3,0,Champions,0.01885437689215307
12974.0,2011-05-26 09:33:00,2011-05-26 09:33:00,1,144.8,197,197,1,At Risk,0.9584343802731016
12976.0,2011-05-12 09:55:00,2011-05-12 09:55:00,1,738.6,211,211,1,At Risk,0.8092832168730901
12977.0,2011-07-06 16:40:00,2011-07-06 16:40:00,1,39.24,155,155,1,At Risk,0.9780414115536429
12980.0,2011-07-05 09:34:00,2010-12-16 11:36:00,9,7374.900000000001,358,157,1,At Risk,0.07337952054940863
12981.0,2011-11-10 12:00:00,2011-07-29 14:14:00,2,372.22,132,29,0,Potential Loyalist,0.34790776497362086
12982.0,2011-04-11 11:51:00,2011-04-11 11:51:00,1,390.54,242,242,1,At Risk,0.9398765939269559
12984.0,2011-11-21 12:37:00,2011-11-21 12:37:00,1,97.5,18,18,0,Potential Loyalist,0.022209743814190507
12985.0,2011-12-09 10:46:00,2011-11-11 12:44:00,2,1239.38,28,0,0,Potential Loyalist,0.028150452114262915
12987.0,2011-09-27 12:03:00,2011-05-26 12:00:00,2,558.7,197,73,0,At Risk,0.4803436455655439
12988.0,2011-02-20 14:31:00,2011-02-20 14:31:00,1,535.32,291,291,1,At Risk,0.9171442079873617
12989.0,2011-12-06 15:28:00,2010-12-10 13:24:00,15,6924.11,363,2,0,Champions,0.022845542409640242
12990.0,2011-11-08 13:01:00,2011-02-02 15:39:00,3,409.5,309,30,0,Potential Loyalist,0.5380280825670951
12991.0,2011-11-16 15:34:00,2011-08-19 14:39:00,2,503.76,111,22,0,Potential Loyalist,0.2743821677688375
12993.0,2011-11-16 15:49:00,2011-02-14 14:29:00,4,414.76,297,22,0,Loyal Customers,0.4086579381745188
12994.0,2011-12-05 15:43:00,2011-03-16 08:31:00,3,974.42,268,3,0,Potential Loyalist,0.359308167237686
12995.0,2011-09-15 15:44:00,2011-09-15 15:44:00,1,211.32,84,84,0,At Risk,0.02017325664579854
12997.0,2011-11-17 15:47:00,2011-01-26 15:49:00,4,1226.89,316,21,0,Loyal Customers,0.20702948857172873
12999.0,2011-05-27 13:24:00,2011-04-08 10:26:00,3,455.88,245,195,1,At Risk,0.555401569154371
13000.0,2011-08-25 10:43:00,2010-12-10 10:26:00,3,534.85,364,106,1,At Risk,0.48918749422439695
13001.0,2011-12-05 14:51:00,2011-01-17 12:45:00,13,9818.82,326,3,0,Champions,0.029616027630740636
13002.0,2011-01-25 15:18:00,2011-01-25 15:18:00,1,120.95,317,317,1,At Risk,0.9676822859818839
13003.0,2011-08-26 10:50:00,2011-05-09 08:23:00,3,149.05,214,105,1,At Risk,0.591146755422082
13004.0,2011-11-28 11:27:00,2010-12-17 08:20:00,18,5655.91,357,11,0,Champions,0.033807156157359304
13005.0,2011-06-19 10:53:00,2011-04-07 13:32:00,2,513.7,245,173,1,At Risk,0.5151900577357719
13006.0,2011-10-14 13:49:00,2011-10-14 13:49:00,1,81.57,55,55,0,Others,0.02699752339861371
13008.0,2011-01-20 14:24:00,2011-01-20 14:24:00,1,229.47,322,322,1,At Risk,0.9582098819671117
13011.0,2010-12-02 17:22:00,2010-12-02 17:22:00,1,50.55,371,371,1,At Risk,0.975042152143944
13012.0,2011-11-30 13:05:00,2011-02-18 09:43:00,8,1661.84,294,8,0,Loyal Customers,0.09153504253353466
13013.0,2011-12-08 15:01:00,2010-12-03 12:28:00,13,4810.9400000000005,371,0,0,Champions,0.026328864526850074
13014.0,2011-11-29 12:27:00,2011-03-03 18:28:00,10,3466.28,280,10,0,Champions,0.05512579590112348
13015.0,2011-10-17 13:19:00,2011-04-04 14:28:00,5,3346.28,248,52,0,Others,0.07635272163839012
13016.0,2011-09-27 14:08:00,2011-08-08 15:00:00,3,789.89,122,72,0,At Risk,0.15750731294553244
13017.0,2011-12-02 15:53:00,2011-12-02 15:53:00,1,204.0,6,6,0,Potential Loyalist,0.046821743705538967
13018.0,2011-11-23 13:28:00,2011-02-17 11:05:00,28,7277.7,295,15,0,Loyal Customers,0.03467473310438722
13021.0,2011-12-05 16:37:00,2010-12-16 10:12:00,9,2616.38,358,3,0,Champions,0.07241558783218224
13023.0,2011-10-06 16:27:00,2011-08-02 09:34:00,2,689.9,129,63,0,Others,0.3130621656539105
13026.0,2011-12-08 16:58:00,2011-03-09 11:35:00,5,975.36,275,0,0,Loyal Customers,0.17075928360402098
13027.0,2011-08-18 09:39:00,2010-12-20 12:45:00,6,6912.0,354,113,1,At Risk,0.089219704272092
13028.0,2011-11-17 11:10:00,2011-10-25 14:09:00,2,661.3199999999999,44,22,0,Potential Loyalist,0.0237707584034224
13029.0,2011-11-09 09:13:00,2010-12-21 13:53:00,3,1247.5,352,30,0,Potential Loyalist,0.33664569010133455
13030.0,2011-11-28 14:30:00,2010-12-06 14:31:00,2,799.48,367,10,0,Potential Loyalist,0.47307693246168114
13032.0,2011-10-18 15:54:00,2011-09-13 16:40:00,2,1010.18,86,51,0,Others,0.025666923912199748
13033.0,2010-12-17 14:23:00,2010-12-17 14:23:00,1,190.55,356,356,1,At Risk,0.968575938386318
13034.0,2011-10-16 12:21:00,2010-12-05 14:52:00,2,642.77,368,54,0,Others,0.5032488608129821
13035.0,2011-09-27 08:57:00,2011-03-24 09:21:00,2,921.88,260,73,0,At Risk,0.48988085760249994
13037.0,2011-07-24 15:46:00,2011-03-28 15:42:00,3,881.07,255,137,1,At Risk,0.3559901278650476
13038.0,2011-09-20 14:37:00,2011-02-22 11:43:00,3,908.46,290,79,0,At Risk,0.3701817323483629
13040.0,2011-12-01 10:38:00,2011-11-06 13:53:00,2,676.99,32,8,0,Potential Loyalist,0.023001527634191627
13043.0,2011-03-11 14:52:00,2011-03-11 14:52:00,1,516.42,272,272,1,At Risk,0.9187826443540199
13044.0,2011-02-21 15:20:00,2011-02-21 15:20:00,1,560.47,290,290,1,At Risk,0.9137472446306267
13045.0,2011-09-01 15:04:00,2011-09-01 15:04:00,1,305.28000000000003,98,98,1,At Risk,0.9213369745895228
13046.0,2011-11-09 08:36:00,2011-03-18 15:43:00,2,629.31,265,30,0,Potential Loyalist,0.5031363299871444
13047.0,2011-11-08 12:06:00,2010-12-01 08:34:00,10,3237.54,373,31,0,Loyal Customers,0.07118802662569736
13048.0,2011-11-25 13:23:00,2011-01-16 14:36:00,4,1835.91,326,13,0,Loyal Customers,0.1764706700581446
13049.0,2011-10-06 15:31:00,2011-01-25 16:33:00,2,656.6800000000001,317,63,0,Others,0.4829960486941288
13050.0,2011-11-25 09:18:00,2010-12-08 09:30:00,17,5836.86,366,14,0,Loyal Customers,0.019544562677941704
13052.0,2011-05-11 14:12:00,2011-05-11 14:12:00,1,348.15000000000003,211,211,1,At Risk,0.9346522862001617
13055.0,2011-09-22 14:26:00,2011-05-10 08:58:00,3,1214.41,213,77,0,At Risk,0.18419122112935632
13058.0,2011-11-15 12:43:00,2011-07-11 12:01:00,3,271.40000000000003,151,24,0,Potential Loyalist,0.31364724905416863
13059.0,2011-04-04 10:40:00,2011-04-04 10:40:00,1,183.4,249,249,1,At Risk,0.9686341282855981
13060.0,2011-03-31 11:37:00,2011-03-31 11:37:00,1,307.53000000000003,253,253,1,At Risk,0.9531252279392036
13061.0,2011-09-28 16:04:00,2011-09-28 16:04:00,1,248.61,71,71,0,Others,0.028778147854021198
13062.0,2011-06-01 15:12:00,2011-06-01 15:12:00,1,346.98,190,190,1,At Risk,0.9347762556051109
13064.0,2011-11-27 12:31:00,2011-01-16 13:41:00,4,1119.49,326,12,0,Loyal Customers,0.21336029684165275
13065.0,2010-12-01 16:52:00,2010-12-01 16:52:00,1,205.86,372,372,1,At Risk,0.9616037620980697
13066.0,2011-11-15 12:57:00,2011-11-07 17:06:00,2,470.8,31,23,0,Potential Loyalist,0.01821640324404797
13067.0,2011-09-18 13:38:00,2011-09-18 13:38:00,1,115.46,81,81,0,At Risk,0.03448123555873063
13068.0,2011-11-29 15:00:00,2011-01-24 08:20:00,2,344.0,319,9,0,Potential Loyalist,0.5596283262386031
13069.0,2011-12-09 08:39:00,2010-12-05 11:02:00,24,4436.12,369,0,0,Champions,0.02157963049685932
13070.0,2011-05-31 13:45:00,2011-05-31 13:45:00,1,228.8,191,191,1,At Risk,0.9456859908812288
13072.0,2011-03-18 08:12:00,2011-03-18 08:12:00,1,177.15,266,266,1,At Risk,0.9637849117891097
13075.0,2011-08-02 10:19:00,2011-08-02 10:19:00,1,919.61,129,129,1,At Risk,0.8170541286658479
13077.0,2011-12-08 19:24:00,2010-12-08 14:59:00,4,729.27,365,0,0,Loyal Customers,0.2915931879148589
13078.0,2011-12-06 15:36:00,2010-12-08 09:07:00,26,12627.94,366,2,0,Champions,0.016576782499840983
13079.0,2011-12-05 16:53:00,2011-07-22 14:41:00,5,220.1,139,3,0,Loyal Customers,0.21257569770195972
13080.0,2011-06-13 14:59:00,2011-06-13 14:59:00,1,58.08,178,178,1,At Risk,0.9719422988103361
13081.0,2011-11-28 10:54:00,2010-12-03 17:20:00,11,28337.38,370,11,0,Champions,0.02854486091102261
13082.0,2011-08-05 16:16:00,2011-01-05 15:42:00,9,3613.63,337,125,1,At Risk,0.09248877458159627
13083.0,2011-12-05 15:01:00,2011-09-25 10:46:00,2,303.75,75,3,0,Potential Loyalist,0.029022721966674436
13085.0,2011-07-05 12:11:00,2011-02-17 13:57:00,2,416.08,294,157,1,At Risk,0.547393102401641
13089.0,2011-12-07 09:02:00,2010-12-05 10:27:00,97,58825.83,369,2,0,Champions,0.019332840624978153
13090.0,2011-12-01 12:39:00,2010-12-02 07:48:00,14,8910.82,372,8,0,Champions,0.027069731105724165
13091.0,2011-11-11 15:54:00,2011-11-11 15:54:00,1,345.82,27,27,0,Potential Loyalist,0.0262465941445572
13092.0,2011-09-30 11:18:00,2010-12-15 12:27:00,5,477.83,359,70,0,Others,0.40794074015608517
13093.0,2011-03-09 12:14:00,2010-12-01 15:00:00,8,7832.47,372,275,1,At Risk,0.13397205195495532
13094.0,2011-11-18 14:07:00,2010-12-06 10:34:00,12,1927.32,368,20,0,Loyal Customers,0.06892685441089935
13095.0,2011-09-30 12:03:00,2011-09-30 12:03:00,1,74.39999999999999,70,70,0,Others,0.027972798123888438
13097.0,2011-11-07 10:43:00,2010-12-14 15:13:00,10,6010.42,359,32,0,Loyal Customers,0.04432066121365729
13098.0,2011-12-08 14:14:00,2011-01-26 13:46:00,28,28882.44,316,0,0,Champions,0.03317914466912598
13099.0,2011-09-01 17:40:00,2011-09-01 17:40:00,1,207.36,98,98,1,At Risk,0.9496569008711152
13101.0,2011-04-19 14:37:00,2011-04-19 14:37:00,1,101.19,233,233,1,At Risk,0.9750247345763284
13102.0,2011-12-08 12:52:00,2010-12-09 13:38:00,24,6424.09,364,0,0,Champions,0.02272047071351446
13103.0,2011-10-31 09:38:00,2011-10-31 09:38:00,1,243.94,39,39,0,Others,0.028778147854021198
13104.0,2011-12-06 13:10:00,2010-12-20 11:58:00,6,1098.48,354,2,0,Loyal Customers,0.15879508306306767
13106.0,2011-07-29 15:12:00,2011-07-29 15:12:00,1,76.5,132,132,1,At Risk,0.9801162874311637
13107.0,2011-10-26 14:52:00,2011-01-10 12:28:00,4,1531.62,333,43,0,Others,0.2037914490147962
13108.0,2010-12-02 10:35:00,2010-12-02 10:35:00,1,350.06,372,372,1,At Risk,0.9443227705595112
13109.0,2011-10-11 10:16:00,2011-07-05 14:56:00,2,786.54,156,59,0,Others,0.3595921900996116
13110.0,2011-11-08 14:30:00,2011-02-01 15:24:00,7,1488.67,310,30,0,Loyal Customers,0.10143898839789124
13113.0,2011-12-09 12:49:00,2010-12-08 13:21:00,24,12245.96,365,0,0,Champions,0.01891232239300324
13115.0,2011-11-28 12:38:00,2011-06-08 16:15:00,4,2294.78,183,11,0,Loyal Customers,0.129463880124968
13116.0,2011-07-24 14:33:00,2011-07-24 14:33:00,1,501.14,137,137,1,At Risk,0.914767000192296
13117.0,2011-11-18 12:02:00,2010-12-02 13:11:00,8,984.91,371,21,0,Loyal Customers,0.1502291992848267
13118.0,2011-11-20 12:46:00,2011-02-24 12:32:00,5,1197.81,288,19,0,Loyal Customers,0.13992817657908194
13120.0,2011-04-15 10:19:00,2011-04-15 10:19:00,1,30.6,238,238,1,At Risk,0.9753415056198571
13121.0,2011-03-15 16:47:00,2011-03-15 16:47:00,1,283.73,268,268,1,At Risk,0.9521771745168851
13122.0,2011-09-06 15:53:00,2011-04-13 14:12:00,2,922.39,239,93,1,At Risk,0.46782013801658967
13124.0,2011-09-11 12:45:00,2010-12-15 15:00:00,3,3866.33,358,89,0,At Risk,0.3231936693385142
13126.0,2011-12-05 10:00:00,2010-12-08 11:42:00,8,2099.64,366,4,0,Champions,0.07705948269876767
13127.0,2011-09-23 10:26:00,2011-09-23 10:26:00,1,259.17,77,77,0,At Risk,0.02783295172322777
13130.0,2011-09-06 15:30:00,2011-09-06 15:30:00,1,64.0,93,93,1,At Risk,0.9424028464744864
13131.0,2011-11-16 13:21:00,2011-06-05 10:54:00,3,1073.3,187,22,0,Potential Loyalist,0.18405091209899938
13132.0,2011-03-23 12:44:00,2011-03-23 12:44:00,1,77.3,261,261,1,At Risk,0.9753527131067979
13133.0,2011-03-11 10:31:00,2011-02-08 15:48:00,2,109.8,303,273,1,At Risk,0.7414961283506925
13134.0,2011-09-15 10:35:00,2011-04-13 12:57:00,4,1793.58,239,85,0,At Risk,0.14061041541190433
13135.0,2011-05-27 10:52:00,2011-05-27 10:52:00,1,3096.0,196,196,1,At Risk,0.7770913025563915
13136.0,2011-10-14 13:41:00,2011-05-11 12:47:00,5,2607.61,212,55,0,Others,0.06983215786252268
13137.0,2011-11-29 12:09:00,2011-02-04 11:54:00,8,3650.41,308,10,0,Champions,0.0720937379267307
13138.0,2011-11-17 16:51:00,2010-12-02 15:03:00,6,962.39,371,21,0,Loyal Customers,0.19473196973653567
13139.0,2011-11-23 13:54:00,2011-03-25 11:57:00,7,5064.9400000000005,259,15,0,Loyal Customers,0.04851876302279032
13140.0,2011-08-23 15:33:00,2010-12-08 15:12:00,3,423.72,365,107,1,At Risk,0.5737638778908475
13141.0,2011-09-16 09:54:00,2011-01-28 13:04:00,5,2388.75,314,84,0,At Risk,0.0969387173399186
13142.0,2011-11-20 16:07:00,2011-11-20 16:07:00,1,307.09000000000003,18,18,0,Potential Loyalist,0.02859749729717051
13144.0,2011-01-11 11:15:00,2011-01-11 11:15:00,1,110.95,332,332,1,At Risk,0.9747611384213032
13145.0,2011-10-31 12:45:00,2010-12-02 18:06:00,4,618.52,371,39,0,Others,0.40317269775174175
13146.0,2011-11-13 15:29:00,2011-11-13 15:29:00,1,228.91,25,25,0,Potential Loyalist,0.030015300892397477
13147.0,2011-11-29 13:59:00,2011-09-01 12:28:00,4,712.8,99,9,0,Loyal Customers,0.11204320332192147
13148.0,2011-11-10 15:23:00,2010-12-10 13:06:00,12,3707.12,363,28,0,Loyal Customers,0.05518298710682776
13149.0,2011-11-25 13:09:00,2011-02-23 13:57:00,4,1676.06,288,13,0,Loyal Customers,0.19463385985136344
13151.0,2011-02-17 12:29:00,2011-02-17 12:29:00,1,1257.87,295,295,1,At Risk,0.8156513242090747
13153.0,2011-12-04 12:14:00,2011-12-04 12:14:00,1,486.22,5,5,0,Potential Loyalist,0.03157540024662637
13155.0,2011-11-06 15:41:00,2010-12-06 12:44:00,4,971.76,368,32,0,Loyal Customers,0.2496237731675777
13157.0,2011-10-21 13:50:00,2011-02-14 14:03:00,4,1741.22,297,48,0,Others,0.19065789721669676
13158.0,2011-09-06 11:58:00,2011-01-25 09:58:00,4,1201.06,318,94,1,At Risk,0.2065694570720631
13159.0,2011-12-01 11:20:00,2011-08-16 11:44:00,4,1437.85,115,8,0,Loyal Customers,0.08105252142010347
13160.0,2011-11-17 13:07:00,2011-11-17 13:07:00,1,91.8,21,21,0,Potential Loyalist,0.020157316051306978
13161.0,2011-01-30 14:03:00,2011-01-30 14:03:00,1,112.75,312,312,1,At Risk,0.9723482329943757
13162.0,2011-08-09 15:59:00,2011-01-09 10:43:00,4,1688.29,334,121,1,At Risk,0.20693275798349375
13165.0,2011-10-24 15:05:00,2010-12-23 14:06:00,2,1021.48,350,45,0,Others,0.4961731664263001
13166.0,2011-03-01 15:16:00,2011-03-01 15:16:00,1,417.2,282,282,1,At Risk,0.9359709317341879
13167.0,2011-11-21 12:24:00,2011-07-19 12:13:00,4,791.33,143,18,0,Loyal Customers,0.1168417604730005
13168.0,2011-11-03 12:56:00,2011-01-25 13:55:00,4,1319.19,317,35,0,Others,0.20072639599681874
13169.0,2011-10-07 12:11:00,2011-04-01 14:24:00,2,712.88,251,63,0,Others,0.4830802131243263
13170.0,2011-11-13 12:19:00,2011-11-13 12:19:00,1,116.01,26,26,0,Potential Loyalist,0.03448123555873063
13171.0,2011-11-18 10:27:00,2011-02-13 14:16:00,3,468.41,298,21,0,Potential Loyalist,0.4916055262598708
13173.0,2011-12-05 15:51:00,2010-12-07 14:30:00,2,353.65000000000003,366,3,0,Potential Loyalist,0.5840707601527115
13174.0,2011-11-23 14:35:00,2010-12-05 16:24:00,3,2817.03,368,15,0,Potential Loyalist,0.3083429977059496
13176.0,2011-10-24 15:43:00,2011-10-24 15:43:00,1,492.84,45,45,0,Others,0.03157540024662637
13177.0,2011-10-06 09:56:00,2011-10-06 09:56:00,1,282.45,64,64,0,Others,0.02783295172322777
13178.0,2011-11-13 16:14:00,2010-12-14 12:22:00,11,5725.47,360,25,0,Loyal Customers,0.03255586672299261
13182.0,2011-10-25 13:46:00,2011-10-25 13:46:00,1,121.18,44,44,0,Others,0.036849656611362205
13183.0,2011-12-02 10:30:00,2011-01-09 10:50:00,9,3957.78,334,7,0,Champions,0.05697867488988287
13184.0,2011-11-25 12:02:00,2011-02-22 17:25:00,10,1701.29,289,14,0,Loyal Customers,0.08572206809984757
13185.0,2011-03-17 11:56:00,2011-03-17 11:56:00,1,71.4,267,267,1,At Risk,0.9787930025630861
13186.0,2011-10-31 11:40:00,2011-08-03 09:09:00,3,1575.89,128,39,0,Others,0.12346838533903946
13187.0,2011-01-06 18:57:00,2011-01-06 18:57:00,1,236.02,336,336,1,At Risk,0.9601182809340996
13188.0,2011-11-28 15:28:00,2011-11-28 15:28:00,1,114.6,10,10,0,Potential Loyalist,0.03111953343107105
13189.0,2011-11-21 10:39:00,2011-08-16 13:12:00,2,260.68,114,18,0,Potential Loyalist,0.28631868486373974
13192.0,2011-09-05 14:13:00,2011-05-18 14:57:00,2,911.94,204,94,1,At Risk,0.3914449062546465
13193.0,2011-10-09 14:30:00,2011-10-09 14:30:00,1,117.88,60,60,0,Others,0.03448123555873063
13194.0,2011-07-27 09:01:00,2011-07-27 09:01:00,1,60.7,135,135,1,At Risk,0.9808315029293279
13196.0,2011-11-28 13:54:00,2011-03-22 14:24:00,4,1797.78,261,10,0,Loyal Customers,0.1649640463277421
13198.0,2011-11-29 15:17:00,2010-12-13 09:29:00,6,3401.24,361,9,0,Champions,0.07750049507848945
13199.0,2011-12-06 12:30:00,2010-12-08 10:51:00,38,9817.12,366,3,0,Champions,0.01953128249233004
13200.0,2011-11-20 15:35:00,2011-08-05 14:50:00,4,870.09,125,18,0,Loyal Customers,0.09864425070589665
13203.0,2011-11-30 10:45:00,2011-04-11 14:40:00,4,869.46,241,9,0,Loyal Customers,0.19333524820821044
13207.0,2011-11-24 14:52:00,2011-07-12 11:35:00,2,250.26,150,14,0,Potential Loyalist,0.3651398003881063
13208.0,2011-10-12 09:54:00,2011-02-03 19:32:00,6,1223.9,308,58,0,Others,0.13655923446550566
13209.0,2011-11-09 13:54:00,2010-12-13 10:31:00,8,5891.61,361,29,0,Loyal Customers,0.04848535840600686
13210.0,2011-09-07 08:18:00,2011-09-07 08:18:00,1,353.48,93,93,1,At Risk,0.8559709863419301
13211.0,2011-11-29 14:43:00,2010-12-13 16:17:00,3,1197.42,360,9,0,Potential Loyalist,0.335508876333025
13212.0,2011-11-20 12:40:00,2011-10-09 14:48:00,3,788.08,60,19,0,Potential Loyalist,0.026089470898577827
13213.0,2011-10-14 11:42:00,2011-05-24 12:22:00,5,1520.58,199,56,0,Others,0.0785208228642155
13216.0,2011-03-17 12:18:00,2011-03-17 12:18:00,1,333.74,267,267,1,At Risk,0.9477711283119412
13217.0,2011-08-09 15:32:00,2011-07-06 12:08:00,3,533.98,156,121,1,At Risk,0.3428080161677257
13218.0,2011-08-04 16:59:00,2011-08-04 16:59:00,1,62.64,126,126,1,At Risk,0.9808315029293279
13220.0,2011-09-22 13:38:00,2011-04-17 10:59:00,4,819.2900000000001,236,77,0,At Risk,0.19787278385818882
13221.0,2011-04-13 16:58:00,2010-12-15 13:24:00,2,847.41,358,239,1,At Risk,0.4725019366664489
13223.0,2011-05-23 13:03:00,2011-04-21 15:16:00,2,163.2,231,199,1,At Risk,0.7202918425714661
13224.0,2011-10-10 14:55:00,2011-07-11 14:10:00,2,2155.95,150,59,0,Others,0.2672669885868102
13225.0,2011-12-06 13:29:00,2010-12-13 09:49:00,7,6463.84,361,2,0,Champions,0.04386335727868856
13226.0,2011-03-11 14:35:00,2011-03-11 14:35:00,1,108.21,272,272,1,At Risk,0.9697606089497199
13227.0,2011-05-22 11:47:00,2011-05-22 11:47:00,1,257.7,201,201,1,At Risk,0.9466827581213499
13228.0,2011-09-19 14:28:00,2011-09-19 14:28:00,1,358.0,80,80,0,At Risk,0.02848685388481694
13229.0,2011-04-28 12:07:00,2011-04-28 12:07:00,1,160.95,225,225,1,At Risk,0.9648417110505787
13230.0,2011-12-05 16:03:00,2010-12-09 19:28:00,14,2806.97,364,3,0,Champions,0.0381629093862011
13232.0,2011-11-27 10:39:00,2011-04-10 13:48:00,7,1357.6,242,12,0,Loyal Customers,0.09674421796789416
13233.0,2011-09-26 13:25:00,2011-01-07 14:49:00,2,605.12,335,73,0,At Risk,0.520835096593772
13235.0,2011-05-11 17:13:00,2011-05-11 17:13:00,1,1031.07,211,211,1,At Risk,0.8040684963796066
13236.0,2011-11-15 12:50:00,2011-08-25 08:58:00,2,744.85,106,24,0,Potential Loyalist,0.26788949260871964
13238.0,2011-11-22 15:37:00,2010-12-14 14:37:00,4,700.73,359,16,0,Loyal Customers,0.2963281700641806
13239.0,2011-03-23 10:25:00,2011-03-23 10:25:00,1,329.56,261,261,1,At Risk,0.948170213326768
13240.0,2011-09-04 14:08:00,2010-12-09 12:49:00,4,663.65,365,95,1,At Risk,0.3544371837940101
13242.0,2011-08-19 12:53:00,2011-05-10 12:26:00,3,270.40000000000003,213,111,1,At Risk,0.4969727247494044
13243.0,2011-05-20 13:14:00,2011-05-20 13:14:00,1,600.07,202,202,1,At Risk,0.9114688485795115
13244.0,2011-09-08 11:46:00,2011-09-08 11:46:00,1,121.74,92,92,1,At Risk,0.8716077469233072
13245.0,2011-10-20 11:40:00,2011-10-20 11:40:00,1,430.5,50,50,0,Others,0.025664191985844062
13246.0,2011-11-21 16:50:00,2011-01-13 13:36:00,6,1987.3,329,17,0,Loyal Customers,0.10761546081299789
13247.0,2011-11-22 10:59:00,2011-09-18 11:31:00,4,501.12,82,17,0,Loyal Customers,0.0368352311462082
13248.0,2011-08-07 12:40:00,2011-06-03 13:05:00,2,465.68,188,124,1,At Risk,0.45804675531267214
13249.0,2011-09-08 13:26:00,2011-03-23 15:26:00,3,711.41,260,91,1,At Risk,0.41485050200639356
13253.0,2011-07-06 10:09:00,2011-01-04 15:43:00,2,1030.4,338,156,1,At Risk,0.5018327008344599
13255.0,2011-11-30 13:14:00,2010-12-01 11:58:00,2,399.51,373,8,0,Potential Loyalist,0.5141641358448846
13258.0,2011-11-28 09:31:00,2011-05-18 13:11:00,3,698.5799999999999,204,11,0,Potential Loyalist,0.23930081035678236
13259.0,2011-10-09 10:48:00,2011-10-09 10:48:00,1,292.32,61,61,0,Others,0.02783295172322777
13260.0,2011-10-09 13:21:00,2011-10-09 13:21:00,1,557.62,60,60,0,Others,0.03004604789767638
13261.0,2011-03-16 12:22:00,2011-02-27 10:41:00,2,944.1,285,268,1,At Risk,0.48672855895399436
13262.0,2011-03-21 15:06:00,2011-03-21 15:06:00,1,200.29,262,262,1,At Risk,0.9665423172885046
13263.0,2011-12-08 13:59:00,2011-01-18 16:31:00,35,7454.07,324,0,0,Champions,0.036833797055187356
13265.0,2011-10-17 15:02:00,2011-03-11 09:54:00,5,2107.66,273,52,0,Others,0.10550188743014814
13266.0,2011-11-28 14:39:00,2011-03-28 10:14:00,12,3834.26,256,10,0,Champions,0.043605703546956656
13267.0,2011-12-07 11:12:00,2010-12-08 09:20:00,19,4521.49,366,2,0,Champions,0.020849200617322285
13268.0,2011-11-22 11:51:00,2011-03-17 13:20:00,11,3214.69,266,17,0,Loyal Customers,0.06058180028043183
13269.0,2011-12-08 14:53:00,2010-12-05 11:51:00,15,5346.2300000000005,369,0,0,Champions,0.02119226492012644
13270.0,2010-12-08 14:53:00,2010-12-08 14:53:00,1,590.0,365,365,1,At Risk,0.9056385333026554
13271.0,2011-11-02 14:31:00,2011-11-02 14:31:00,1,217.38,36,36,0,Others,0.02017325664579854
13272.0,2011-11-08 14:00:00,2011-09-11 12:06:00,2,276.56,89,30,0,Potential Loyalist,0.020465256158067616
13273.0,2011-08-18 14:02:00,2011-08-18 14:02:00,1,138.98,112,112,1,At Risk,0.9686941868056688
13276.0,2011-10-07 12:44:00,2011-09-01 10:03:00,2,590.9300000000001,99,63,0,Others,0.2521104054134694
13277.0,2011-11-24 09:21:00,2011-07-29 10:06:00,4,258.4,133,15,0,Loyal Customers,0.2472916556540411
13278.0,2011-10-30 11:49:00,2011-10-30 11:49:00,1,542.73,40,40,0,Others,0.028922615369134368
13279.0,2011-09-22 17:24:00,2011-09-22 17:24:00,1,137.75,77,77,0,At Risk,0.046160807354981265
13280.0,2011-08-09 13:14:00,2011-01-06 17:10:00,3,814.86,336,121,1,At Risk,0.4201947840441017
13282.0,2011-11-21 15:33:00,2011-05-03 12:03:00,3,1132.14,220,17,0,Potential Loyalist,0.1990315180875751
13283.0,2011-10-11 09:50:00,2011-06-07 12:39:00,2,93.66,185,59,0,Others,0.5936884755416694
13284.0,2011-01-13 09:23:00,2011-01-13 09:23:00,1,201.19,330,330,1,At Risk,0.9660907746060947
13285.0,2011-11-16 13:19:00,2011-02-22 17:13:00,4,2709.12,289,22,0,Loyal Customers,0.14733159827048573
13291.0,2011-07-07 10:36:00,2011-07-07 10:36:00,1,361.11,155,155,1,At Risk,0.9283541479941229
13292.0,2011-11-01 10:04:00,2011-02-28 15:00:00,2,578.94,283,38,0,Others,0.49704434527453223
13294.0,2011-06-03 08:54:00,2011-04-04 12:37:00,2,873.74,249,189,1,At Risk,0.47635739744874783
13295.0,2010-12-15 11:21:00,2010-12-15 11:21:00,1,201.2,359,359,1,At Risk,0.9643014772204737
13296.0,2011-07-25 13:46:00,2011-07-25 13:46:00,1,87.4,136,136,1,At Risk,0.980405380521981
13297.0,2011-12-02 09:32:00,2011-10-03 15:08:00,4,2089.85,66,7,0,Loyal Customers,0.04299195322420211
13298.0,2011-12-08 13:11:00,2011-12-08 13:11:00,1,360.0,0,0,0,Potential Loyalist,0.02848685388481694
13299.0,2011-03-16 12:55:00,2011-03-16 12:55:00,1,142.5,267,267,1,At Risk,0.966942331809847
13300.0,2011-06-23 13:09:00,2011-06-23 13:09:00,1,371.89,168,168,1,At Risk,0.9207854867396772
13301.0,2011-08-28 11:25:00,2011-02-20 13:13:00,4,618.09,291,103,1,At Risk,0.3430492361175522
13302.0,2011-07-07 17:56:00,2011-07-07 17:56:00,1,63.75,154,154,1,At Risk,0.9809402681508418
13304.0,2010-12-23 14:35:00,2010-12-23 14:35:00,1,300.42,350,350,1,At Risk,0.9589808210271891
13305.0,2011-12-05 15:15:00,2010-12-02 12:10:00,10,2000.86,372,3,0,Loyal Customers,0.1599600203934789
13307.0,2011-08-11 17:14:00,2011-08-11 17:14:00,1,15.0,119,119,1,At Risk,0.9791697646710174
13308.0,2011-11-17 09:31:00,2011-05-20 13:13:00,3,1385.51,202,22,0,Potential Loyalist,0.1695474563363745
13309.0,2011-12-02 16:34:00,2011-02-04 12:29:00,5,1456.79,308,6,0,Loyal Customers,0.1344620345345575
13310.0,2011-11-11 17:23:00,2011-01-19 14:50:00,3,1132.03,323,27,0,Potential Loyalist,0.37552843765106275
13311.0,2011-12-05 12:55:00,2011-07-12 14:26:00,2,598.57,149,3,0,Potential Loyalist,0.4122464369821844
13313.0,2011-11-17 16:48:00,2011-01-04 10:00:00,5,1555.3200000000002,339,21,0,Loyal Customers,0.14032683801783077
13314.0,2011-12-08 12:29:00,2011-09-27 10:20:00,3,775.94,73,1,0,Potential Loyalist,0.026089470898577827
13316.0,2011-11-02 13:40:00,2011-03-30 13:01:00,4,5977.73,253,36,0,Others,0.1004481813629185
13317.0,2011-10-04 13:35:00,2010-12-16 09:22:00,6,2273.68,358,65,0,Others,0.10433213742265539
13318.0,2011-12-08 18:51:00,2011-11-02 13:26:00,3,640.76,36,0,0,Potential Loyalist,0.03449931155438022
13319.0,2011-12-04 13:34:00,2010-12-09 10:04:00,26,10845.55,365,4,0,Champions,0.01891232239300324
13320.0,2011-09-22 18:07:00,2011-05-10 10:29:00,4,1548.7,213,77,0,At Risk,0.12127342354688246
13321.0,2011-09-28 15:24:00,2011-09-14 15:18:00,2,567.36,85,71,0,Others,0.02482166790282846
13322.0,2011-11-22 14:21:00,2011-11-22 14:21:00,1,199.48,16,16,0,Potential Loyalist,0.0325925770388723
13323.0,2011-12-06 17:12:00,2011-09-16 13:23:00,5,787.85,83,2,0,Loyal Customers,0.0248755849702666
13324.0,2011-11-03 16:28:00,2010-12-14 09:50:00,10,7121.95,360,35,0,Others,0.03175505108962565
13325.0,2011-09-19 10:36:00,2011-09-19 10:36:00,1,675.3,81,81,0,At Risk,0.015711300167577276
13327.0,2011-11-01 10:21:00,2010-12-09 15:32:00,8,3627.77,364,38,0,Others,0.0633455147396846
13328.0,2011-01-27 15:22:00,2011-01-27 15:22:00,1,1308.48,315,315,1,At Risk,0.8224840197658881
13329.0,2011-11-08 10:29:00,2010-12-08 10:11:00,2,789.0,366,31,0,Potential Loyalist,0.4652995170379844
13330.0,2011-09-08 12:27:00,2011-01-28 10:08:00,3,1140.93,315,92,1,At Risk,0.3982650920621488
13332.0,2011-11-25 13:30:00,2011-11-25 13:30:00,1,350.90000000000003,13,13,0,Potential Loyalist,0.02848685388481694
13334.0,2011-09-18 15:21:00,2011-02-07 11:42:00,3,3536.82,305,81,0,At Risk,0.3352346367302204
13336.0,2011-09-23 14:05:00,2011-09-23 14:05:00,1,795.12,76,76,0,At Risk,0.023710476049576382
13338.0,2011-07-05 09:06:00,2011-07-05 09:06:00,1,487.02,157,157,1,At Risk,0.918520187299475
13339.0,2011-05-23 08:31:00,2011-05-23 08:31:00,1,860.12,200,200,1,At Risk,0.7972160231338479
13340.0,2011-10-25 13:15:00,2011-03-08 11:39:00,7,10736.48,276,44,0,Others,0.05564846525251478
13341.0,2011-03-24 09:50:00,2011-03-24 09:50:00,1,775.85,260,260,1,At Risk,0.8141057856714192
13343.0,2011-06-15 12:24:00,2011-06-15 12:24:00,1,353.43,177,177,1,At Risk,0.9280708641456773
13344.0,2011-10-03 09:45:00,2011-03-07 10:28:00,3,2543.7200000000003,277,67,0,Others,0.32827938949163415
13345.0,2011-02-25 09:01:00,2011-02-25 09:01:00,1,389.5,287,287,1,At Risk,0.9393429412477182
13347.0,2011-09-30 13:28:00,2011-09-30 13:28:00,1,341.36,69,69,0,Others,0.021541167787968055
13348.0,2011-10-06 17:28:00,2011-10-06 17:28:00,1,233.76,63,63,0,Others,0.03551977042897711
13349.0,2011-11-29 08:07:00,2011-11-29 08:07:00,1,247.32,10,10,0,Potential Loyalist,0.028778147854021198
13350.0,2011-11-23 16:33:00,2011-09-21 13:33:00,2,979.12,78,15,0,Potential Loyalist,0.0251436755182791
13351.0,2011-10-04 12:55:00,2011-10-04 12:55:00,1,373.94,65,65,0,Others,0.030681603579566636
13352.0,2011-10-10 13:55:00,2011-10-10 13:55:00,1,397.98,59,59,0,Others,0.0323679106966485
13354.0,2011-09-29 13:17:00,2011-09-29 13:17:00,1,743.53,70,70,0,Others,0.020001552495158368
13355.0,2011-08-09 14:48:00,2011-08-09 14:48:00,1,674.7,121,121,1,At Risk,0.8169824564559355
13356.0,2011-09-20 14:33:00,2011-09-20 14:33:00,1,768.24,79,79,0,At Risk,0.020769299578988147
13357.0,2011-03-27 13:56:00,2011-03-27 13:56:00,1,609.95,256,256,1,At Risk,0.91783863265761
13358.0,2011-03-16 11:52:00,2011-03-16 11:52:00,1,439.03,268,268,1,At Risk,0.9292211627195607
13359.0,2011-10-07 09:30:00,2011-10-07 09:30:00,1,439.56,63,63,0,Others,0.025664191985844062
13362.0,2011-11-30 14:41:00,2011-02-25 11:33:00,4,3090.74,287,8,0,Loyal Customers,0.1515448444637928
13363.0,2011-11-22 12:40:00,2011-10-27 10:46:00,2,992.5,43,17,0,Potential Loyalist,0.02600851863975939
13364.0,2011-09-29 18:13:00,2011-09-29 18:13:00,1,134.96,70,70,0,Others,0.03891080735498126
13365.0,2011-11-06 12:36:00,2011-05-06 12:00:00,2,2225.37,217,33,0,Others,0.32179210716728257
13366.0,2011-10-20 13:37:00,2011-10-20 13:37:00,1,56.16,49,49,0,Others,0.02946398237945807
13368.0,2011-03-28 09:59:00,2011-01-06 12:32:00,2,623.4,337,256,1,At Risk,0.54345954056687
13369.0,2010-12-09 11:30:00,2010-12-09 11:30:00,1,308.28000000000003,365,365,1,At Risk,0.9567486358901449
13370.0,2010-12-03 10:26:00,2010-12-03 10:26:00,1,754.87,371,371,1,At Risk,0.8177432083230727
13372.0,2011-09-11 12:46:00,2011-09-11 12:46:00,1,378.64,89,89,0,At Risk,0.030681603579566636
13373.0,2011-10-10 10:51:00,2011-03-08 14:35:00,3,3312.25,275,60,0,Others,0.3051663397220925
13375.0,2011-09-12 10:19:00,2011-09-12 10:19:00,1,778.65,88,88,0,At Risk,0.020769299578988147
13376.0,2011-09-01 16:16:00,2011-04-19 13:03:00,3,1019.76,233,98,1,At Risk,0.2868229405278217
13379.0,2011-11-13 13:45:00,2011-07-26 12:26:00,3,572.56,136,25,0,Potential Loyalist,0.2664902499091302
13381.0,2011-11-08 11:58:00,2011-02-14 10:10:00,6,3639.31,298,31,0,Loyal Customers,0.09056199822504879
13382.0,2011-03-04 10:03:00,2011-03-04 10:03:00,1,222.99,280,280,1,At Risk,0.9441986367765314
13384.0,2011-11-09 11:04:00,2011-06-14 12:47:00,7,4151.93,178,30,0,Loyal Customers,0.05562190148945406
13385.0,2011-01-14 09:52:00,2011-01-14 09:52:00,1,534.57,329,329,1,At Risk,0.9258831557619104
13388.0,2011-07-31 12:52:00,2011-07-31 12:52:00,2,677.1,130,130,1,At Risk,0.31576802452105496
13389.0,2011-11-28 14:01:00,2011-04-21 12:12:00,3,797.96,232,10,0,Potential Loyalist,0.2692027150767106
13390.0,2011-09-26 08:38:00,2011-09-26 08:38:00,1,544.08,74,74,0,At Risk,0.028922615369134368
13391.0,2011-05-20 10:50:00,2011-05-20 10:50:00,1,59.8,203,203,1,At Risk,0.9766449105137552
13394.0,2011-12-08 11:36:00,2011-02-03 10:39:00,8,2520.02,309,1,0,Champions,0.06764060679871231
13395.0,2011-06-07 15:04:00,2011-06-07 15:04:00,1,307.72,184,184,1,At Risk,0.9488322528707261
13396.0,2011-11-10 16:59:00,2011-01-24 13:37:00,2,1360.99,318,28,0,Potential Loyalist,0.4615038670631769
13397.0,2011-09-28 10:56:00,2011-01-04 13:50:00,5,1544.13,338,72,0,At Risk,0.14032683801783077
13398.0,2011-05-31 13:17:00,2011-05-31 13:17:00,1,457.34,191,191,1,At Risk,0.9243990171737447
13402.0,2011-08-04 15:51:00,2010-12-02 17:12:00,2,621.23,371,126,1,At Risk,0.5166068143633882
13403.0,2011-11-22 08:28:00,2011-11-22 08:28:00,1,75.0,17,17,0,Potential Loyalist,0.027972798123888438
13404.0,2011-12-08 15:37:00,2011-05-11 11:57:00,2,252.49,212,0,0,Potential Loyalist,0.48823533343626574
13405.0,2011-09-26 17:01:00,2011-01-26 09:27:00,3,572.451,317,73,0,At Risk,0.43497782073549146
13408.0,2011-12-08 09:05:00,2010-12-01 10:39:00,62,28117.04,373,1,0,Champions,0.03668304281721015
13410.0,2011-11-15 15:33:00,2011-02-21 14:38:00,5,1003.06,290,23,0,Loyal Customers,0.18032399542850935
13411.0,2011-08-24 13:57:00,2011-08-24 13:57:00,1,213.55,106,106,1,At Risk,0.9249176808217966
13414.0,2011-07-29 11:45:00,2011-02-16 12:13:00,3,1390.5,296,133,1,At Risk,0.3658117004232951
13416.0,2011-10-27 08:56:00,2011-09-19 14:43:00,2,712.5,80,43,0,Others,0.023001527634191627
13417.0,2011-12-05 08:49:00,2011-05-18 16:26:00,2,640.83,204,4,0,Potential Loyalist,0.4345088744106054
13418.0,2011-11-28 10:23:00,2010-12-02 10:45:00,18,6127.43,372,11,0,Champions,0.030787761495392217
13419.0,2011-10-07 12:49:00,2011-10-07 12:49:00,1,221.06,63,63,0,Others,0.02017325664579854
13420.0,2011-07-13 08:48:00,2011-06-22 11:35:00,2,159.85,170,149,1,At Risk,0.6789047719234818
13421.0,2011-10-30 14:21:00,2011-02-22 15:46:00,2,1851.08,289,39,0,Others,0.4136705842231682
13422.0,2011-10-06 13:42:00,2011-10-06 13:42:00,1,2626.3,63,63,0,Others,0.0417512847278668
13425.0,2011-08-23 17:13:00,2011-02-18 08:34:00,3,1624.21,294,107,1,At Risk,0.3761546374804911
13426.0,2011-12-09 08:59:00,2010-12-15 12:43:00,10,3641.32,359,0,0,Champions,0.062327796753475065
13427.0,2011-11-20 13:02:00,2011-05-08 15:58:00,3,582.6,214,18,0,Potential Loyalist,0.3935312095557707
13428.0,2011-11-29 14:20:00,2011-11-29 14:20:00,1,218.47,9,9,0,Potential Loyalist,0.02017325664579854
13429.0,2011-11-29 09:10:00,2011-09-25 15:59:00,4,1006.8,74,10,0,Loyal Customers,0.024987422322921535
13430.0,2011-11-21 08:19:00,2011-09-14 14:26:00,2,679.45,85,18,0,Potential Loyalist,0.023001527634191627
13431.0,2011-10-03 13:49:00,2011-09-12 11:25:00,2,1269.1,88,66,0,Others,0.02609658006039086
13434.0,2011-09-26 14:30:00,2011-09-04 10:35:00,2,534.24,96,73,0,At Risk,0.23651045674946755
13435.0,2011-12-04 14:45:00,2011-06-03 17:07:00,7,3809.89,188,4,0,Champions,0.043915223820259607
13436.0,2011-12-08 10:33:00,2011-12-08 10:33:00,1,196.89,1,1,0,Potential Loyalist,0.025735043368838632
13437.0,2011-11-25 14:00:00,2011-06-02 14:30:00,7,3408.06,189,13,0,Loyal Customers,0.047886358072018124
13439.0,2011-03-29 14:20:00,2011-03-29 14:20:00,1,283.71,254,254,1,At Risk,0.951617985550605
13441.0,2011-09-09 09:38:00,2011-09-09 09:38:00,1,296.64,91,91,1,At Risk,0.16549961838989444
13447.0,2011-11-16 13:38:00,2011-11-04 10:10:00,3,1129.14,35,22,0,Potential Loyalist,0.02369800445801979
13448.0,2011-11-23 12:33:00,2010-12-01 10:52:00,6,3539.3700000000003,373,16,0,Loyal Customers,0.19167232918542762
13449.0,2011-11-16 08:28:00,2011-11-16 08:28:00,1,291.88,23,23,0,Potential Loyalist,0.02783295172322777
13450.0,2011-11-13 11:54:00,2011-05-05 19:48:00,6,2043.72,217,26,0,Loyal Customers,0.07935938599417289
13451.0,2011-11-13 15:58:00,2011-01-09 15:35:00,5,2976.15,333,25,0,Loyal Customers,0.10241668154553317
13452.0,2011-03-25 14:19:00,2011-03-14 11:38:00,2,590.0,270,258,1,At Risk,0.5066509043718912
13453.0,2011-06-27 09:34:00,2011-02-23 09:44:00,2,356.98,289,165,1,At Risk,0.5422779361473895
13455.0,2011-11-15 11:21:00,2010-12-08 13:11:00,2,1058.34,365,24,0,Potential Loyalist,0.47820170520323274
13456.0,2011-11-22 09:18:00,2011-05-16 15:34:00,6,1766.72,206,17,0,Loyal Customers,0.060619881198285215
13458.0,2011-12-02 15:29:00,2010-12-15 12:05:00,14,9646.57,359,6,0,Champions,0.031806672943151613
13460.0,2011-11-10 17:17:00,2011-10-21 09:50:00,2,183.44,49,28,0,Potential Loyalist,0.02504227312586934
13461.0,2011-11-01 09:01:00,2011-06-29 10:23:00,3,1445.0,163,38,0,Others,0.15907851715904764
13462.0,2011-04-01 11:20:00,2011-04-01 11:20:00,1,151.5,252,252,1,At Risk,0.9639760276040131
13464.0,2011-10-12 15:01:00,2011-10-12 15:01:00,1,674.68,57,57,0,Others,0.020711300167577273
13466.0,2011-06-08 16:39:00,2011-06-08 16:39:00,1,307.90000000000003,183,183,1,At Risk,0.9488322528707261
13467.0,2011-11-29 10:01:00,2011-11-03 16:56:00,2,1083.71,35,10,0,Potential Loyalist,0.025111958753519417
13468.0,2011-12-08 10:39:00,2010-12-01 15:08:00,37,5704.97,372,1,0,Champions,0.041913107282383295
13470.0,2011-09-01 14:57:00,2011-08-16 17:06:00,2,165.0,114,98,1,At Risk,0.6496452644876344
13471.0,2011-12-08 15:44:00,2011-10-23 13:10:00,4,2531.58,46,0,0,Loyal Customers,0.028416385349400396
13473.0,2011-10-10 11:20:00,2011-01-11 08:45:00,2,422.64,332,60,0,Others,0.5757357498914736
13474.0,2011-04-17 13:53:00,2011-04-17 13:53:00,1,229.59,235,235,1,At Risk,0.959065747810875
13475.0,2011-06-01 13:52:00,2011-02-14 12:36:00,4,1431.78,298,190,1,At Risk,0.21441907697039927
13476.0,2011-06-14 12:00:00,2011-03-03 14:43:00,2,1238.47,280,178,1,At Risk,0.4628454065285073
13477.0,2011-11-02 12:04:00,2011-02-21 12:29:00,6,1454.58,291,37,0,Others,0.12278702247990729
13479.0,2011-05-23 10:45:00,2011-04-19 11:27:00,2,300.95,234,200,1,At Risk,0.5581389552034512
13481.0,2011-10-25 09:07:00,2011-03-28 09:07:00,5,1804.56,256,45,0,Others,0.09781054937950051
13482.0,2011-04-21 17:03:00,2011-04-21 17:03:00,1,184.64,231,231,1,At Risk,0.9693348690681367
13483.0,2011-10-05 11:53:00,2011-10-05 11:53:00,1,140.34,65,65,0,Others,0.046160807354981265
13484.0,2011-04-12 16:30:00,2011-04-12 16:30:00,1,313.8,240,240,1,At Risk,0.9577086979090214
13485.0,2011-04-20 13:58:00,2011-04-20 13:58:00,1,454.24,232,232,1,At Risk,0.9433957816336657
13486.0,2011-09-22 13:13:00,2011-07-07 17:19:00,3,1122.41,154,77,0,At Risk,0.16290862135814255
13487.0,2011-10-13 12:07:00,2010-12-21 14:54:00,3,575.4,352,57,0,Others,0.46209230070165414
13488.0,2011-11-22 14:41:00,2010-12-07 13:01:00,13,8968.31,366,16,0,Loyal Customers,0.021661763134989055
13489.0,2011-08-26 13:16:00,2011-02-18 10:42:00,4,449.52,294,104,1,At Risk,0.40728253553489424
13491.0,2011-10-19 08:32:00,2010-12-02 14:30:00,10,1215.82,371,51,0,Others,0.09629299786138773
13492.0,2011-07-26 14:25:00,2011-05-09 10:06:00,3,1269.84,214,135,1,At Risk,0.19280534264597882
13493.0,2011-03-09 15:35:00,2011-02-25 16:42:00,2,618.63,286,274,1,At Risk,0.5050056239664211
13494.0,2011-02-01 11:58:00,2011-02-01 11:58:00,1,316.26000000000005,311,311,1,At Risk,0.9544266782077209
13495.0,2011-12-02 11:21:00,2010-12-06 15:14:00,5,2044.87,367,7,0,Loyal Customers,0.1216047614862857
13496.0,2011-11-29 10:58:00,2010-12-15 10:17:00,2,653.33,359,10,0,Potential Loyalist,0.49072816660698854
13497.0,2011-03-02 09:04:00,2010-12-06 11:37:00,2,348.05,368,282,1,At Risk,0.5816028091092977
13499.0,2011-11-22 11:21:00,2011-03-15 08:52:00,5,1159.11,269,17,0,Loyal Customers,0.1429225157076764
13500.0,2011-11-16 15:35:00,2011-08-09 12:20:00,3,1166.77,122,22,0,Potential Loyalist,0.11980279312161639
13501.0,2011-02-24 18:59:00,2011-02-24 18:59:00,1,1340.32,287,287,1,At Risk,0.8147425878435182
13502.0,2011-11-23 10:39:00,2011-01-20 09:03:00,3,292.0,323,16,0,Potential Loyalist,0.5542712062505957
13503.0,2011-09-29 13:23:00,2011-09-29 13:23:00,1,216.85,70,70,0,Others,0.02017325664579854
13504.0,2011-10-06 13:20:00,2011-10-06 13:20:00,1,295.93,63,63,0,Others,0.02783295172322777
13505.0,2011-09-28 11:56:00,2011-04-21 12:07:00,4,4393.63,232,72,0,At Risk,0.09598144696069098
13506.0,2011-01-27 13:53:00,2010-12-05 12:15:00,2,458.52,369,315,1,At Risk,0.559188693041722
13507.0,2011-12-06 13:13:00,2011-07-17 11:50:00,4,2479.16,145,2,0,Loyal Customers,0.07545261009182813
13508.0,2011-04-10 11:58:00,2011-04-10 11:58:00,1,110.97,243,243,1,At Risk,0.9739410241690887
13509.0,2011-12-01 10:10:00,2011-02-28 13:27:00,7,979.72,283,8,0,Loyal Customers,0.15458015949637316
13510.0,2011-12-08 13:46:00,2011-06-09 09:32:00,4,1791.56,183,0,0,Loyal Customers,0.08269171785113415
13512.0,2011-03-24 10:03:00,2011-03-24 10:03:00,1,251.21,260,260,1,At Risk,0.9547097960266183
13513.0,2011-08-05 11:50:00,2011-08-05 11:50:00,1,205.1,126,126,1,At Risk,0.9572417007331007
13514.0,2011-09-27 09:39:00,2011-09-27 09:39:00,1,152.20000000000002,73,73,0,At Risk,0.04688132947955165
13515.0,2011-09-28 11:26:00,2011-04-06 10:33:00,4,891.12,247,72,0,At Risk,0.20420647271400327
13516.0,2011-11-18 13:15:00,2011-04-15 11:06:00,3,1389.41,238,20,0,Potential Loyalist,0.2566617356065633
13517.0,2011-10-11 11:43:00,2011-06-13 08:44:00,3,2128.42,179,59,0,Others,0.1785408705399723
13518.0,2011-09-15 10:29:00,2011-09-15 10:29:00,1,659.44,85,85,0,At Risk,0.01616584562212273
13519.0,2011-09-22 18:24:00,2011-09-22 18:24:00,1,122.75,77,77,0,At Risk,0.036849656611362205
13520.0,2011-10-12 10:20:00,2010-12-03 10:36:00,6,3624.35,371,58,0,Others,0.08650791142994327
13521.0,2011-12-08 13:50:00,2011-11-29 15:09:00,3,1093.65,9,0,0,Potential Loyalist,0.022527970787986115
13522.0,2011-11-09 15:11:00,2011-11-09 15:11:00,1,125.8,29,29,0,Potential Loyalist,0.03448123555873063
13523.0,2011-11-06 15:11:00,2010-12-08 14:22:00,5,3964.88,365,32,0,Loyal Customers,0.07047200124497417
13524.0,2011-10-30 12:34:00,2011-05-04 12:26:00,5,680.1800000000001,219,40,0,Others,0.21089221187090093
13525.0,2011-11-25 12:01:00,2011-04-05 15:36:00,2,628.78,247,14,0,Potential Loyalist,0.4996940228375914
13527.0,2011-11-06 12:04:00,2011-01-17 11:17:00,7,2287.51,326,33,0,Others,0.06941404894855935
13529.0,2011-09-22 09:15:00,2011-05-19 11:50:00,2,307.76,204,78,0,At Risk,0.5035099044927996
13531.0,2011-05-18 16:56:00,2010-12-08 15:03:00,2,483.8,365,204,1,At Risk,0.5277724829220276
13532.0,2011-11-06 12:25:00,2011-11-06 12:25:00,1,210.31,33,33,0,Others,0.02017325664579854
13533.0,2011-06-10 11:54:00,2011-03-17 12:47:00,3,270.79,267,182,1,At Risk,0.5416574289362337
13534.0,2011-12-07 14:52:00,2010-12-16 15:23:00,25,5870.08,357,1,0,Champions,0.03366502257560705
13536.0,2011-12-08 16:38:00,2011-09-25 13:30:00,7,3448.29,74,0,0,Champions,0.015628897879431315
13538.0,2011-10-27 16:34:00,2011-01-28 10:40:00,7,1280.85,315,42,0,Others,0.10818362811270099
13539.0,2011-09-15 10:18:00,2011-02-03 15:23:00,3,631.34,308,85,0,At Risk,0.45616999421085724
13544.0,2011-10-31 11:57:00,2011-04-13 12:09:00,2,291.41,240,39,0,Others,0.5502092951414376
13546.0,2011-11-27 14:50:00,2011-05-23 12:14:00,3,626.99,200,11,0,Potential Loyalist,0.3489742615953446
13548.0,2011-09-04 14:50:00,2011-04-10 11:35:00,2,682.41,243,95,1,At Risk,0.4838393658234987
13549.0,2011-11-14 09:20:00,2011-04-11 13:42:00,7,918.2,241,25,0,Loyal Customers,0.14440611645857626
13551.0,2011-01-24 14:46:00,2011-01-24 14:46:00,1,91.8,318,318,1,At Risk,0.9709899454218285
13552.0,2011-10-04 15:19:00,2011-01-28 10:10:00,12,3740.07,315,65,0,Others,0.04582556065471326
13555.0,2011-09-27 12:36:00,2011-05-22 11:06:00,4,4149.28,201,73,0,At Risk,0.07788179667626163
13557.0,2011-11-11 15:24:00,2011-03-04 12:14:00,2,584.0600000000001,280,27,0,Potential Loyalist,0.5125578389630259
13558.0,2011-12-04 11:24:00,2011-10-02 13:01:00,4,605.06,67,5,0,Loyal Customers,0.039545503496531985
13560.0,2011-12-02 13:11:00,2011-12-02 13:11:00,1,174.37,6,6,0,Potential Loyalist,0.03042812206134033
13561.0,2011-05-08 12:39:00,2011-05-08 12:39:00,1,141.86,215,215,1,At Risk,0.9691848767690413
13562.0,2011-09-19 10:51:00,2011-04-08 12:42:00,3,1799.3300000000002,245,81,0,At Risk,0.2347692601829905
13563.0,2011-09-16 14:45:00,2011-07-22 17:21:00,2,777.53,139,83,0,At Risk,0.3296252805415877
13564.0,2011-07-18 14:33:00,2010-12-06 17:26:00,3,1749.02,367,143,1,At Risk,0.36035267813820243
13565.0,2011-11-20 14:33:00,2011-01-09 14:28:00,2,240.22,333,18,0,Potential Loyalist,0.586891817348385
13566.0,2011-10-30 11:59:00,2011-09-18 12:40:00,2,874.71,82,40,0,Others,0.022334653241293436
13568.0,2011-06-19 14:42:00,2011-06-19 14:42:00,1,192.85,172,172,1,At Risk,0.9601852034151053
13569.0,2011-11-22 13:07:00,2010-12-07 12:29:00,2,373.75,367,16,0,Potential Loyalist,0.5630070652031103
13570.0,2011-04-10 13:36:00,2011-04-10 13:36:00,1,239.49,242,242,1,At Risk,0.9583045173927819
13571.0,2011-11-27 10:47:00,2011-03-31 12:43:00,12,2092.32,253,12,0,Champions,0.06946048159904676
13572.0,2011-05-18 11:59:00,2011-05-18 11:59:00,1,1384.25,205,205,1,At Risk,0.7992335918953747
13573.0,2011-10-20 14:33:00,2011-03-31 14:47:00,2,294.40000000000003,252,49,0,Others,0.5470381079346291
13575.0,2011-11-16 13:14:00,2011-06-16 14:24:00,5,732.07,175,22,0,Loyal Customers,0.12435897893159772
13576.0,2011-11-29 15:34:00,2010-12-01 17:24:00,18,6717.34,372,9,0,Champions,0.030787761495392217
13577.0,2011-11-14 15:19:00,2011-04-12 10:33:00,4,1687.6,241,24,0,Loyal Customers,0.17219039232048103
13579.0,2011-11-25 08:41:00,2010-12-05 16:10:00,2,467.04,368,14,0,Potential Loyalist,0.5254128471425135
13581.0,2011-02-03 14:41:00,2011-02-03 14:41:00,1,118.0,308,308,1,At Risk,0.9708575271133771
13583.0,2011-07-07 10:40:00,2011-07-07 10:40:00,1,781.03,155,155,1,At Risk,0.7995898185896375
13584.0,2011-02-06 12:49:00,2011-02-06 12:49:00,1,142.4,306,306,1,At Risk,0.9675708826934116
13587.0,2011-10-07 12:31:00,2011-10-07 12:31:00,1,712.4,63,63,0,Others,0.015256754713031822
13588.0,2011-11-24 10:42:00,2011-03-29 15:53:00,9,2478.95,254,15,0,Loyal Customers,0.0628874885207315
13589.0,2011-11-25 12:10:00,2011-06-13 12:44:00,2,379.65,179,14,0,Potential Loyalist,0.4140309218449214
13590.0,2011-11-28 12:54:00,2011-02-09 13:25:00,6,1981.92,302,10,0,Loyal Customers,0.10505833989855198
13591.0,2011-10-06 12:26:00,2011-03-18 12:18:00,3,1117.13,266,64,0,Others,0.3405732805897148
13592.0,2011-11-04 09:49:00,2011-03-20 14:01:00,4,247.96,263,35,0,Others,0.4569256970304926
13593.0,2011-08-23 13:35:00,2011-01-07 16:32:00,5,2037.08,335,107,1,At Risk,0.1283514285512895
13594.0,2011-10-18 10:19:00,2011-10-18 10:19:00,1,396.97,52,52,0,Others,0.0323679106966485
13596.0,2011-12-04 12:01:00,2011-11-27 11:57:00,2,697.04,12,5,0,Potential Loyalist,0.023001527634191627
13598.0,2011-10-23 14:28:00,2011-10-23 14:28:00,1,180.17,46,46,0,Others,0.030244530212525565
13599.0,2011-12-08 16:10:00,2010-12-08 10:11:00,21,5153.67,366,0,0,Champions,0.020417587252978788
13600.0,2011-01-31 15:27:00,2011-01-31 15:27:00,1,219.52,311,311,1,At Risk,0.9448199465070597
13601.0,2011-10-25 17:31:00,2011-05-12 16:52:00,2,693.32,210,44,0,Others,0.3841292286399418
13602.0,2011-10-06 11:47:00,2011-10-06 11:47:00,1,428.89,64,64,0,Others,0.025664191985844062
13603.0,2011-11-13 15:57:00,2011-11-13 15:57:00,1,164.34,25,25,0,Potential Loyalist,0.0294526834648491
13606.0,2011-11-10 17:46:00,2011-02-01 11:42:00,3,280.54,311,28,0,Potential Loyalist,0.5569972465315829
13607.0,2011-10-30 16:17:00,2011-10-30 16:17:00,1,678.01,39,39,0,Others,0.015711300167577276
13610.0,2011-11-27 15:38:00,2011-02-27 14:44:00,7,1131.88,284,11,0,Loyal Customers,0.13478172096736502
13611.0,2011-09-11 14:51:00,2010-12-15 10:31:00,3,1171.8,359,88,0,At Risk,0.3355235123948262
13614.0,2011-11-15 14:47:00,2011-01-13 12:37:00,4,1610.46,330,23,0,Loyal Customers,0.19777475044610765
13615.0,2011-01-25 08:21:00,2011-01-25 08:21:00,1,417.69,318,318,1,At Risk,0.9315795502428489
13617.0,2011-10-30 13:50:00,2011-06-12 12:55:00,3,544.18,179,39,0,Others,0.318091626569073
13618.0,2011-06-19 11:09:00,2011-06-19 11:09:00,1,177.34,173,173,1,At Risk,0.9601521173260834
13621.0,2011-08-15 08:26:00,2011-08-15 08:26:00,1,213.85,116,116,1,At Risk,0.9249176808217966
13623.0,2011-11-09 12:00:00,2011-02-15 13:08:00,5,747.78,296,30,0,Loyal Customers,0.20554470661576066
13626.0,2011-04-01 10:05:00,2011-04-01 10:05:00,1,257.23,252,252,1,At Risk,0.955753421012425
13627.0,2011-10-11 14:20:00,2010-12-17 09:52:00,5,1638.47,357,58,0,Others,0.14356174250971507
13629.0,2011-11-16 13:21:00,2011-01-05 12:09:00,11,7792.36,338,22,0,Loyal Customers,0.040793545187870074
13630.0,2011-12-04 15:16:00,2011-02-27 12:49:00,7,2031.78,285,4,0,Loyal Customers,0.07345277493284272
13631.0,2011-09-01 09:57:00,2011-03-17 17:13:00,11,3070.42,266,99,1,At Risk,0.06427682882333147
13632.0,2011-11-15 10:51:00,2011-04-10 15:07:00,5,2121.27,242,24,0,Loyal Customers,0.09868795518729648
13634.0,2011-11-06 13:40:00,2011-01-16 15:30:00,5,1575.16,326,32,0,Loyal Customers,0.1302343224048028
13635.0,2011-10-03 10:55:00,2011-10-03 10:55:00,1,1071.03,67,67,0,Others,0.022468945981816923
13636.0,2011-11-03 10:30:00,2011-02-27 14:29:00,5,949.12,284,36,0,Others,0.1755568780327953
13637.0,2011-10-18 13:32:00,2011-04-27 13:06:00,3,810.5,225,51,0,Others,0.23543609969451534
13638.0,2011-11-24 10:38:00,2011-11-24 10:38:00,1,122.64,15,15,0,Potential Loyalist,0.036849656611362205
13639.0,2011-09-26 13:36:00,2011-09-26 13:36:00,1,1033.34,73,73,0,At Risk,0.022660333541625537
13642.0,2011-05-08 12:34:00,2011-05-08 12:34:00,1,354.8,215,215,1,At Risk,0.947532257160724
13643.0,2011-11-08 15:37:00,2011-06-07 11:40:00,3,519.44,185,30,0,Potential Loyalist,0.3412068688875977
13644.0,2011-11-23 14:07:00,2011-08-26 11:53:00,4,2624.26,105,15,0,Loyal Customers,0.06472485873297805
13645.0,2011-08-11 16:11:00,2011-08-11 16:11:00,1,252.1,119,119,1,At Risk,0.9370672115180717
13647.0,2011-11-30 12:00:00,2011-04-19 09:49:00,4,1678.12,234,9,0,Loyal Customers,0.1747453018953741
13649.0,2011-03-28 11:51:00,2010-12-08 14:46:00,2,346.6,365,256,1,At Risk,0.5943930065759825
13650.0,2011-11-23 12:22:00,2011-03-17 12:37:00,6,1836.34,267,16,0,Loyal Customers,0.09409075703453638
13651.0,2011-11-04 14:59:00,2011-10-31 12:11:00,2,94.2,39,34,0,Others,0.04195037091307402
13652.0,2011-10-25 08:51:00,2010-12-06 09:21:00,3,1095.08,368,45,0,Others,0.3390484798371851
13654.0,2011-10-27 16:24:00,2011-03-11 12:54:00,6,2707.33,272,42,0,Others,0.08330878680069623
13655.0,2011-08-17 14:25:00,2011-04-12 09:53:00,2,932.97,241,113,1,At Risk,0.46782013801658967
13656.0,2011-06-28 10:31:00,2011-01-06 15:42:00,2,379.65,336,164,1,At Risk,0.5708522427478411
13657.0,2011-11-29 12:32:00,2011-05-22 12:35:00,2,382.14,201,10,0,Potential Loyalist,0.4872928719445255
13658.0,2011-11-30 10:13:00,2011-05-19 17:15:00,5,2639.17,203,9,0,Loyal Customers,0.06613576795750323
13659.0,2011-05-18 12:37:00,2011-01-23 12:08:00,2,1573.2,320,205,1,At Risk,0.5064036667244417
13662.0,2011-09-15 12:04:00,2011-03-25 13:23:00,3,897.76,258,85,0,At Risk,0.3583130738203048
13663.0,2011-06-13 15:44:00,2011-06-13 15:44:00,1,189.47,178,178,1,At Risk,0.9587314420642093
13666.0,2011-10-10 15:39:00,2011-02-25 13:05:00,3,84.65,286,59,0,Others,0.47511050792228504
13667.0,2011-07-13 15:42:00,2011-07-13 15:42:00,1,305.02,148,148,1,At Risk,0.9394794955834439
13668.0,2011-12-07 12:11:00,2010-12-12 12:35:00,21,6363.59,362,2,0,Champions,0.024554035647248056
13669.0,2011-10-20 09:32:00,2011-07-13 11:44:00,2,218.55,149,50,0,Others,0.34745612652816055
13670.0,2011-09-25 15:25:00,2011-09-25 15:25:00,1,349.7,74,74,0,At Risk,0.02848685388481694
13672.0,2011-02-11 13:53:00,2011-01-11 13:54:00,2,186.39,331,300,1,At Risk,0.6247670937688704
13673.0,2011-11-21 12:11:00,2011-11-07 15:40:00,2,396.92,31,18,0,Potential Loyalist,0.02376749140518849
13675.0,2011-07-11 12:57:00,2011-02-28 12:14:00,2,486.8200000000001,284,150,1,At Risk,0.4962051979678171
13678.0,2011-07-11 10:14:00,2011-07-11 10:14:00,1,232.6,151,151,1,At Risk,0.9395899887737756
13680.0,2011-12-08 13:47:00,2011-01-04 14:12:00,4,3722.42,338,0,0,Loyal Customers,0.15080112130203932
13681.0,2011-11-22 11:13:00,2011-07-07 15:21:00,4,827.83,154,17,0,Loyal Customers,0.1262989778396137
13682.0,2011-06-05 14:06:00,2011-06-05 14:06:00,1,59.5,186,186,1,At Risk,0.977259001421914
13684.0,2011-02-27 10:13:00,2011-02-27 10:13:00,1,67.23,285,285,1,At Risk,0.984175680740853
13685.0,2011-12-07 11:41:00,2011-10-10 12:59:00,7,3119.44,59,2,0,Champions,0.01632678495702843
13686.0,2011-06-10 09:10:00,2011-06-10 09:10:00,1,72.0,182,182,1,At Risk,0.9773857300492762
13689.0,2011-10-07 13:21:00,2011-10-07 13:21:00,1,910.0,62,62,0,Others,0.023070941165855455
13690.0,2011-10-11 15:03:00,2011-10-11 15:03:00,1,172.25,58,58,0,Others,0.0277526834648491
13692.0,2011-11-15 11:17:00,2011-04-17 12:57:00,3,1488.32,235,24,0,Potential Loyalist,0.2597452960618776
13694.0,2011-12-06 09:32:00,2010-12-01 12:12:00,50,65039.62,373,3,0,Champions,0.03712869523896306
13695.0,2011-11-08 14:26:00,2011-03-25 11:31:00,15,2504.13,259,30,0,Loyal Customers,0.05127729268751497
13697.0,2011-11-01 09:14:00,2011-11-01 09:14:00,1,151.3,38,38,0,Others,0.04194889704711922
13699.0,2011-07-07 16:51:00,2011-07-07 16:51:00,1,308.58000000000004,154,154,1,At Risk,0.9407548080012919
13700.0,2011-11-13 13:00:00,2011-01-16 13:18:00,10,2265.12,326,25,0,Loyal Customers,0.0639029018666282
13703.0,2011-01-25 13:10:00,2011-01-25 13:10:00,1,99.5,317,317,1,At Risk,0.9740162653656951
13704.0,2011-12-04 15:13:00,2011-09-12 14:40:00,9,2308.06,87,4,0,Champions,0.019346267960888584
13705.0,2011-12-02 12:32:00,2010-12-01 10:29:00,3,711.86,373,7,0,Potential Loyalist,0.44168482803473147
13706.0,2011-02-10 09:21:00,2011-02-10 09:21:00,1,330.79,302,302,1,At Risk,0.9514453862305094
13707.0,2011-03-17 18:03:00,2011-01-28 13:27:00,2,806.41,314,266,1,At Risk,0.4906779824001832
13708.0,2011-03-13 13:46:00,2011-03-13 13:46:00,1,296.88,270,270,1,At Risk,0.9537491036150055
13709.0,2011-12-06 10:28:00,2011-01-28 14:57:00,13,6328.05,314,3,0,Champions,0.03740784704706102
13710.0,2011-11-08 08:16:00,2011-11-08 08:16:00,1,180.48,31,31,0,Potential Loyalist,0.030244530212525565
13711.0,2011-05-05 10:31:00,2011-05-05 10:29:00,2,252.06,218,218,1,At Risk,0.5486300617490724
13712.0,2011-04-07 12:33:00,2011-04-07 12:33:00,1,228.84,246,246,1,At Risk,0.9586766915282046
13715.0,2011-03-03 19:21:00,2010-12-02 08:52:00,5,1079.34,372,280,1,At Risk,0.3784775233559812
13716.0,2011-03-15 13:49:00,2011-03-15 13:49:00,1,138.28,268,268,1,At Risk,0.966942331809847
13717.0,2011-11-07 14:13:00,2011-02-14 13:21:00,6,1445.01,297,31,0,Loyal Customers,0.12187474177815291
13718.0,2011-04-07 13:24:00,2011-02-17 11:58:00,2,306.55,295,245,1,At Risk,0.562865212403568
13719.0,2011-11-24 15:26:00,2011-04-19 13:56:00,5,1041.68,233,14,0,Loyal Customers,0.14804662433175286
13720.0,2011-08-15 12:46:00,2011-03-30 09:17:00,4,799.9,254,116,1,At Risk,0.2500994020809709
13721.0,2011-11-03 14:05:00,2011-11-03 14:05:00,1,524.14,35,35,0,Others,0.028966704594452455
13722.0,2011-07-31 12:44:00,2011-03-02 11:43:00,3,2375.41,282,131,1,At Risk,0.35883765146580693
13723.0,2011-05-06 17:04:00,2011-05-06 17:04:00,1,199.85,216,216,1,At Risk,0.9608005943208372
13725.0,2011-10-21 10:03:00,2011-02-04 12:18:00,8,1980.56,308,49,0,Others,0.07754556429066567
13726.0,2011-11-01 10:49:00,2011-08-31 11:06:00,2,1079.66,100,38,0,Others,0.14398292827545953
13727.0,2011-11-11 09:46:00,2011-11-06 12:16:00,2,333.48,33,28,0,Potential Loyalist,0.021369768101898532
13728.0,2011-11-03 10:49:00,2011-02-02 12:09:00,6,1016.14,310,36,0,Others,0.17508666489616556
13730.0,2011-07-27 08:35:00,2011-07-01 12:47:00,2,752.6,161,135,1,At Risk,0.40339401128747965
13731.0,2011-05-04 14:33:00,2011-04-07 10:10:00,2,610.59,246,218,1,At Risk,0.5153912891943698
13732.0,2011-11-11 15:49:00,2011-11-11 15:49:00,1,491.86,27,27,0,Potential Loyalist,0.03157540024662637
13735.0,2011-11-15 11:14:00,2011-04-19 13:49:00,4,2885.24,233,24,0,Loyal Customers,0.11939173326338476
13736.0,2011-12-04 15:19:00,2011-03-24 13:04:00,2,731.9,259,4,0,Potential Loyalist,0.46969636261263564
13737.0,2011-05-23 16:32:00,2011-05-23 16:32:00,1,339.6,199,199,1,At Risk,0.9411134809076236
13739.0,2011-11-21 13:35:00,2011-11-21 13:35:00,1,216.9,17,17,0,Potential Loyalist,0.02017325664579854
13740.0,2011-04-13 10:32:00,2011-04-13 10:32:00,1,350.75,240,240,1,At Risk,0.946850602579135
13741.0,2011-09-29 09:19:00,2011-05-06 13:43:00,3,668.4300000000001,216,71,0,Others,0.2621229149765012
13742.0,2011-11-23 11:07:00,2011-01-23 14:59:00,12,3131.02,319,16,0,Loyal Customers,0.06133417026661158
13743.0,2011-12-07 10:09:00,2011-03-25 14:46:00,7,1341.6,258,2,0,Loyal Customers,0.10303631874233649
13744.0,2011-09-05 15:19:00,2011-02-20 14:08:00,2,1156.36,291,94,1,At Risk,0.4791762695444421
13745.0,2011-06-30 16:43:00,2011-06-30 16:43:00,1,300.04,161,161,1,At Risk,0.9447957251382177
13747.0,2010-12-01 10:37:00,2010-12-01 10:37:00,1,79.6,373,373,1,At Risk,0.9733285348601634
13748.0,2011-09-05 09:45:00,2010-12-01 09:00:00,5,948.25,373,95,1,At Risk,0.4246283880511454
13750.0,2011-10-17 12:16:00,2011-01-07 11:49:00,5,1647.26,336,53,0,Others,0.13829789628843156
13751.0,2011-02-24 15:56:00,2011-02-24 15:56:00,1,296.25,287,287,1,At Risk,0.9565920409948316
13752.0,2011-08-07 14:16:00,2011-04-07 12:04:00,6,1186.28,246,123,1,At Risk,0.12596035887065943
13753.0,2011-02-25 12:48:00,2011-02-25 12:48:00,1,741.26,287,287,1,At Risk,0.8278868315481616
13754.0,2011-07-11 11:51:00,2011-01-26 14:58:00,2,282.6,316,151,1,At Risk,0.5711728211613225
13755.0,2011-12-06 12:26:00,2011-10-07 15:45:00,9,2161.35,62,3,0,Champions,0.020922207360089793
13756.0,2011-12-07 16:44:00,2010-12-07 11:41:00,14,5189.52,367,1,0,Champions,0.021470252908497883
13758.0,2011-11-28 11:11:00,2010-12-01 12:08:00,7,3190.55,373,11,0,Champions,0.07984444942778567
13759.0,2011-11-06 14:47:00,2011-09-29 15:40:00,2,659.4100000000001,70,32,0,Potential Loyalist,0.0237707584034224
13760.0,2011-10-16 16:13:00,2011-03-28 12:52:00,2,286.79,255,53,0,Others,0.5446012104948311
13761.0,2011-10-20 14:01:00,2011-06-13 08:43:00,2,1070.65,179,49,0,Others,0.360438650878435
13762.0,2011-05-05 09:15:00,2011-05-05 09:15:00,1,306.72,218,218,1,At Risk,0.9586890900658842
13763.0,2011-10-07 15:13:00,2011-10-07 15:13:00,1,1714.96,62,62,0,Others,0.037410275968037685
13764.0,2011-09-30 12:03:00,2011-01-06 14:53:00,3,1521.76,336,70,0,Others,0.35980539320469157
13767.0,2011-12-07 15:00:00,2010-12-01 10:47:00,37,17220.36,373,1,0,Champions,0.041683042817210136
13769.0,2011-12-07 15:08:00,2010-12-07 13:28:00,10,2796.51,366,1,0,Champions,0.04243670547259549
13771.0,2011-10-06 14:18:00,2011-04-06 15:47:00,4,2634.45,246,63,0,Others,0.12743795616147702
13772.0,2011-11-06 11:43:00,2011-04-14 12:31:00,3,1132.13,239,33,0,Others,0.2659312222659689
13774.0,2011-09-19 12:06:00,2011-09-19 12:06:00,1,345.0,81,81,0,At Risk,0.023913260811223868
13777.0,2011-12-09 12:25:00,2010-12-01 16:01:00,33,25977.16,372,0,0,Champions,0.026837838460148655
13778.0,2011-08-28 15:25:00,2011-08-28 15:25:00,1,178.7,102,102,1,At Risk,0.9508161867921442
13780.0,2011-12-02 13:49:00,2011-06-22 11:43:00,2,360.01,170,6,0,Potential Loyalist,0.4051989420189868
13781.0,2011-04-03 12:08:00,2011-04-03 12:08:00,1,127.84,250,250,1,At Risk,0.9702784844014495
13782.0,2011-11-27 11:54:00,2011-01-16 11:08:00,6,912.0,327,12,0,Loyal Customers,0.17083606059691078
13784.0,2011-11-30 09:33:00,2011-01-11 14:38:00,11,2462.79,331,9,0,Champions,0.057499897037290054
13786.0,2010-12-07 13:53:00,2010-12-07 13:53:00,1,230.4,366,366,1,At Risk,0.9587602216711812
13787.0,2011-09-25 12:06:00,2010-12-10 14:45:00,2,309.04,363,75,0,At Risk,0.5988335127584503
13790.0,2011-12-05 15:48:00,2011-12-05 15:48:00,1,348.79999999999995,3,3,0,Potential Loyalist,0.02848685388481694
13791.0,2011-08-04 11:44:00,2011-06-24 16:38:00,2,1516.0,167,127,1,At Risk,0.3324561479332083
13792.0,2011-10-04 14:31:00,2011-02-25 14:03:00,2,195.55,286,65,0,Others,0.588042622978049
13798.0,2011-12-08 15:51:00,2010-12-02 17:24:00,57,37153.85,371,0,0,Champions,0.01885437689215307
13799.0,2011-08-15 12:07:00,2011-02-18 14:18:00,2,688.86,293,116,1,At Risk,0.49968437932011817
13800.0,2011-02-03 12:27:00,2011-02-03 12:27:00,1,558.32,309,309,1,At Risk,0.9139124507084037
13801.0,2011-10-04 10:15:00,2011-10-04 10:15:00,1,324.8,66,66,0,Others,0.02859749729717051
13802.0,2011-07-24 10:54:00,2011-02-01 12:03:00,3,4599.42,311,138,1,At Risk,0.3360287356654944
13803.0,2011-03-29 12:57:00,2011-03-29 12:57:00,1,277.07,254,254,1,At Risk,0.9543263188839383
13804.0,2011-11-09 12:32:00,2011-02-23 09:09:00,7,2635.79,289,30,0,Loyal Customers,0.0633342884330508
13805.0,2011-10-18 14:50:00,2011-08-02 15:29:00,2,924.6,128,51,0,Others,0.3061339109050806
13806.0,2011-10-07 11:43:00,2011-10-07 11:43:00,1,256.38,63,63,0,Others,0.028778147854021198
13807.0,2010-12-07 15:48:00,2010-12-07 15:48:00,1,112.6,366,366,1,At Risk,0.9725207262172084
13808.0,2011-12-04 12:18:00,2011-09-04 12:07:00,5,1747.66,96,5,0,Loyal Customers,0.05380525056401419
13809.0,2011-02-07 13:15:00,2011-02-07 13:15:00,1,155.05,304,304,1,At Risk,0.9647261606598222
13810.0,2011-11-11 08:33:00,2011-10-14 12:57:00,3,1499.01,55,28,0,Potential Loyalist,0.02780293951478729
13811.0,2011-06-09 09:54:00,2011-04-14 18:40:00,3,814.5,238,183,1,At Risk,0.30114489785157844
13812.0,2011-10-28 14:27:00,2011-08-26 12:54:00,3,539.0,104,41,0,Others,0.19839494643879832
13813.0,2011-10-31 10:38:00,2011-07-28 10:33:00,4,1366.86,134,39,0,Others,0.079213711089317
13814.0,2011-09-08 13:48:00,2011-07-25 13:54:00,2,1579.12,136,91,1,At Risk,0.317791449444414
13815.0,2011-11-17 14:19:00,2011-01-25 12:16:00,4,4027.36,318,21,0,Loyal Customers,0.1297110237290893
13816.0,2011-11-16 08:38:00,2011-10-06 14:37:00,2,571.6700000000001,63,23,0,Potential Loyalist,0.02482166790282846
13817.0,2011-11-10 17:49:00,2010-12-23 11:46:00,2,382.98,351,28,0,Potential Loyalist,0.5703616784230146
13819.0,2011-02-11 10:38:00,2011-01-24 10:38:00,3,1140.35,319,301,1,At Risk,0.40456955894503316
13821.0,2011-07-18 09:49:00,2011-03-23 11:30:00,2,385.64,261,144,1,At Risk,0.55078886942548
13822.0,2011-12-04 12:13:00,2011-10-30 15:55:00,2,632.0,39,5,0,Potential Loyalist,0.030563487078996608
13823.0,2011-11-21 10:22:00,2011-09-09 10:42:00,2,957.66,91,18,0,Potential Loyalist,0.026425702973923864
13824.0,2011-11-07 12:41:00,2011-02-02 13:07:00,5,1698.94,309,32,0,Loyal Customers,0.12990357760286467
13826.0,2011-06-16 13:48:00,2011-06-16 13:48:00,1,189.5,175,175,1,At Risk,0.9479297342843231
13827.0,2011-10-13 12:38:00,2011-07-19 15:38:00,3,412.05,142,57,0,Others,0.2929644713431664
13828.0,2011-11-17 16:02:00,2011-11-17 16:02:00,1,209.49,21,21,0,Potential Loyalist,0.021873256645798537
13831.0,2011-11-23 15:41:00,2010-12-05 12:13:00,6,2202.99,369,15,0,Loyal Customers,0.1086968864795948
13832.0,2011-11-20 15:36:00,2011-11-20 15:36:00,1,52.2,18,18,0,Potential Loyalist,0.027507460640327636
13833.0,2011-07-03 13:27:00,2011-07-03 13:27:00,1,384.8,158,158,1,At Risk,0.9147427569592851
13835.0,2011-11-14 15:37:00,2011-05-08 15:22:00,4,834.57,214,24,0,Loyal Customers,0.13395842774140174
13837.0,2011-05-12 12:10:00,2011-01-26 12:15:00,2,271.24,317,211,1,At Risk,0.5711728211613225
13838.0,2011-12-04 11:00:00,2010-12-05 10:45:00,4,691.73,369,5,0,Loyal Customers,0.30280172698500657
13841.0,2011-04-01 12:10:00,2011-04-01 12:10:00,1,85.0,252,252,1,At Risk,0.9801226769986209
13842.0,2011-10-12 10:51:00,2010-12-08 10:39:00,9,3385.62,366,58,0,Others,0.051334552198361666
13844.0,2011-11-28 13:21:00,2011-11-28 13:21:00,1,361.62,10,10,0,Potential Loyalist,0.02848685388481694
13845.0,2011-10-06 08:25:00,2011-10-06 08:25:00,1,312.98,64,64,0,Others,0.02859749729717051
13846.0,2011-11-15 12:07:00,2010-12-14 16:07:00,3,865.0600000000001,359,24,0,Potential Loyalist,0.3922919442504199
13848.0,2011-09-08 12:58:00,2010-12-08 15:10:00,3,1255.0,365,91,1,At Risk,0.3346923271114138
13849.0,2011-10-19 10:59:00,2011-06-22 10:11:00,2,1537.95,170,51,0,Others,0.3320211323969392
13850.0,2011-08-02 14:04:00,2011-08-02 14:04:00,1,1595.48,128,128,1,At Risk,0.824184399919351
13851.0,2011-09-05 12:36:00,2011-02-24 17:18:00,3,2651.46,287,95,1,At Risk,0.33374470396843514
13853.0,2011-10-13 14:18:00,2011-10-13 14:18:00,1,1090.14,56,56,0,Others,0.024633091922707382
13854.0,2011-12-01 09:06:00,2010-12-09 10:48:00,25,8109.519999999999,365,8,0,Champions,0.019322786467150178
13856.0,2011-06-24 10:03:00,2011-05-20 13:13:00,3,388.5,202,168,1,At Risk,0.45665699860178094
13858.0,2011-10-13 16:17:00,2011-10-13 16:17:00,1,216.17,56,56,0,Others,0.02017325664579854
13859.0,2011-01-17 16:14:00,2011-01-17 16:14:00,1,201.16,325,325,1,At Risk,0.9670756973412381
13860.0,2011-12-08 12:57:00,2011-09-14 09:27:00,5,1245.9,86,0,0,Loyal Customers,0.021141084351421983
13862.0,2011-11-21 16:24:00,2011-01-11 15:13:00,8,2209.36,331,17,0,Loyal Customers,0.07579341173698814
13863.0,2011-04-06 10:20:00,2011-04-06 10:20:00,1,305.78,247,247,1,At Risk,0.9546026540961801
13865.0,2011-10-12 13:31:00,2011-02-23 12:04:00,4,501.56,289,57,0,Others,0.3568956524489101
13866.0,2011-09-26 14:54:00,2011-09-26 14:54:00,1,145.67,73,73,0,At Risk,0.045448897047119206
13867.0,2011-11-08 15:48:00,2011-05-05 17:28:00,3,1015.29,217,30,0,Potential Loyalist,0.23341808588440255
13868.0,2011-12-02 16:32:00,2011-11-01 12:45:00,2,3192.54,38,6,0,Potential Loyalist,0.043471613247206504
13869.0,2011-08-08 13:53:00,2010-12-17 15:14:00,4,3104.9500000000003,356,122,1,At Risk,0.19334943324017545
13870.0,2011-12-07 13:23:00,2011-02-25 09:09:00,8,2770.94,287,1,0,Champions,0.06486393523927254
13871.0,2011-11-17 10:49:00,2011-02-04 09:30:00,13,6403.25,308,22,0,Loyal Customers,0.03700969036637051
13873.0,2011-08-12 10:08:00,2011-02-03 09:37:00,3,389.6,309,119,1,At Risk,0.5446979713157732
13874.0,2010-12-16 18:20:00,2010-12-16 18:20:00,1,540.45,357,357,1,At Risk,0.9175235520013777
13875.0,2011-10-17 09:36:00,2011-02-11 15:39:00,5,1786.79,300,53,0,Others,0.11328717693542047
13876.0,2011-10-07 10:22:00,2011-10-07 10:22:00,1,122.7,63,63,0,Others,0.036849656611362205
13877.0,2011-09-14 15:49:00,2011-09-14 15:49:00,1,117.24,85,85,0,At Risk,0.05922871030620538
13878.0,2011-10-16 12:19:00,2011-10-16 12:19:00,1,1281.53,54,54,0,Others,0.02462650011327177
13880.0,2011-11-18 13:44:00,2010-12-07 14:00:00,13,3219.77,366,20,0,Loyal Customers,0.042742644543103385
13881.0,2011-12-06 12:50:00,2011-02-01 10:14:00,20,17159.52,311,3,0,Champions,0.034673735530242264
13882.0,2011-12-07 11:16:00,2011-10-06 15:28:00,5,1191.13,63,2,0,Loyal Customers,0.022484726126313758
13883.0,2011-11-29 10:45:00,2011-03-31 17:17:00,5,2674.48,252,10,0,Loyal Customers,0.08092751560760847
13884.0,2011-12-02 16:30:00,2011-03-01 13:40:00,5,787.6,282,6,0,Loyal Customers,0.19073424687983478
13885.0,2011-06-03 15:07:00,2011-05-23 08:52:00,2,506.8,200,188,1,At Risk,0.47684167753512097
13886.0,2011-09-29 13:17:00,2011-09-29 13:17:00,1,243.56,70,70,0,Others,0.028778147854021198
13887.0,2011-05-19 17:22:00,2011-05-19 17:22:00,1,349.55,203,203,1,At Risk,0.9358341343739985
13888.0,2011-08-12 10:13:00,2011-05-05 14:41:00,2,605.63,217,119,1,At Risk,0.5027229254297154
13889.0,2011-09-08 09:13:00,2011-09-08 09:13:00,1,416.9,92,92,1,At Risk,0.6954456417625832
13890.0,2011-12-08 15:36:00,2010-12-16 09:31:00,10,1883.81,358,0,0,Loyal Customers,0.0819583360730528
13892.0,2011-11-13 11:50:00,2011-04-07 12:04:00,4,632.97,246,26,0,Loyal Customers,0.3165758398507183
13893.0,2011-02-15 11:30:00,2011-02-15 11:30:00,1,821.1,297,297,1,At Risk,0.8170605173926577
13894.0,2011-11-16 09:44:00,2011-02-02 12:54:00,3,564.62,309,23,0,Potential Loyalist,0.43800531434593326
13895.0,2011-11-11 16:57:00,2011-06-28 10:17:00,4,2593.07,164,27,0,Loyal Customers,0.08350229614683544
13897.0,2011-10-20 14:30:00,2011-10-20 14:30:00,1,311.16,49,49,0,Others,0.02859749729717051
13898.0,2011-01-18 10:28:00,2011-01-18 10:28:00,1,155.93,325,325,1,At Risk,0.9695034998444965
13899.0,2011-11-23 13:40:00,2011-03-10 09:30:00,2,388.52,274,15,0,Potential Loyalist,0.5426097210782034
13900.0,2011-06-09 19:26:00,2011-03-22 10:13:00,3,740.95,262,182,1,At Risk,0.3901202087746802
13901.0,2011-09-28 14:48:00,2011-01-25 09:01:00,5,2867.2000000000003,318,71,0,Others,0.09777400962154856
13904.0,2011-11-02 13:41:00,2011-02-18 11:18:00,2,332.64,294,36,0,Others,0.5520133413409001
13908.0,2011-09-21 11:49:00,2011-03-08 12:04:00,4,2369.55,276,79,0,At Risk,0.1792787246094431
13911.0,2011-10-13 15:43:00,2011-02-04 14:46:00,9,2580.91,307,56,0,Others,0.0669188481937625
13914.0,2011-11-28 10:35:00,2011-11-03 16:28:00,2,626.45,35,11,0,Potential Loyalist,0.029210591499140466
13917.0,2011-10-21 09:56:00,2011-06-01 12:46:00,2,272.04,191,49,0,Others,0.46093214811029093
13918.0,2011-10-21 12:25:00,2011-03-31 18:05:00,2,1212.84,252,49,0,Others,0.4464807218766669
13919.0,2011-10-11 14:24:00,2011-08-10 10:15:00,2,384.81,121,58,0,Others,0.30331229647707775
13922.0,2010-12-23 10:38:00,2010-12-23 10:38:00,1,172.25,351,351,1,At Risk,0.9568348529235859
13923.0,2011-10-17 12:33:00,2011-10-17 12:33:00,1,351.13,53,53,0,Others,0.02848685388481694
13924.0,2011-12-08 09:39:00,2011-09-28 15:07:00,6,1838.85,71,1,0,Loyal Customers,0.020129773158832524
13925.0,2011-09-08 12:47:00,2011-07-28 12:09:00,4,678.25,134,92,1,At Risk,0.16884999172329668
13926.0,2011-11-16 13:16:00,2011-11-16 13:16:00,1,223.85,22,22,0,Potential Loyalist,0.02523278045532235
13927.0,2011-09-26 12:00:00,2011-09-26 12:00:00,1,348.99,74,74,0,At Risk,0.02848685388481694
13928.0,2011-11-29 10:33:00,2011-07-29 15:59:00,4,464.57,132,10,0,Loyal Customers,0.23304693746243138
13929.0,2011-06-23 15:26:00,2011-01-17 15:11:00,2,842.65,325,168,1,At Risk,0.4953994962150354
13930.0,2011-10-13 09:45:00,2011-07-26 11:00:00,2,337.34,136,57,0,Others,0.3689249039430309
13931.0,2011-09-05 10:12:00,2011-03-04 08:43:00,2,1237.53,280,95,1,At Risk,0.4624882636713645
13932.0,2011-02-18 12:02:00,2011-02-18 12:02:00,1,307.4,294,294,1,At Risk,0.9519565375601838
13933.0,2011-08-22 14:03:00,2011-07-14 13:35:00,2,608.79,147,108,1,At Risk,0.4480023707322246
13934.0,2011-03-21 08:39:00,2011-03-21 08:39:00,1,922.1,263,263,1,At Risk,0.8273370969925722
13936.0,2011-06-13 08:47:00,2011-06-13 08:47:00,1,376.58,179,179,1,At Risk,0.9141088594355297
13937.0,2011-06-23 16:35:00,2011-06-23 16:35:00,1,158.85,168,168,1,At Risk,0.9555823992749508
13938.0,2011-11-04 14:37:00,2011-11-04 14:37:00,1,71.66,34,34,0,Others,0.027972798123888438
13939.0,2011-11-16 13:33:00,2011-02-01 11:30:00,3,568.55,311,22,0,Potential Loyalist,0.43937141354257314
13940.0,2011-11-22 15:15:00,2011-07-18 16:05:00,4,839.14,143,16,0,Loyal Customers,0.10517300890371718
13941.0,2011-11-18 09:43:00,2010-12-02 10:17:00,5,5112.96,372,21,0,Loyal Customers,0.1873190302857842
13946.0,2011-09-21 13:33:00,2011-03-17 10:02:00,3,561.57,267,78,0,At Risk,0.42493859457486366
13947.0,2011-10-05 14:42:00,2011-10-05 14:42:00,1,90.6,64,64,0,Others,0.020157316051306978
13948.0,2010-12-14 10:18:00,2010-12-14 10:18:00,1,102.0,360,360,1,At Risk,0.9750359435997847
13949.0,2011-12-07 09:35:00,2011-09-06 11:55:00,6,2427.32,94,2,0,Champions,0.046575874598311466
13950.0,2011-11-28 14:44:00,2011-04-07 11:29:00,4,745.0600000000001,246,10,0,Loyal Customers,0.228377137033409
13951.0,2011-06-16 16:43:00,2011-02-18 15:21:00,3,674.45,293,175,1,At Risk,0.4211469480335297
13952.0,2011-05-06 09:00:00,2011-04-15 09:27:00,2,3251.071,238,217,1,At Risk,0.3414468182852881
13953.0,2011-12-02 16:04:00,2010-12-22 10:29:00,7,3515.68,352,6,0,Champions,0.0676121262764294
13954.0,2011-12-08 12:50:00,2011-09-30 10:52:00,2,439.92,70,1,0,Potential Loyalist,0.020935044596677846
13955.0,2011-07-08 17:19:00,2011-02-07 12:24:00,2,322.96,305,153,1,At Risk,0.5627417314888553
13956.0,2011-12-04 13:20:00,2011-03-13 12:51:00,5,1026.42,270,4,0,Loyal Customers,0.17033756195873728
13959.0,2011-09-21 15:06:00,2010-12-12 13:56:00,3,598.2,361,78,0,At Risk,0.46358721284557064
13960.0,2011-11-18 15:27:00,2011-09-29 12:39:00,2,230.22,71,20,0,Potential Loyalist,0.02268629697559966
13962.0,2011-11-18 08:47:00,2011-04-08 11:21:00,2,169.54999999999998,245,21,0,Potential Loyalist,0.6238019479539824
13963.0,2011-02-04 14:43:00,2010-12-07 09:21:00,4,664.54,367,307,1,At Risk,0.3632968658191142
13967.0,2011-07-17 12:02:00,2011-07-17 12:02:00,1,80.7,145,145,1,At Risk,0.979141012705889
13969.0,2011-12-02 15:11:00,2010-12-09 19:32:00,18,9053.94,364,6,0,Champions,0.020163154609560675
13971.0,2011-11-21 12:06:00,2011-02-27 12:27:00,8,2758.26,285,18,0,Loyal Customers,0.06233699690882708
13972.0,2011-09-30 11:54:00,2011-05-22 11:34:00,2,190.25,201,70,0,Others,0.5482638515313935
13973.0,2011-02-25 15:21:00,2011-02-25 15:21:00,1,264.7,286,286,1,At Risk,0.9558493441801759
13974.0,2011-10-21 14:41:00,2011-10-21 14:41:00,1,413.59,48,48,0,Others,0.0323679106966485
13975.0,2011-11-08 13:19:00,2011-03-08 12:19:00,6,2526.28,276,30,0,Loyal Customers,0.08237476475820658
13976.0,2011-05-17 09:13:00,2011-05-17 09:13:00,1,357.98,206,206,1,At Risk,0.933595998906067
13978.0,2011-11-25 11:36:00,2011-10-25 15:04:00,2,196.79,44,14,0,Potential Loyalist,0.025919848547731404
13979.0,2011-09-27 13:32:00,2011-09-27 13:32:00,1,869.87,72,72,0,At Risk,0.023070941165855455
13980.0,2011-10-10 13:34:00,2011-10-10 13:34:00,1,200.14,59,59,0,Others,0.0325925770388723
13982.0,2011-10-31 16:24:00,2010-12-09 13:57:00,4,1871.81,364,38,0,Others,0.21305888310930832
13983.0,2011-11-10 11:06:00,2010-12-08 10:38:00,12,2603.43,366,29,0,Loyal Customers,0.044732852177970586
13984.0,2011-11-13 12:38:00,2010-12-08 15:58:00,5,920.51,365,26,0,Loyal Customers,0.18325593787792588
13985.0,2011-12-05 17:06:00,2011-03-20 13:48:00,15,7060.13,263,3,0,Champions,0.03642979857007414
13986.0,2011-11-22 15:00:00,2011-11-22 15:00:00,1,320.46,16,16,0,Potential Loyalist,0.02859749729717051
13988.0,2011-11-20 10:15:00,2011-03-30 11:48:00,6,4147.96,254,19,0,Loyal Customers,0.06327490637955403
13989.0,2011-10-05 09:47:00,2011-04-14 15:39:00,2,1266.08,238,65,0,Others,0.4160790590546122
13990.0,2011-05-10 15:19:00,2011-05-10 15:19:00,1,311.3,212,212,1,At Risk,0.9476435598762675
13991.0,2011-11-27 16:18:00,2011-07-19 12:58:00,6,855.97,142,11,0,Loyal Customers,0.10468358854074528
13992.0,2011-11-09 15:23:00,2011-11-09 15:23:00,1,76.8,29,29,0,Potential Loyalist,0.023901369552459868
13993.0,2011-10-28 09:06:00,2011-01-13 10:43:00,9,3466.36,330,42,0,Others,0.0655587615836754
13994.0,2011-12-06 11:05:00,2011-07-14 18:28:00,6,2313.14,147,3,0,Champions,0.05321591791488053
13995.0,2011-11-24 14:22:00,2011-04-08 08:20:00,5,1393.69,245,14,0,Loyal Customers,0.1237233207993034
13999.0,2011-11-29 13:40:00,2010-12-13 11:23:00,12,3901.81,361,9,0,Champions,0.0347894142365407
14000.0,2011-05-12 16:50:00,2011-05-12 16:50:00,1,635.66,210,210,1,At Risk,0.8654421392488512
14001.0,2011-10-25 10:31:00,2010-12-01 12:58:00,3,2043.08,372,45,0,Others,0.33506606757931223
14002.0,2011-07-28 15:55:00,2011-07-06 14:59:00,2,529.73,155,133,1,At Risk,0.430591578685418
14004.0,2011-10-27 14:40:00,2011-02-24 09:28:00,7,4582.64,288,42,0,Others,0.05531718591059872
14005.0,2011-11-30 12:41:00,2011-05-08 10:33:00,5,2874.72,215,9,0,Loyal Customers,0.08018270845898355
14006.0,2011-08-16 09:39:00,2011-01-31 15:11:00,3,962.19,311,115,1,At Risk,0.39879910798984725
14009.0,2011-05-25 15:47:00,2011-05-18 13:00:00,2,695.61,204,197,1,At Risk,0.3930246843603164
14012.0,2011-03-07 12:26:00,2011-03-07 12:26:00,1,328.8,277,277,1,At Risk,0.9529981644526783
14013.0,2011-08-21 15:01:00,2011-03-09 08:59:00,3,473.02,275,109,1,At Risk,0.4713085307371822
14014.0,2011-09-23 13:18:00,2011-09-23 13:18:00,1,505.18,76,76,0,At Risk,0.03339358206480819
14015.0,2011-10-18 10:02:00,2011-10-18 10:02:00,1,917.34,52,52,0,Others,0.02512976469526722
14016.0,2011-07-01 11:29:00,2010-12-17 14:21:00,4,4341.21,356,161,1,At Risk,0.16283053219644905
14019.0,2011-10-24 10:13:00,2011-07-24 15:39:00,3,1421.61,137,46,0,Others,0.1276258943104377
14020.0,2011-11-23 09:22:00,2011-09-12 15:32:00,2,642.8,87,16,0,Potential Loyalist,0.03010786288450165
14021.0,2011-07-07 15:46:00,2011-03-28 15:10:00,3,631.9,255,154,1,At Risk,0.44403599281780876
14022.0,2011-04-28 14:39:00,2011-04-28 14:39:00,1,440.0,224,224,1,At Risk,0.9359260142286245
14023.0,2011-12-02 13:58:00,2011-04-03 15:50:00,2,584.07,249,6,0,Potential Loyalist,0.5157749344211967
14024.0,2011-08-10 11:30:00,2011-08-07 13:31:00,2,327.7,123,121,1,At Risk,0.3584374431206252
14027.0,2011-10-10 09:01:00,2011-10-10 09:01:00,1,104.82,60,60,0,Others,0.028183635995173612
14029.0,2011-10-07 14:46:00,2011-07-18 16:57:00,2,467.66,143,62,0,Others,0.4023104965523504
14030.0,2011-11-21 16:48:00,2010-12-08 16:11:00,8,2360.09,365,17,0,Loyal Customers,0.060451595010532475
14031.0,2011-12-02 17:13:00,2010-12-02 16:34:00,19,17286.86,371,6,0,Champions,0.017747539041443806
14032.0,2011-12-07 15:23:00,2010-12-08 10:53:00,11,2975.59,366,1,0,Champions,0.04321023924505462
14034.0,2011-11-17 14:02:00,2011-07-05 13:06:00,3,651.8199999999999,156,21,0,Potential Loyalist,0.22977359598994948
14035.0,2011-11-11 10:03:00,2011-02-15 12:48:00,5,1428.02,297,28,0,Loyal Customers,0.12988393542860305
14036.0,2011-02-28 09:26:00,2011-02-28 09:26:00,1,626.65,284,284,1,At Risk,0.9039266824452175
14037.0,2011-06-16 13:57:00,2010-12-10 11:39:00,2,147.20000000000002,364,175,1,At Risk,0.7341293209102793
14038.0,2011-09-22 13:37:00,2011-05-16 14:05:00,3,1560.38,206,77,0,At Risk,0.1726772932786631
14039.0,2011-11-06 13:48:00,2011-11-06 13:48:00,1,152.2,32,32,0,Potential Loyalist,0.04688132947955165
14040.0,2011-10-30 12:42:00,2011-01-12 14:57:00,12,3614.92,330,40,0,Others,0.06969527932557269
14041.0,2011-03-18 13:25:00,2011-03-18 13:25:00,1,141.41,265,265,1,At Risk,0.9675428676023408
14044.0,2011-11-13 12:05:00,2011-02-03 11:39:00,4,652.82,309,26,0,Loyal Customers,0.28570557889996595
14045.0,2011-08-22 15:27:00,2010-12-01 11:32:00,4,1659.75,373,108,1,At Risk,0.40643753681727623
14046.0,2011-02-28 14:48:00,2011-02-28 14:48:00,1,154.99,283,283,1,At Risk,0.9669194269510661
14047.0,2011-12-01 11:43:00,2010-12-02 10:09:00,5,1308.61,372,8,0,Loyal Customers,0.3126599028476571
14048.0,2011-02-07 14:53:00,2011-02-07 14:53:00,1,409.93,304,304,1,At Risk,0.9313402805502919
14049.0,2011-11-23 12:20:00,2011-01-26 11:27:00,4,5681.72,317,16,0,Loyal Customers,0.12608204882445137
14050.0,2011-11-08 10:00:00,2011-08-25 13:46:00,2,746.36,105,31,0,Potential Loyalist,0.25982376419871156
14051.0,2011-12-09 10:20:00,2010-12-08 12:49:00,23,15610.39,366,0,0,Champions,0.016576782499840983
14052.0,2011-11-20 12:30:00,2011-11-20 12:30:00,1,225.36,19,19,0,Potential Loyalist,0.030015300892397477
14053.0,2011-08-07 14:27:00,2011-07-03 12:21:00,2,260.25,159,123,1,At Risk,0.39466481956355126
14054.0,2011-10-05 15:49:00,2011-10-05 15:49:00,1,92.46,64,64,0,Others,0.020157316051306978
14055.0,2011-08-25 15:04:00,2011-08-25 15:04:00,1,725.6400000000001,105,105,1,At Risk,0.7951240162513242
14056.0,2011-12-08 13:36:00,2011-02-28 15:19:00,23,8214.65,283,0,0,Champions,0.03231871234172361
14057.0,2011-11-16 10:32:00,2010-12-14 12:11:00,17,6217.96,360,23,0,Loyal Customers,0.023413684770055076
14059.0,2011-03-18 10:06:00,2011-03-18 10:06:00,1,183.6,266,266,1,At Risk,0.9678372354053089
14060.0,2011-12-05 12:29:00,2010-12-02 12:11:00,19,6140.42,372,4,0,Champions,0.030787761495392217
14062.0,2011-11-30 10:04:00,2010-12-10 15:56:00,12,10464.85,363,9,0,Champions,0.02791588785695859
14064.0,2011-11-10 13:14:00,2011-03-10 12:59:00,5,1353.74,273,28,0,Loyal Customers,0.12899352207373554
14066.0,2011-03-18 12:21:00,2011-03-18 12:21:00,1,152.55,266,266,1,At Risk,0.9635838003564552
14067.0,2011-10-07 10:21:00,2011-09-04 12:00:00,2,374.7,96,63,0,Others,0.21723277478371883
14068.0,2011-01-23 16:02:00,2011-01-23 16:02:00,1,265.85,319,319,1,At Risk,0.9539025002457652
14071.0,2011-12-06 12:27:00,2011-03-20 11:33:00,8,1438.82,264,3,0,Loyal Customers,0.10150397596366327
14073.0,2011-11-07 15:49:00,2011-11-07 15:49:00,1,151.04,31,31,0,Potential Loyalist,0.04194889704711922
14075.0,2011-12-05 08:38:00,2011-03-23 16:35:00,3,942.26,260,4,0,Potential Loyalist,0.36055445489603755
14076.0,2011-08-02 15:19:00,2011-08-02 15:19:00,1,122.47,128,128,1,At Risk,0.9695407053679491
14077.0,2011-10-30 12:35:00,2011-03-10 15:52:00,5,499.42,273,40,0,Others,0.3110185150227953
14078.0,2011-08-30 12:16:00,2010-12-01 12:54:00,6,1049.37,372,101,1,At Risk,0.3688010705569916
14079.0,2011-08-07 12:10:00,2011-08-07 12:10:00,1,375.1,124,124,1,At Risk,0.9168909919115635
14080.0,2011-11-07 11:09:00,2011-11-07 11:09:00,1,45.6,32,32,0,Potential Loyalist,0.02411903088826152
14081.0,2011-02-10 16:17:00,2010-12-05 15:47:00,2,934.52,368,301,1,At Risk,0.4931831510786081
14082.0,2010-12-10 11:02:00,2010-12-10 11:02:00,1,182.25,364,364,1,At Risk,0.9691571640212555
14083.0,2011-12-05 13:14:00,2010-12-03 12:24:00,9,1018.43,371,3,0,Loyal Customers,0.149766559212868
14085.0,2011-12-07 13:46:00,2010-12-06 12:39:00,18,4448.54,368,1,0,Champions,0.0216499805968071
14087.0,2011-12-07 12:41:00,2011-12-07 12:41:00,1,194.42,2,2,0,Potential Loyalist,0.025735043368838632
14088.0,2011-11-29 16:16:00,2011-01-21 13:07:00,13,50491.81,321,9,0,Champions,0.06883955335786028
14089.0,2011-10-14 10:38:00,2011-10-14 10:38:00,1,161.0,56,56,0,Others,0.0394526834648491
14090.0,2011-01-19 10:51:00,2011-01-19 10:51:00,1,76.32000000000001,324,324,1,At Risk,0.9812063630031638
14092.0,2011-12-02 12:13:00,2010-12-16 15:47:00,14,4076.91,357,7,0,Champions,0.0359265357098197
14093.0,2011-11-27 16:27:00,2011-11-27 16:27:00,1,442.85,11,11,0,Potential Loyalist,0.03066419198584407
14096.0,2011-12-05 17:17:00,2011-08-30 10:49:00,17,65164.79,101,3,0,Champions,0.05398483648373857
14098.0,2011-11-03 10:13:00,2011-11-03 10:13:00,1,147.35,36,36,0,Others,0.045448897047119206
14099.0,2011-11-23 13:53:00,2010-12-20 11:14:00,11,3104.17,354,15,0,Loyal Customers,0.0637994630474869
14100.0,2011-07-25 11:01:00,2011-07-25 11:01:00,1,194.9,137,137,1,At Risk,0.9562992972356124
14101.0,2011-09-27 12:28:00,2011-01-17 13:09:00,6,5976.79,325,73,0,At Risk,0.07450624548260355
14102.0,2011-12-04 15:38:00,2011-10-26 12:46:00,5,1360.28,44,4,0,Loyal Customers,0.021141084351421983
14104.0,2011-07-08 12:50:00,2011-06-27 12:49:00,2,216.21,165,154,1,At Risk,0.3831097880603796
14105.0,2011-04-14 17:58:00,2011-04-14 17:58:00,1,1266.23,238,238,1,At Risk,0.8235464267175421
14107.0,2011-10-19 12:12:00,2010-12-10 13:29:00,7,2703.23,363,51,0,Others,0.0528679607965363
14108.0,2011-11-09 10:41:00,2011-08-30 11:32:00,2,597.91,101,30,0,Potential Loyalist,0.2516644028815773
14109.0,2011-09-28 10:18:00,2011-09-28 10:18:00,1,144.2,72,72,0,At Risk,0.045448897047119206
14110.0,2011-12-06 12:26:00,2011-03-18 09:59:00,12,5683.15,266,3,0,Champions,0.04190134516712143
14111.0,2011-11-25 13:44:00,2011-04-12 11:36:00,4,692.85,241,13,0,Loyal Customers,0.23283868190431542
14112.0,2011-11-17 12:30:00,2011-03-09 11:28:00,7,2915.15,275,22,0,Loyal Customers,0.05818705726236849
14113.0,2011-12-06 12:18:00,2010-12-20 12:14:00,4,1840.42,354,3,0,Loyal Customers,0.19924031205652581
14114.0,2011-03-11 09:42:00,2011-01-13 11:05:00,2,386.53,330,273,1,At Risk,0.5724513065612139
14116.0,2011-11-20 10:29:00,2011-08-10 12:44:00,5,1382.74,121,19,0,Loyal Customers,0.06455289729957335
14117.0,2011-07-19 09:49:00,2011-07-19 09:49:00,1,90.0,143,143,1,At Risk,0.980405380521981
14121.0,2011-12-06 12:19:00,2011-10-11 10:39:00,4,2780.15,59,3,0,Loyal Customers,0.029485333476159007
14124.0,2011-09-16 13:32:00,2011-09-16 13:32:00,1,419.58,83,83,0,At Risk,0.0323679106966485
14125.0,2011-11-29 12:47:00,2011-09-22 15:40:00,3,2740.43,77,10,0,Potential Loyalist,0.03262469007026255
14126.0,2011-12-02 11:45:00,2011-11-29 12:21:00,3,706.1300000000001,10,7,0,Potential Loyalist,0.02421980349867943
14127.0,2011-08-09 10:49:00,2011-02-02 12:26:00,3,709.71,310,122,1,At Risk,0.44396439956753875
14128.0,2011-10-10 12:00:00,2011-03-29 10:49:00,2,637.5,255,60,0,Others,0.49506458405292547
14129.0,2011-12-08 11:02:00,2011-03-24 08:44:00,5,1123.86,260,1,0,Loyal Customers,0.15706951724136492
14130.0,2011-01-24 16:05:00,2011-01-24 16:05:00,1,483.86,318,318,1,At Risk,0.9215645229583815
14132.0,2011-12-07 13:35:00,2011-06-09 12:04:00,11,3586.03,183,1,0,Champions,0.04585045565640548
14133.0,2011-08-02 11:34:00,2011-01-28 11:27:00,3,605.64,315,129,1,At Risk,0.42940545063735774
14135.0,2011-12-08 11:38:00,2010-12-02 10:27:00,15,4690.31,372,1,0,Champions,0.030715935572090437
14138.0,2011-12-08 12:44:00,2011-10-07 09:38:00,2,982.38,63,1,0,Potential Loyalist,0.0251436755182791
14139.0,2011-10-24 13:34:00,2011-10-24 13:34:00,1,415.82,45,45,0,Others,0.0323679106966485
14140.0,2011-12-06 09:05:00,2011-11-08 11:20:00,2,935.05,31,3,0,Potential Loyalist,0.02566798657462677
14141.0,2011-12-07 09:53:00,2011-08-26 14:40:00,4,915.13,104,2,0,Loyal Customers,0.08804982440650967
14142.0,2010-12-01 16:33:00,2010-12-01 16:33:00,1,311.81,372,372,1,At Risk,0.9565808855780885
14143.0,2011-07-29 09:48:00,2011-07-29 09:48:00,1,115.8,133,133,1,At Risk,0.9721722843153177
14145.0,2011-10-24 12:10:00,2011-05-06 13:01:00,4,3742.2,216,46,0,Others,0.10631187664293523
14146.0,2011-12-01 10:18:00,2010-12-17 15:52:00,5,4191.0,356,8,0,Loyal Customers,0.08398379544611523
14147.0,2011-09-22 18:10:00,2011-02-27 11:42:00,2,483.4,285,77,0,At Risk,0.49403756791001363
14148.0,2011-04-20 12:02:00,2011-04-20 12:02:00,1,157.2,233,233,1,At Risk,0.9659088560440497
14149.0,2011-05-03 09:44:00,2011-05-03 09:44:00,1,446.62,220,220,1,At Risk,0.9359260142286245
14150.0,2011-11-04 10:05:00,2010-12-15 10:04:00,2,658.64,359,35,0,Others,0.48409092585210073
14152.0,2011-09-25 12:54:00,2011-04-19 15:46:00,2,621.29,233,74,0,At Risk,0.5046158852277735
14154.0,2011-04-14 16:26:00,2011-04-14 15:58:00,2,1345.62,238,238,1,At Risk,0.41497024359185014
14155.0,2011-03-18 14:13:00,2011-03-18 14:13:00,1,118.75,265,265,1,At Risk,0.9708295120223065
14156.0,2011-11-30 10:54:00,2010-12-03 11:48:00,55,117379.63,371,9,0,Champions,0.01977316728704395
14157.0,2011-11-20 11:32:00,2011-02-27 13:04:00,2,432.88,284,19,0,Potential Loyalist,0.5386308799004015
14158.0,2011-10-30 15:08:00,2011-10-30 15:08:00,1,507.66,39,39,0,Others,0.03339358206480819
14159.0,2011-11-20 12:36:00,2010-12-12 11:17:00,11,4693.01,362,19,0,Loyal Customers,0.03433381160943233
14161.0,2011-05-08 11:41:00,2010-12-05 13:18:00,3,1110.52,368,215,1,At Risk,0.3435592490679543
14162.0,2011-06-19 11:36:00,2011-02-20 12:32:00,2,289.36,292,173,1,At Risk,0.5566999654249479
14163.0,2011-09-13 15:18:00,2011-04-14 17:33:00,4,2445.91,238,86,0,At Risk,0.12195525275633702
14164.0,2011-09-30 12:24:00,2011-09-20 12:18:00,2,1631.77,80,70,0,Others,0.04578261671043469
14165.0,2011-03-09 12:39:00,2011-03-09 12:39:00,1,122.54,275,275,1,At Risk,0.970292159868939
14167.0,2011-10-31 14:29:00,2011-01-12 15:44:00,4,574.84,330,38,0,Others,0.40629635669200403
14171.0,2011-09-02 16:43:00,2011-09-02 16:43:00,1,363.79,97,97,1,At Risk,0.9052338068547506
14173.0,2011-11-29 11:54:00,2011-05-04 14:03:00,4,450.84,218,10,0,Loyal Customers,0.41147737468087464
14174.0,2011-11-06 13:17:00,2011-11-06 13:17:00,1,134.46,32,32,0,Potential Loyalist,0.03891080735498126
14175.0,2011-10-11 11:55:00,2011-01-14 12:22:00,3,3222.3,329,59,0,Others,0.3343822543494601
14176.0,2011-02-15 13:12:00,2010-12-07 11:45:00,4,576.9000000000001,367,296,1,At Risk,0.4655377906125044
14177.0,2011-09-14 15:11:00,2011-06-13 11:10:00,4,559.41,179,85,0,At Risk,0.23990125011634486
14178.0,2011-12-01 12:01:00,2011-06-10 12:51:00,7,1620.93,181,8,0,Loyal Customers,0.06558564111659278
14179.0,2011-10-30 12:07:00,2011-10-18 14:00:00,2,719.78,51,40,0,Others,0.021836600275894104
14180.0,2011-11-29 10:56:00,2010-12-02 13:08:00,25,4748.52,371,10,0,Champions,0.021159772366010184
14184.0,2011-10-04 12:43:00,2011-10-04 12:43:00,1,452.89,66,66,0,Others,0.03131756259654734
14185.0,2011-01-12 13:52:00,2011-01-12 13:52:00,1,197.65,330,330,1,At Risk,0.9645561027753061
14188.0,2011-11-09 12:45:00,2011-02-02 13:46:00,6,2054.36,309,30,0,Loyal Customers,0.10340785788110864
14189.0,2011-12-07 15:55:00,2010-12-06 11:42:00,15,4654.08,368,1,0,Champions,0.02132589411418403
14191.0,2011-12-08 09:23:00,2011-05-03 10:30:00,13,4684.76,220,1,0,Champions,0.04583702438053108
14193.0,2011-10-03 09:34:00,2011-03-15 11:38:00,2,853.39,269,67,0,Others,0.46362160708243905
14194.0,2011-12-05 10:38:00,2011-02-04 14:51:00,21,11349.52,307,4,0,Champions,0.033748804160643193
14195.0,2011-05-22 10:29:00,2011-04-01 16:50:00,2,1012.0,251,201,1,At Risk,0.4788555035047682
14196.0,2011-08-25 10:25:00,2011-08-25 10:25:00,1,335.52,106,106,1,At Risk,0.9286969582948413
14198.0,2011-11-21 16:35:00,2011-04-14 14:54:00,4,701.4,238,17,0,Loyal Customers,0.23428522278481853
14199.0,2011-05-05 13:44:00,2011-05-05 13:44:00,1,185.4,217,217,1,At Risk,0.9719535590973397
14201.0,2011-10-10 13:27:00,2010-12-15 13:25:00,7,747.44,358,59,0,Others,0.1994385139211468
14204.0,2011-12-07 13:38:00,2011-12-07 13:38:00,1,161.03,1,1,0,Potential Loyalist,0.0294526834648491
14205.0,2011-11-23 10:55:00,2011-03-20 15:07:00,2,466.7,263,16,0,Potential Loyalist,0.511651361161406
14206.0,2011-04-14 16:38:00,2011-04-14 16:38:00,1,328.16,238,238,1,At Risk,0.9545950394042463
14208.0,2011-09-06 12:48:00,2011-09-06 12:48:00,1,151.74,94,94,1,At Risk,0.9550728558441901
14209.0,2011-11-29 10:18:00,2011-01-11 12:56:00,6,2073.43,331,10,0,Champions,0.10827338209480493
14210.0,2011-08-26 12:36:00,2010-12-03 12:43:00,6,1905.84,371,105,1,At Risk,0.12424184488461675
14211.0,2011-10-17 13:23:00,2011-02-17 15:50:00,9,2241.1,294,52,0,Others,0.07610681824027576
14212.0,2011-09-11 12:45:00,2011-09-11 12:45:00,1,1070.48,89,89,0,At Risk,0.022468945981816923
14214.0,2011-11-09 10:31:00,2011-03-07 12:26:00,5,1004.38,277,30,0,Loyal Customers,0.17559867727368772
14215.0,2011-11-28 12:19:00,2010-12-06 15:34:00,6,1789.72,367,11,0,Loyal Customers,0.10104693435969717
14216.0,2011-12-06 14:56:00,2011-11-02 10:51:00,4,1839.3,37,2,0,Loyal Customers,0.027128128341904704
14217.0,2011-12-08 11:53:00,2010-12-08 13:28:00,17,2004.98,365,1,0,Loyal Customers,0.056446844125060014
14218.0,2011-10-28 10:00:00,2011-10-28 10:00:00,1,169.48000000000002,42,42,0,Others,0.0294526834648491
14219.0,2011-12-05 16:23:00,2011-12-05 16:23:00,1,89.94,3,3,0,Potential Loyalist,0.028261891214705667
14220.0,2011-04-06 13:23:00,2010-12-16 18:18:00,2,632.4000000000001,357,246,1,At Risk,0.5311311336043822
14221.0,2011-10-28 13:42:00,2011-01-04 15:33:00,9,3432.8,338,41,0,Others,0.07149091357861687
14222.0,2011-06-15 16:42:00,2011-06-15 16:42:00,1,683.17,176,176,1,At Risk,0.8163379352953005
14223.0,2011-09-08 13:38:00,2011-03-20 16:02:00,3,991.13,263,91,1,At Risk,0.36646405440154484
14224.0,2011-08-21 13:24:00,2011-01-23 13:58:00,4,1050.12,319,109,1,At Risk,0.22180756913217978
14226.0,2011-11-11 11:34:00,2011-03-15 15:36:00,5,2232.19,268,28,0,Loyal Customers,0.10005592916650953
14227.0,2011-11-13 15:48:00,2011-02-28 12:27:00,10,3350.96,284,25,0,Loyal Customers,0.05422225396219764
14229.0,2011-10-19 10:04:00,2011-01-10 12:03:00,3,1547.2,333,51,0,Others,0.3483289268633464
14231.0,2011-06-09 11:05:00,2011-02-24 11:55:00,3,925.71,288,183,1,At Risk,0.37396951291051517
14232.0,2011-10-28 11:09:00,2011-03-20 12:44:00,5,2048.07,264,42,0,Others,0.1026538672912839
14233.0,2011-10-21 15:54:00,2011-01-26 12:43:00,4,1462.72,317,48,0,Others,0.20541403614811585
14234.0,2011-11-17 17:53:00,2011-10-13 13:58:00,4,775.46,56,21,0,Loyal Customers,0.027302466707709173
14235.0,2011-09-25 14:37:00,2011-03-24 13:23:00,5,3144.86,259,74,0,At Risk,0.08529052717407051
14236.0,2011-09-20 09:13:00,2010-12-02 18:49:00,2,490.86,371,80,0,At Risk,0.5112166961233671
14237.0,2010-12-01 13:20:00,2010-12-01 13:20:00,1,161.0,372,372,1,At Risk,0.9606199494543415
14238.0,2011-01-17 14:40:00,2011-01-17 14:40:00,1,146.85,325,325,1,At Risk,0.9645828927668049
14239.0,2011-10-27 14:40:00,2011-01-27 14:45:00,11,2380.85,315,42,0,Others,0.059456628669573346
14240.0,2011-11-09 13:45:00,2011-04-28 11:40:00,2,890.34,225,29,0,Potential Loyalist,0.4051059738810436
14241.0,2011-06-09 11:46:00,2011-06-09 11:46:00,1,213.7,183,183,1,At Risk,0.9388275183558997
14242.0,2011-04-19 11:46:00,2011-01-18 08:53:00,2,280.55,325,234,1,At Risk,0.5930847531864331
14243.0,2011-12-01 11:12:00,2010-12-09 08:34:00,10,2588.77,365,8,0,Champions,0.048053559926170726
14245.0,2011-05-04 08:40:00,2011-03-21 10:41:00,2,1693.45,263,219,1,At Risk,0.5085101496647666
14246.0,2011-08-21 11:50:00,2011-04-08 08:25:00,3,1474.06,245,110,1,At Risk,0.2871616297977758
14247.0,2011-03-06 15:21:00,2011-03-06 15:21:00,1,136.77,277,277,1,At Risk,0.9696370943963418
14248.0,2011-01-25 14:45:00,2011-01-25 14:45:00,1,302.58,317,317,1,At Risk,0.9544093958937258
14250.0,2011-12-02 14:30:00,2011-09-11 13:44:00,3,1904.05,88,6,0,Potential Loyalist,0.021006918707699333
14251.0,2011-12-08 08:32:00,2011-10-13 12:46:00,5,2879.7000000000003,57,1,0,Loyal Customers,0.020938445445408814
14256.0,2011-03-24 13:17:00,2010-12-10 11:44:00,2,969.06,364,259,1,At Risk,0.5025988115402135
14257.0,2011-10-06 16:54:00,2011-01-25 10:49:00,5,3099.7200000000003,318,63,0,Others,0.1027311745507011
14258.0,2011-11-30 15:27:00,2011-01-06 12:18:00,9,12669.98,337,8,0,Champions,0.07091600549728008
14259.0,2011-07-21 10:44:00,2011-07-21 10:44:00,1,120.0,141,141,1,At Risk,0.9695407053679491
14261.0,2011-10-20 10:04:00,2011-09-22 10:47:00,2,1163.45,78,50,0,Others,0.02779330925712006
14262.0,2011-12-01 14:17:00,2011-04-13 12:23:00,8,2618.23,240,7,0,Champions,0.06456223369738195
14264.0,2011-07-08 10:20:00,2011-04-08 12:20:00,2,333.97,245,154,1,At Risk,0.5605450516924226
14265.0,2011-08-22 13:32:00,2011-07-14 09:10:00,2,530.18,148,108,1,At Risk,0.4213472879989094
14267.0,2011-06-30 10:09:00,2011-03-24 11:38:00,3,1516.24,260,162,1,At Risk,0.35195621249075865
14270.0,2011-01-12 09:33:00,2011-01-12 09:33:00,1,492.65,331,331,1,At Risk,0.9269123446271089
14271.0,2011-04-28 12:47:00,2011-04-28 12:47:00,1,112.32,225,225,1,At Risk,0.9739410241690887
14272.0,2011-09-27 10:08:00,2011-03-30 13:57:00,2,437.96,253,73,0,At Risk,0.5507624361115131
14273.0,2011-10-19 13:20:00,2011-04-11 13:24:00,4,559.97,241,50,0,Others,0.34541366437290805
14276.0,2011-09-02 09:45:00,2011-02-23 09:38:00,3,1119.74,289,98,1,At Risk,0.34539466030424115
14277.0,2011-11-24 15:01:00,2011-05-11 13:20:00,3,4216.2,211,14,0,Potential Loyalist,0.17934168224827488
14280.0,2011-05-27 10:37:00,2011-05-27 10:37:00,1,134.04,196,196,1,At Risk,0.9675563523411285
14282.0,2011-12-06 17:04:00,2010-12-07 12:21:00,15,3729.34,367,2,0,Champions,0.03765177680491763
14284.0,2011-11-09 08:11:00,2011-09-14 13:04:00,2,595.25,85,30,0,Potential Loyalist,0.02482166790282846
14285.0,2011-11-18 14:50:00,2011-06-16 12:36:00,4,1910.01,176,20,0,Loyal Customers,0.09362183195568331
14286.0,2011-11-16 10:34:00,2011-04-11 08:16:00,3,4628.75,242,23,0,Potential Loyalist,0.23096361905637028
14287.0,2011-12-01 13:25:00,2011-05-25 11:41:00,3,176.63,198,7,0,Potential Loyalist,0.49756129563683676
14288.0,2011-05-10 13:22:00,2011-05-10 13:22:00,1,426.6,212,212,1,At Risk,0.9233329749268943
14289.0,2011-12-01 11:44:00,2011-02-23 12:33:00,6,911.26,289,8,0,Loyal Customers,0.1751502176043429
14290.0,2011-11-28 14:02:00,2010-12-13 10:24:00,5,2314.65,361,10,0,Loyal Customers,0.09361880957936382
14291.0,2011-12-08 10:26:00,2011-03-09 15:20:00,11,3883.25,274,1,0,Champions,0.04079610609197542
14292.0,2011-12-02 11:50:00,2011-03-02 08:26:00,9,4871.93,282,7,0,Champions,0.051012231443463
14293.0,2011-12-06 15:17:00,2010-12-06 10:18:00,4,1046.56,368,2,0,Loyal Customers,0.23839620120891689
14295.0,2011-10-30 15:50:00,2011-10-30 15:50:00,1,166.20000000000002,39,39,0,Others,0.0294526834648491
14297.0,2011-11-22 09:06:00,2011-03-10 08:31:00,4,1305.33,274,17,0,Loyal Customers,0.19531580516069963
14298.0,2011-12-01 13:12:00,2010-12-14 12:59:00,44,51527.3,359,7,0,Champions,0.03655134374837174
14299.0,2011-12-01 16:05:00,2010-12-09 10:30:00,9,3965.62,365,7,0,Champions,0.04561370664522659
14300.0,2011-11-21 08:57:00,2011-11-21 08:57:00,1,43.2,18,18,0,Potential Loyalist,0.02411903088826152
14301.0,2011-08-14 15:33:00,2011-08-14 15:33:00,1,640.14,116,116,1,At Risk,0.8686593568463943
14304.0,2011-05-01 11:50:00,2011-05-01 11:50:00,1,383.45,222,222,1,At Risk,0.9445927258342643
14305.0,2011-09-29 15:29:00,2011-07-27 14:14:00,3,1858.96,134,70,0,Others,0.10828433112693477
14306.0,2011-10-19 13:23:00,2011-09-15 10:31:00,2,2093.32,85,50,0,Others,0.04321370655083015
14307.0,2011-09-12 09:38:00,2010-12-01 11:41:00,6,2995.7200000000003,373,88,0,At Risk,0.19471570570341254
14309.0,2011-12-01 13:33:00,2010-12-16 13:05:00,9,2352.53,357,7,0,Champions,0.07586104517778403
14311.0,2011-04-11 10:14:00,2011-04-11 10:14:00,1,310.26,242,242,1,At Risk,0.9586890900658842
14312.0,2011-10-24 09:46:00,2011-01-06 16:35:00,6,1611.59,336,46,0,Others,0.12710739455891415
14314.0,2011-08-25 10:39:00,2011-08-25 10:39:00,1,120.0,106,106,1,At Risk,0.969349252278266
14315.0,2011-10-26 12:06:00,2011-03-18 12:59:00,6,2481.13,265,44,0,Others,0.08086862692153274
14317.0,2011-10-06 10:44:00,2011-10-06 10:44:00,1,508.58,64,64,0,Others,0.03339358206480819
14320.0,2011-05-17 09:24:00,2011-01-11 09:12:00,2,477.79,332,206,1,At Risk,0.5424660249195451
14321.0,2011-11-29 09:47:00,2011-01-10 11:35:00,5,1530.75,333,10,0,Loyal Customers,0.1372330104392881
14323.0,2011-08-17 11:37:00,2011-04-15 11:44:00,2,605.0600000000001,238,114,1,At Risk,0.5072159441033895
14326.0,2011-04-11 15:04:00,2011-04-11 15:04:00,1,183.85,241,241,1,At Risk,0.9693348690681367
14327.0,2011-06-29 13:58:00,2011-06-29 13:58:00,1,311.65000000000003,162,162,1,At Risk,0.9447957251382177
14329.0,2011-11-22 15:50:00,2011-01-14 13:42:00,7,5014.84,328,16,0,Loyal Customers,0.045871428845674356
14331.0,2011-08-07 13:17:00,2011-07-27 15:14:00,2,462.66,134,123,1,At Risk,0.3865627223499466
14332.0,2011-11-17 11:54:00,2011-07-15 10:33:00,3,866.3100000000001,147,22,0,Potential Loyalist,0.17346482104600816
14333.0,2011-10-03 10:38:00,2011-10-03 10:38:00,1,415.2,67,67,0,Others,0.0323679106966485
14334.0,2011-11-23 10:01:00,2010-12-16 17:37:00,8,2552.21,357,16,0,Loyal Customers,0.07165545304190335
14335.0,2011-11-23 13:41:00,2011-09-04 13:07:00,2,468.26,95,15,0,Potential Loyalist,0.22509493499335964
14336.0,2011-11-23 11:40:00,2011-03-08 16:48:00,4,1614.91,275,16,0,Loyal Customers,0.19259678161628482
14338.0,2011-07-01 14:08:00,2011-05-27 13:30:00,2,588.22,195,160,1,At Risk,0.4886047957960094
14339.0,2011-04-11 11:06:00,2011-04-11 11:06:00,1,309.52000000000004,242,242,1,At Risk,0.9586890900658842
14340.0,2011-05-05 09:44:00,2011-05-05 09:44:00,1,134.7,218,218,1,At Risk,0.9717660818767828
14341.0,2011-10-25 15:48:00,2011-01-25 13:55:00,8,2182.28,317,44,0,Others,0.0810820666005829
14342.0,2011-11-18 13:21:00,2011-05-13 13:50:00,4,668.5600000000001,209,20,0,Loyal Customers,0.16527214497316703
14344.0,2011-08-04 13:51:00,2010-12-06 11:58:00,8,889.9300000000001,368,126,1,At Risk,0.1888586965585776
14345.0,2011-11-01 09:51:00,2011-11-01 09:51:00,1,108.98,38,38,0,Others,0.02985030266184028
14346.0,2011-08-11 09:47:00,2011-02-15 13:52:00,2,1021.58,296,120,1,At Risk,0.5074136704995558
14348.0,2011-03-24 16:23:00,2011-03-24 16:23:00,1,409.57,259,259,1,At Risk,0.9363002837094732
14349.0,2011-11-29 15:39:00,2011-11-29 15:39:00,1,133.5,9,9,0,Potential Loyalist,0.03891080735498126
14350.0,2011-03-10 14:14:00,2011-03-10 14:14:00,1,282.93,273,273,1,At Risk,0.9543464644372373
14351.0,2011-06-28 11:56:00,2011-06-28 11:56:00,1,51.0,164,164,1,At Risk,0.9742511325105419
14352.0,2011-07-05 15:41:00,2011-03-11 14:58:00,4,1078.96,272,156,1,At Risk,0.2265433745557074
14353.0,2011-05-08 16:06:00,2011-05-08 16:06:00,1,90.6,214,214,1,At Risk,0.9780412187028599
14354.0,2011-12-04 11:32:00,2011-11-09 15:36:00,2,163.62,29,5,0,Potential Loyalist,0.06518388558721842
14355.0,2010-12-09 12:16:00,2010-12-09 12:16:00,1,174.4,365,365,1,At Risk,0.9636249605371989
14356.0,2011-09-21 09:18:00,2011-09-19 14:43:00,2,701.23,80,79,0,At Risk,0.023001527634191627
14357.0,2011-10-27 16:23:00,2011-10-27 16:23:00,1,225.77,42,42,0,Others,0.030015300892397477
14359.0,2011-11-20 13:17:00,2011-09-13 09:03:00,3,912.18,87,18,0,Potential Loyalist,0.025957682270045176
14360.0,2011-11-08 09:12:00,2011-09-06 11:58:00,4,2128.23,94,31,0,Loyal Customers,0.07997912113439065
14362.0,2011-11-17 15:08:00,2011-11-17 15:08:00,1,161.2,21,21,0,Potential Loyalist,0.0294526834648491
14364.0,2011-08-23 11:01:00,2011-05-12 12:56:00,8,3717.35,210,108,1,At Risk,0.10466396579962224
14367.0,2011-12-01 13:19:00,2011-03-08 14:12:00,16,9261.52,275,7,0,Champions,0.031320532119111046
14368.0,2011-01-24 09:52:00,2011-01-24 09:52:00,1,155.0,319,319,1,At Risk,0.9651828452163354
14371.0,2011-02-17 16:35:00,2011-02-17 16:35:00,1,100.5,294,294,1,At Risk,0.9745755366684493
14373.0,2010-12-16 15:40:00,2010-12-16 15:40:00,1,76.55,357,357,1,At Risk,0.9798975694966154
14375.0,2011-06-07 13:44:00,2011-06-07 13:44:00,1,257.68,184,184,1,At Risk,0.9455743945611799
14377.0,2011-06-01 13:32:00,2011-03-22 13:38:00,2,617.05,261,190,1,At Risk,0.5032532028870937
14379.0,2011-10-26 16:43:00,2011-02-17 15:03:00,2,348.1,294,43,0,Others,0.5486680948807217
14381.0,2011-10-18 17:10:00,2011-10-18 17:10:00,1,202.68,51,51,0,Others,0.044925910372205634
14382.0,2011-11-13 16:18:00,2011-11-13 16:18:00,1,626.07,25,25,0,Potential Loyalist,0.029343880200405105
14383.0,2011-11-01 15:53:00,2011-06-29 10:18:00,3,1247.69,163,37,0,Others,0.15642363400088602
14385.0,2011-11-30 15:36:00,2011-11-16 11:55:00,3,202.11,23,8,0,Potential Loyalist,0.061586738657143265
14386.0,2011-02-16 09:45:00,2011-02-16 09:45:00,1,142.4,296,296,1,At Risk,0.9675864918120409
14387.0,2011-11-07 12:29:00,2011-08-22 14:13:00,3,1770.56,108,32,0,Potential Loyalist,0.09812190917457489
14388.0,2011-11-29 13:32:00,2010-12-02 11:02:00,8,3212.84,372,9,0,Champions,0.11519799048427531
14389.0,2011-10-05 15:17:00,2011-06-02 12:04:00,2,1043.46,190,64,0,Others,0.364481603862627
14390.0,2011-11-29 13:49:00,2010-12-02 11:57:00,9,4652.82,372,9,0,Champions,0.07576071749788536
14393.0,2011-05-05 18:16:00,2011-05-05 18:16:00,1,67.95,217,217,1,At Risk,0.9829876942265032
14395.0,2011-12-07 14:34:00,2010-12-02 18:15:00,9,3507.71,371,1,0,Champions,0.05185932031978251
14396.0,2011-10-05 16:09:00,2010-12-03 15:19:00,2,487.99,370,64,0,Others,0.5135478500269347
14397.0,2011-12-07 09:22:00,2011-05-10 12:25:00,19,2612.96,213,2,0,Champions,0.05295326974148856
14400.0,2011-07-13 15:50:00,2011-07-13 15:50:00,1,574.7,148,148,1,At Risk,0.9123261439643781
14401.0,2011-12-05 13:30:00,2010-12-15 09:07:00,13,4051.48,359,3,0,Champions,0.040983346083772416
14403.0,2011-08-01 12:57:00,2011-04-06 14:23:00,4,1475.81,246,129,1,At Risk,0.18855845108512984
14404.0,2011-11-06 12:30:00,2010-12-05 16:00:00,6,1474.32,368,33,0,Others,0.12332935427331021
14406.0,2011-08-12 16:54:00,2011-08-12 16:54:00,1,156.75,118,118,1,At Risk,0.9669814782130756
14407.0,2011-08-24 14:02:00,2011-03-08 11:59:00,6,2157.73,276,106,1,At Risk,0.1057115944543429
14408.0,2011-11-29 11:41:00,2011-03-20 14:41:00,7,2606.53,263,10,0,Champions,0.061533911753722456
14409.0,2011-09-29 18:18:00,2010-12-06 15:03:00,6,2059.4500000000003,367,70,0,Others,0.09779976343262849
14410.0,2011-09-08 15:08:00,2011-02-07 09:36:00,9,1105.07,305,91,1,At Risk,0.1924018907810397
14411.0,2011-02-02 10:56:00,2011-02-02 10:56:00,1,1063.0,310,310,1,At Risk,0.8288167227372331
14412.0,2011-10-28 10:45:00,2011-09-28 08:48:00,2,770.03,72,42,0,Others,0.019021334659942754
14413.0,2010-12-12 13:37:00,2010-12-12 13:37:00,1,122.7,361,361,1,At Risk,0.9687019642159734
14414.0,2011-09-09 12:09:00,2010-12-16 11:11:00,7,1496.98,358,91,1,At Risk,0.10572518983314641
14415.0,2011-12-08 14:38:00,2010-12-14 13:31:00,13,5900.28,359,0,0,Champions,0.040222425534005506
14416.0,2011-11-17 15:22:00,2011-10-28 15:10:00,2,490.22,41,21,0,Potential Loyalist,0.01821640324404797
14418.0,2011-12-06 11:39:00,2011-08-23 17:18:00,3,1937.25,107,3,0,Potential Loyalist,0.08789564077285526
14419.0,2011-11-29 11:22:00,2010-12-10 10:56:00,6,1058.06,364,10,0,Loyal Customers,0.16069168572885092
14420.0,2011-09-01 18:07:00,2011-09-01 18:07:00,1,387.52,98,98,1,At Risk,0.877372525981375
14421.0,2011-10-13 13:24:00,2011-05-12 10:49:00,2,813.11,211,56,0,Others,0.37302348147880093
14422.0,2011-12-09 11:26:00,2011-03-17 17:26:00,6,4263.64,266,0,0,Champions,0.06629177114111545
14423.0,2011-05-05 15:12:00,2011-05-05 15:12:00,1,265.2,217,217,1,At Risk,0.9571818476772855
14424.0,2011-11-22 11:48:00,2011-11-22 11:48:00,1,322.08,17,17,0,Potential Loyalist,0.02859749729717051
14426.0,2011-11-16 12:25:00,2011-01-31 09:51:00,10,4481.67,312,23,0,Loyal Customers,0.04170751498370433
14427.0,2011-10-20 14:23:00,2011-10-07 09:10:00,2,363.34,63,49,0,Others,0.020439231071361502
14428.0,2011-12-02 13:17:00,2011-01-18 16:39:00,5,1244.83,324,6,0,Loyal Customers,0.14867454049574885
14431.0,2011-02-10 10:40:00,2011-02-10 10:40:00,1,470.36,302,302,1,At Risk,0.9274835184714582
14432.0,2011-11-30 08:04:00,2011-09-11 14:09:00,6,2255.51,88,9,0,Champions,0.022619665507704213
14434.0,2011-11-18 08:56:00,2011-09-28 15:31:00,6,1372.8,71,21,0,Loyal Customers,0.020811308808856285
14436.0,2011-09-02 10:13:00,2011-09-02 10:13:00,1,89.06,98,98,1,At Risk,0.9802139274322978
14437.0,2010-12-09 09:27:00,2010-12-09 09:27:00,1,63.0,365,365,1,At Risk,0.9805987605220775
14438.0,2011-02-06 14:56:00,2011-02-06 14:56:00,1,131.9,305,305,1,At Risk,0.9696876071934573
14439.0,2011-01-24 11:39:00,2011-01-24 11:39:00,1,2661.24,319,319,1,At Risk,0.8209808192694813
14440.0,2011-12-01 15:42:00,2010-12-09 12:49:00,5,2357.68,365,7,0,Loyal Customers,0.08774159660874167
14441.0,2011-12-09 09:07:00,2011-03-29 12:01:00,4,1712.89,255,0,0,Loyal Customers,0.1755289674870692
14442.0,2011-05-19 11:36:00,2011-01-27 09:33:00,2,1589.82,316,204,1,At Risk,0.49817802886228846
14443.0,2011-10-17 10:10:00,2010-12-06 11:03:00,4,1420.2,368,53,0,Others,0.22033172708015197
14446.0,2011-12-09 11:34:00,2011-04-07 12:10:00,4,1039.58,246,0,0,Loyal Customers,0.19998346813005438
14447.0,2011-11-21 08:28:00,2011-03-04 10:49:00,5,1163.23,280,18,0,Loyal Customers,0.13890246442642196
14448.0,2011-11-30 13:50:00,2010-12-10 17:26:00,2,375.35,363,8,0,Potential Loyalist,0.5659499740344559
14449.0,2011-11-21 12:06:00,2010-12-02 14:09:00,4,907.1,371,18,0,Loyal Customers,0.2524602858758536
14450.0,2011-06-12 10:46:00,2011-01-23 11:53:00,3,483.25,320,180,1,At Risk,0.4746139915437287
14451.0,2011-10-10 13:38:00,2011-05-29 12:35:00,2,662.59,194,59,0,Others,0.389315986262506
14452.0,2011-11-29 12:06:00,2011-09-07 11:32:00,2,264.44,93,10,0,Potential Loyalist,0.2415946009892488
14453.0,2011-06-02 14:15:00,2011-06-02 14:15:00,1,119.93,189,189,1,At Risk,0.9659682038605354
14456.0,2011-12-04 13:59:00,2011-07-20 13:06:00,9,3062.4,141,4,0,Champions,0.06065989882696583
14457.0,2011-02-02 09:39:00,2011-02-02 09:39:00,1,113.64,310,310,1,At Risk,0.9724958249857175
14459.0,2011-07-07 13:35:00,2011-07-07 13:35:00,1,1837.92,154,154,1,At Risk,0.8163205464845685
14460.0,2011-08-21 14:19:00,2011-02-02 11:55:00,3,434.34,310,109,1,At Risk,0.5578859591921598
14461.0,2011-07-14 17:11:00,2011-03-23 12:15:00,3,2103.06,261,147,1,At Risk,0.34741286866606336
14462.0,2011-10-04 15:55:00,2011-01-04 12:45:00,11,2004.02,339,65,0,Others,0.07333438791929986
14463.0,2011-09-02 15:20:00,2011-05-18 14:42:00,3,529.62,204,97,1,At Risk,0.39157961816149417
14465.0,2011-04-07 12:38:00,2011-02-10 12:13:00,3,1058.62,302,246,1,At Risk,0.40386479476940673
14466.0,2011-11-10 14:07:00,2010-12-02 13:36:00,7,2272.4,371,28,0,Loyal Customers,0.07166317484482462
14467.0,2011-11-22 12:48:00,2011-01-31 12:35:00,4,598.76,312,17,0,Loyal Customers,0.3653390063340738
14470.0,2011-11-28 10:31:00,2011-02-25 11:56:00,2,461.19,287,11,0,Potential Loyalist,0.5049013475730356
14472.0,2011-08-28 11:01:00,2010-12-19 14:03:00,8,1936.84,354,103,1,At Risk,0.09555601850068085
14473.0,2011-09-26 15:10:00,2011-03-02 13:56:00,2,234.34,281,73,0,At Risk,0.539129666363202
14474.0,2011-10-24 13:26:00,2011-10-24 13:26:00,1,547.66,45,45,0,Others,0.028922615369134368
14475.0,2011-09-29 10:46:00,2011-02-08 10:12:00,3,925.85,304,71,0,Others,0.41289398242480724
14476.0,2011-03-27 15:39:00,2011-03-27 15:39:00,1,215.7,256,256,1,At Risk,0.9400083484534021
14477.0,2011-11-20 11:11:00,2011-02-15 15:44:00,4,1309.6,296,19,0,Loyal Customers,0.20436704925866928
14479.0,2011-03-31 09:07:00,2010-12-09 12:59:00,2,316.25,364,253,1,At Risk,0.6077466862411388
14480.0,2011-11-28 16:35:00,2011-11-28 16:35:00,1,279.05,10,10,0,Potential Loyalist,0.02783295172322777
14481.0,2011-06-28 10:38:00,2011-02-25 13:53:00,2,636.51,286,164,1,At Risk,0.4934902657098278
14482.0,2011-11-21 13:14:00,2011-04-14 16:41:00,6,2068.15,238,17,0,Loyal Customers,0.09469669453697983
14483.0,2011-03-03 10:26:00,2011-03-03 10:26:00,1,137.1,281,281,1,At Risk,0.9694330127636889
14484.0,2011-10-20 14:11:00,2011-10-20 14:11:00,1,321.92,49,49,0,Others,0.02859749729717051
14485.0,2011-11-01 12:25:00,2011-11-01 12:25:00,1,165.75,38,38,0,Others,0.0294526834648491
14487.0,2011-11-13 12:17:00,2010-12-06 13:22:00,6,1196.33,367,26,0,Loyal Customers,0.12641419577585788
14488.0,2011-10-03 09:30:00,2011-10-03 09:30:00,1,1064.28,67,67,0,Others,0.022468945981816923
14489.0,2011-05-16 14:51:00,2011-05-16 14:51:00,1,463.38,206,206,1,At Risk,0.9213116397971096
14491.0,2011-06-17 15:22:00,2010-12-02 12:10:00,2,340.93,372,174,1,At Risk,0.5858307481963946
14493.0,2011-12-02 16:14:00,2011-07-07 16:59:00,5,2383.24,154,6,0,Loyal Customers,0.06319881737490739
14494.0,2011-11-14 09:21:00,2011-11-14 09:21:00,1,139.56,25,25,0,Potential Loyalist,0.04116080735498127
14495.0,2011-10-20 12:28:00,2011-08-10 14:13:00,2,123.8,120,50,0,Others,0.6553278568155811
14496.0,2011-02-01 09:01:00,2010-12-01 15:35:00,2,538.8100000000001,372,311,1,At Risk,0.526884124031876
14497.0,2011-02-03 17:01:00,2011-02-03 17:01:00,1,475.37,308,308,1,At Risk,0.9274835184714582
14498.0,2011-10-28 12:09:00,2010-12-13 11:29:00,5,1957.32,361,42,0,Others,0.12251304077402585
14499.0,2011-11-13 13:01:00,2011-03-06 11:55:00,3,815.32,278,25,0,Potential Loyalist,0.3625188072466968
14500.0,2011-09-12 16:45:00,2011-06-03 10:08:00,3,356.85,189,87,0,At Risk,0.39139035794643406
14501.0,2011-06-09 12:02:00,2011-01-24 10:43:00,2,251.21,319,183,1,At Risk,0.5683348971153552
14502.0,2011-11-20 11:50:00,2011-01-30 15:52:00,11,2470.67,312,19,0,Loyal Customers,0.060266980724338726
14503.0,2011-12-06 13:30:00,2011-06-14 10:00:00,6,3543.26,178,2,0,Champions,0.06528741518394637
14504.0,2011-10-23 16:00:00,2011-03-06 14:38:00,4,673.26,277,46,0,Others,0.2779016445538146
14505.0,2011-11-22 15:45:00,2010-12-12 16:14:00,8,5905.64,361,16,0,Loyal Customers,0.04848535840600686
14506.0,2011-11-22 13:02:00,2010-12-05 14:25:00,5,2012.17,368,16,0,Loyal Customers,0.12011548085226822
14507.0,2011-11-16 12:21:00,2011-03-08 17:23:00,6,1383.18,275,23,0,Loyal Customers,0.12148131761357828
14508.0,2011-11-17 19:48:00,2011-09-11 11:29:00,2,276.42,89,21,0,Potential Loyalist,0.020465256158067616
14511.0,2011-11-28 17:05:00,2011-07-29 12:13:00,5,1314.81,133,10,0,Loyal Customers,0.06542566715488145
14512.0,2011-06-05 12:39:00,2011-04-21 19:05:00,2,275.28,231,187,1,At Risk,0.5511752972618297
14513.0,2011-08-31 11:25:00,2011-02-24 09:36:00,3,455.59,288,100,1,At Risk,0.5278725031327605
14514.0,2011-10-09 16:05:00,2011-01-12 15:22:00,3,1055.35,330,60,0,Others,0.3826523754630585
14515.0,2011-11-22 11:37:00,2011-05-05 12:13:00,6,2102.09,218,17,0,Loyal Customers,0.08529540472676851
14517.0,2011-11-06 14:20:00,2011-07-21 11:42:00,2,330.45,141,32,0,Potential Loyalist,0.3767690410601216
14518.0,2011-10-06 14:43:00,2011-10-06 14:43:00,1,174.37,63,63,0,Others,0.03042812206134033
14520.0,2011-12-08 09:46:00,2011-02-22 09:15:00,2,270.6,290,1,0,Potential Loyalist,0.5536756803263279
14522.0,2011-11-15 13:24:00,2011-05-25 16:01:00,4,974.54,197,23,0,Loyal Customers,0.14590693511851144
14523.0,2011-08-23 13:13:00,2011-08-23 13:13:00,1,241.09,107,107,1,At Risk,0.9351649282365622
14524.0,2011-11-08 12:29:00,2010-12-14 11:01:00,9,1867.68,360,31,0,Loyal Customers,0.07539891992594489
14525.0,2011-11-20 11:37:00,2010-12-13 17:40:00,9,4332.2,360,19,0,Loyal Customers,0.0458983577491249
14527.0,2011-12-07 12:19:00,2010-12-05 13:17:00,55,8508.82,368,2,0,Champions,0.02033206247181485
14528.0,2011-11-02 17:09:00,2011-11-02 17:09:00,1,364.22,36,36,0,Others,0.02866237281033587
14529.0,2011-10-10 15:27:00,2011-08-21 14:10:00,3,620.04,109,59,0,Others,0.24848546993071494
14530.0,2011-11-14 10:38:00,2011-02-16 10:47:00,6,2925.91,296,25,0,Loyal Customers,0.08283840617017674
14532.0,2011-04-17 13:05:00,2010-12-22 13:48:00,4,932.85,351,235,1,At Risk,0.23871480030495856
14533.0,2011-11-15 12:05:00,2010-12-22 11:07:00,7,1949.72,352,24,0,Loyal Customers,0.08401666276026991
14534.0,2011-12-07 12:19:00,2011-01-25 12:33:00,18,4447.05,318,2,0,Champions,0.03626113714056583
14535.0,2011-10-10 15:39:00,2011-04-05 12:50:00,3,2864.19,248,59,0,Others,0.24058425790819715
14536.0,2011-03-25 12:21:00,2011-03-25 12:21:00,1,171.8,259,259,1,At Risk,0.9550776059210487
14537.0,2011-10-13 10:54:00,2011-10-13 10:54:00,1,355.56,57,57,0,Others,0.02848685388481694
14538.0,2011-10-06 10:31:00,2011-03-28 14:57:00,2,388.25,255,64,0,Others,0.5523175652332949
14539.0,2011-11-24 09:50:00,2011-10-26 12:03:00,2,537.48,44,15,0,Potential Loyalist,0.033229447935048013
14540.0,2011-11-30 10:15:00,2011-02-03 15:02:00,3,996.26,308,9,0,Potential Loyalist,0.399687173998702
14541.0,2011-10-12 10:08:00,2011-01-24 14:16:00,8,1461.65,318,58,0,Others,0.10008114674857257
14542.0,2011-06-07 08:19:00,2011-06-07 08:19:00,1,103.25,185,185,1,At Risk,0.9723021832443469
14543.0,2011-11-11 12:45:00,2010-12-10 11:51:00,16,3630.33,364,28,0,Loyal Customers,0.043031864354219254
14544.0,2011-11-15 15:06:00,2010-12-13 12:50:00,2,2024.45,361,23,0,Potential Loyalist,0.42734776709892763
14546.0,2011-12-04 13:00:00,2011-04-05 12:37:00,5,2578.09,248,4,0,Loyal Customers,0.07791143330653838
14547.0,2011-12-06 11:06:00,2011-10-16 14:35:00,8,4007.54,53,3,0,Champions,0.020511140021619308
14548.0,2011-07-12 12:19:00,2011-01-26 08:38:00,2,652.8,317,150,1,At Risk,0.49100386699155385
14549.0,2011-02-01 13:47:00,2011-02-01 13:47:00,1,289.24,310,310,1,At Risk,0.953267920667607
14550.0,2011-11-29 12:12:00,2011-10-26 12:14:00,2,765.62,44,10,0,Potential Loyalist,0.020246334659942754
14551.0,2011-11-21 13:36:00,2011-05-19 18:21:00,2,186.23,203,17,0,Potential Loyalist,0.5369964951683893
14552.0,2011-07-11 12:49:00,2011-07-11 12:49:00,1,165.07,151,151,1,At Risk,0.9568894153079985
14553.0,2011-11-20 13:20:00,2011-01-04 15:40:00,5,859.27,338,18,0,Loyal Customers,0.18793632945867544
14554.0,2011-11-29 16:44:00,2011-10-18 13:04:00,4,2381.04,51,9,0,Loyal Customers,0.03587879136443799
14555.0,2011-10-13 16:24:00,2011-02-10 17:19:00,2,324.14,301,56,0,Others,0.5511515588851501
14557.0,2011-09-15 15:48:00,2011-09-15 15:48:00,1,788.38,84,84,0,At Risk,0.023710476049576382
14560.0,2011-12-02 15:22:00,2010-12-17 09:22:00,22,2237.77,357,6,0,Champions,0.06434657232087404
14561.0,2011-09-25 12:39:00,2011-06-08 13:26:00,3,1080.76,183,75,0,At Risk,0.17719758375113237
14562.0,2011-12-06 11:05:00,2011-02-08 14:45:00,18,5074.77,303,3,0,Champions,0.03624937989643981
14565.0,2011-09-05 09:07:00,2010-12-13 13:25:00,4,3099.12,360,95,1,At Risk,0.18295965218627067
14566.0,2011-08-21 11:05:00,2011-08-21 11:05:00,1,1432.0,110,110,1,At Risk,0.7993639275780725
14567.0,2011-10-14 10:21:00,2011-08-01 13:48:00,2,1530.36,129,56,0,Others,0.2580265184559828
14569.0,2011-12-08 14:58:00,2011-12-08 14:58:00,1,227.39,0,0,0,Potential Loyalist,0.030015300892397477
14570.0,2011-03-04 10:58:00,2011-03-04 10:39:00,2,218.06,280,280,1,At Risk,0.5318259552446176
14572.0,2011-12-06 14:40:00,2011-01-19 17:23:00,7,2832.84,323,2,0,Champions,0.06516752986155469
14573.0,2011-06-13 11:15:00,2010-12-02 19:59:00,9,1653.42,371,179,1,At Risk,0.12120909807298393
14576.0,2010-12-02 17:51:00,2010-12-02 17:51:00,1,35.400000000000006,371,371,1,At Risk,0.9725628133009687
14577.0,2011-11-27 12:47:00,2010-12-12 11:26:00,4,859.71,362,12,0,Loyal Customers,0.24098557496937406
14578.0,2011-12-06 17:18:00,2011-12-06 17:18:00,1,168.63,2,2,0,Potential Loyalist,0.0294526834648491
14581.0,2011-11-23 12:39:00,2011-11-23 12:39:00,1,138.6,16,16,0,Potential Loyalist,0.046160807354981265
14582.0,2011-10-30 11:56:00,2011-10-30 11:56:00,1,114.11,40,40,0,Others,0.03111953343107105
14583.0,2011-12-04 12:32:00,2011-05-18 11:28:00,5,1052.55,205,5,0,Loyal Customers,0.10874732144964089
14584.0,2011-06-23 18:33:00,2011-05-25 17:31:00,4,1042.26,197,168,1,At Risk,0.16845604836862194
14585.0,2011-10-20 14:33:00,2011-10-20 14:33:00,1,157.05,49,49,0,Others,0.04383630037777408
14586.0,2011-03-08 10:04:00,2011-03-08 10:04:00,1,237.36,276,276,1,At Risk,0.955705876576976
14587.0,2011-11-21 11:34:00,2011-01-12 13:16:00,9,1601.14,330,18,0,Loyal Customers,0.09103320195897772
14589.0,2010-12-03 11:42:00,2010-12-03 11:42:00,1,39.75,371,371,1,At Risk,0.9766537223918778
14591.0,2011-11-24 13:57:00,2011-05-10 14:09:00,4,1447.14,212,14,0,Loyal Customers,0.11380037616921924
14592.0,2011-11-04 16:35:00,2011-10-06 18:08:00,3,570.46,63,34,0,Others,0.025624561319060782
14593.0,2011-11-18 12:48:00,2011-05-25 11:14:00,3,617.99,198,21,0,Potential Loyalist,0.3538853852973994
14594.0,2011-12-02 13:28:00,2010-12-01 13:54:00,2,379.83,372,6,0,Potential Loyalist,0.5540666636919126
14595.0,2011-11-20 12:12:00,2011-01-30 13:36:00,6,1740.6,312,19,0,Loyal Customers,0.11321033355863905
14597.0,2011-11-28 13:13:00,2011-06-01 12:33:00,2,883.15,191,10,0,Potential Loyalist,0.37637678321201773
14598.0,2011-10-26 13:19:00,2011-10-26 13:19:00,1,221.97,43,43,0,Others,0.023982780455322348
14600.0,2011-02-07 09:48:00,2011-02-07 09:48:00,1,393.33,305,305,1,At Risk,0.9349378415259016
14601.0,2011-11-29 09:48:00,2011-11-29 09:48:00,1,213.96,10,10,0,Potential Loyalist,0.02017325664579854
14603.0,2011-03-10 10:27:00,2011-03-10 10:27:00,1,660.0,274,274,1,At Risk,0.8301917207199453
14606.0,2011-12-08 19:28:00,2010-12-01 16:57:00,93,12156.65,372,0,0,Champions,0.02854865300791972
14607.0,2011-11-24 10:35:00,2011-03-23 15:22:00,14,16569.5,260,15,0,Loyal Customers,0.038105889024581126
14608.0,2011-12-05 16:52:00,2010-12-12 14:49:00,4,1785.15,361,3,0,Loyal Customers,0.20253301399046175
14609.0,2011-09-28 12:54:00,2011-02-16 12:10:00,4,601.56,296,71,0,Others,0.3560920526448657
14616.0,2011-04-11 09:54:00,2011-01-26 12:42:00,3,406.08,317,242,1,At Risk,0.5492057146523489
14618.0,2011-11-30 13:45:00,2011-01-06 11:59:00,3,553.44,337,8,0,Potential Loyalist,0.46918001059829423
14619.0,2011-04-08 07:37:00,2011-04-08 07:37:00,1,394.44,245,245,1,At Risk,0.9385938639028971
14620.0,2011-05-18 11:58:00,2011-03-01 08:30:00,2,412.78,283,205,1,At Risk,0.5403155776770645
14621.0,2011-12-08 16:22:00,2010-12-16 13:00:00,5,1788.36,357,0,0,Loyal Customers,0.12780804897344775
14622.0,2011-06-08 12:42:00,2011-06-08 12:42:00,1,320.58000000000004,184,184,1,At Risk,0.9403038840764001
14623.0,2011-11-07 13:56:00,2011-04-18 13:54:00,5,889.25,234,31,0,Loyal Customers,0.1691898834534373
14624.0,2011-10-13 13:44:00,2011-10-11 14:39:00,2,225.85,58,56,0,Others,0.02268629697559966
14625.0,2011-05-27 15:32:00,2010-12-13 15:36:00,2,899.63,360,195,1,At Risk,0.49581458298019987
14626.0,2011-11-16 10:37:00,2011-04-20 13:18:00,4,2791.27,232,23,0,Loyal Customers,0.12082897240101423
14628.0,2011-09-09 14:58:00,2011-04-11 14:43:00,2,671.96,241,90,0,At Risk,0.4492966009609278
14629.0,2011-12-05 16:55:00,2011-10-23 16:13:00,2,959.01,46,3,0,Potential Loyalist,0.023692652126466235
14631.0,2011-10-20 11:17:00,2011-02-14 09:31:00,3,1006.98,298,50,0,Others,0.4099177112223034
14632.0,2011-03-22 08:49:00,2011-03-22 08:49:00,1,114.56,262,262,1,At Risk,0.9726047961960167
14633.0,2011-03-18 17:07:00,2011-03-18 17:07:00,1,344.90000000000003,265,265,1,At Risk,0.9460657013143429
14636.0,2011-11-03 16:12:00,2011-03-16 09:52:00,2,609.85,268,35,0,Others,0.4977093738001885
14638.0,2011-10-20 10:10:00,2011-10-20 10:10:00,1,443.6,50,50,0,Others,0.025957752999993314
14639.0,2011-10-18 15:06:00,2010-12-13 13:50:00,6,2984.49,360,51,0,Others,0.07976329750883471
14640.0,2011-11-15 13:07:00,2011-04-26 12:31:00,6,2125.08,227,23,0,Loyal Customers,0.08811686976296791
14641.0,2011-11-18 10:42:00,2011-11-18 10:42:00,1,110.46,21,21,0,Potential Loyalist,0.028183635995173612
14642.0,2011-10-12 11:08:00,2011-10-12 11:08:00,1,96.12,58,58,0,Others,0.022209743814190507
14643.0,2011-06-22 14:41:00,2010-12-16 17:53:00,2,693.8100000000001,357,169,1,At Risk,0.4942629794875066
14644.0,2011-10-03 08:30:00,2011-02-14 14:14:00,2,830.76,297,67,0,Others,0.48938055129511177
14645.0,2011-07-06 09:15:00,2011-03-09 09:52:00,2,597.09,275,156,1,At Risk,0.510076794681792
14646.0,2011-12-08 12:12:00,2010-12-20 10:09:00,73,280206.02,354,1,0,Champions,0.04207673370672994
14647.0,2011-05-22 13:40:00,2011-05-22 13:40:00,1,243.22,200,200,1,At Risk,0.9475340714817626
14649.0,2011-12-05 12:30:00,2011-05-11 14:37:00,4,1417.29,211,4,0,Loyal Customers,0.10806749960222112
14651.0,2011-10-03 15:52:00,2011-05-12 16:29:00,2,654.6,210,66,0,Others,0.3817697726970149
14652.0,2011-09-23 14:21:00,2011-09-23 14:21:00,1,114.18,76,76,0,At Risk,0.03111953343107105
14653.0,2011-12-08 13:45:00,2011-01-05 13:40:00,7,1947.55,337,0,0,Loyal Customers,0.08465214695449916
14655.0,2011-12-01 16:28:00,2011-05-01 14:59:00,4,1932.23,221,7,0,Loyal Customers,0.1252932894934472
14656.0,2011-06-23 13:51:00,2011-03-01 13:19:00,2,291.05,282,168,1,At Risk,0.5544063428686292
14657.0,2011-11-22 12:47:00,2011-01-17 15:19:00,4,848.22,325,17,0,Loyal Customers,0.23979872081263276
14658.0,2011-12-04 15:35:00,2011-08-14 15:42:00,2,247.15,116,4,0,Potential Loyalist,0.2885862886115158
14659.0,2011-12-01 12:17:00,2011-01-28 12:43:00,9,2529.93,315,8,0,Champions,0.06883979699455554
14660.0,2011-09-14 11:34:00,2011-08-31 10:40:00,2,285.74,100,86,0,At Risk,0.2488622164296902
14661.0,2011-11-13 11:51:00,2011-11-13 11:51:00,1,107.95,26,26,0,Potential Loyalist,0.028183635995173612
14662.0,2011-11-11 12:13:00,2011-01-27 17:41:00,4,771.17,315,28,0,Loyal Customers,0.24180880452695955
14664.0,2011-11-20 10:59:00,2011-11-06 14:56:00,2,637.89,32,19,0,Potential Loyalist,0.03102039291825539
14665.0,2011-10-10 09:14:00,2011-02-02 09:08:00,5,1835.7,310,60,0,Others,0.11070802065491277
14666.0,2011-11-15 12:57:00,2011-11-15 12:57:00,1,195.25,23,23,0,Potential Loyalist,0.025735043368838632
14667.0,2011-11-29 11:30:00,2010-12-06 13:13:00,25,9241.2,367,10,0,Champions,0.018039912229507016
14669.0,2011-04-12 11:43:00,2011-01-11 12:30:00,3,1269.99,332,241,1,At Risk,0.35290624517981894
14670.0,2011-03-04 14:13:00,2011-03-04 13:58:00,2,411.53,279,279,1,At Risk,0.5456578936943806
14672.0,2011-04-19 10:19:00,2011-01-07 15:48:00,2,765.5500000000001,335,234,1,At Risk,0.5004854849168597
14673.0,2011-12-06 14:31:00,2010-12-07 12:49:00,5,1736.4,367,2,0,Loyal Customers,0.13397307876840284
14675.0,2011-11-23 12:58:00,2011-11-23 12:58:00,1,604.75,15,15,0,Potential Loyalist,0.03561818564365134
14676.0,2011-11-08 13:29:00,2011-03-01 14:26:00,6,2548.24,282,30,0,Loyal Customers,0.08036293817072095
14680.0,2011-11-14 16:59:00,2010-12-03 12:05:00,16,28754.11,371,24,0,Loyal Customers,0.017747539041443806
14681.0,2011-09-29 15:52:00,2011-05-12 10:45:00,3,498.95,211,70,0,Others,0.39693757926554274
14682.0,2011-06-05 12:12:00,2011-05-22 12:51:00,2,52.0,200,187,1,At Risk,0.5490270698659285
14684.0,2011-11-14 11:33:00,2010-12-12 12:44:00,5,1236.28,362,25,0,Loyal Customers,0.1483005082229736
14687.0,2011-08-25 11:59:00,2011-08-25 11:59:00,1,628.38,106,106,1,At Risk,0.9001578839758008
14688.0,2011-12-02 12:26:00,2010-12-01 09:37:00,21,5630.87,373,7,0,Champions,0.03340672888630922
14689.0,2011-05-15 11:22:00,2011-05-15 11:22:00,1,112.8,208,208,1,At Risk,0.9670872936956582
14690.0,2011-10-26 15:39:00,2011-07-11 11:58:00,2,371.7,151,43,0,Others,0.39228354498850465
14691.0,2011-11-09 12:30:00,2011-05-11 09:55:00,5,2114.33,212,30,0,Loyal Customers,0.08023617314138104
14692.0,2011-07-25 15:08:00,2011-01-21 13:47:00,4,591.55,321,136,1,At Risk,0.38858855761046784
14693.0,2011-03-20 12:50:00,2011-03-20 12:50:00,1,172.9,264,264,1,At Risk,0.95775304451754
14696.0,2011-12-05 13:43:00,2010-12-01 15:37:00,7,2078.95,372,3,0,Champions,0.18314488848804925
14697.0,2011-05-05 15:39:00,2011-05-05 15:29:00,2,188.61,217,217,1,At Risk,0.6087954136085378
14698.0,2011-12-08 12:26:00,2011-10-19 12:54:00,5,1250.76,50,1,0,Loyal Customers,0.021141084351421983
14699.0,2011-05-09 14:54:00,2011-05-09 14:54:00,1,109.13,213,213,1,At Risk,0.9671263025778309
14700.0,2011-11-07 14:40:00,2011-04-15 13:16:00,3,2235.3,237,31,0,Potential Loyalist,0.24188903750592253
14701.0,2011-11-29 12:38:00,2011-01-27 12:40:00,9,2549.37,316,10,0,Champions,0.06883979699455554
14702.0,2011-12-08 19:29:00,2010-12-09 19:23:00,17,3292.14,364,0,0,Champions,0.0385152258828026
14703.0,2011-11-25 09:23:00,2011-11-25 09:23:00,1,318.17,14,14,0,Potential Loyalist,0.02859749729717051
14704.0,2011-11-28 12:51:00,2011-06-12 13:59:00,9,1546.91,179,10,0,Loyal Customers,0.06446539622709983
14705.0,2011-05-25 12:39:00,2011-05-25 12:39:00,1,179.0,198,198,1,At Risk,0.9614102695410529
14708.0,2011-12-07 08:21:00,2010-12-06 12:23:00,3,1126.37,368,2,0,Potential Loyalist,0.33161638381181013
14709.0,2011-11-24 15:41:00,2010-12-16 13:43:00,13,4921.04,357,14,0,Loyal Customers,0.04114166122654282
14710.0,2011-11-25 14:53:00,2011-10-11 13:49:00,4,606.13,58,13,0,Loyal Customers,0.039545503496531985
14711.0,2011-11-29 14:58:00,2011-03-22 13:32:00,11,2868.8,261,9,0,Champions,0.062059021733233945
14712.0,2011-11-10 12:59:00,2011-08-19 13:33:00,3,917.07,111,28,0,Potential Loyalist,0.15602004450824028
14713.0,2011-11-30 16:26:00,2010-12-09 18:58:00,11,2666.36,364,8,0,Champions,0.0476161708462645
14714.0,2011-11-15 13:07:00,2011-11-15 13:07:00,1,160.19,23,23,0,Potential Loyalist,0.03665690269059943
14715.0,2011-11-15 12:10:00,2011-01-12 13:27:00,4,867.38,330,24,0,Loyal Customers,0.22351395687592157
14716.0,2011-10-27 17:29:00,2011-07-14 12:42:00,2,329.68,148,42,0,Others,0.3801464902685165
14719.0,2011-12-08 12:43:00,2011-04-04 14:17:00,5,1602.13,248,1,0,Loyal Customers,0.12123657477714475
14720.0,2011-12-04 12:02:00,2011-08-05 12:06:00,3,663.81,126,5,0,Potential Loyalist,0.17764869430054048
14722.0,2011-07-15 14:58:00,2011-07-15 14:58:00,1,187.92,146,146,1,At Risk,0.9633433851369455
14723.0,2011-11-29 15:23:00,2010-12-03 14:18:00,6,1158.3,370,9,0,Loyal Customers,0.14525192864359396
14725.0,2011-11-15 12:42:00,2011-11-15 12:42:00,1,718.08,24,24,0,Potential Loyalist,0.015256754713031822
14727.0,2011-03-10 14:45:00,2011-03-10 14:45:00,1,268.58,273,273,1,At Risk,0.9543464644372373
14729.0,2010-12-01 12:43:00,2010-12-01 12:43:00,1,313.49,373,373,1,At Risk,0.9572484954630162
14730.0,2011-12-08 14:39:00,2011-03-08 12:49:00,8,2005.06,276,0,0,Loyal Customers,0.07680149286920601
14731.0,2011-10-23 15:54:00,2011-05-11 13:06:00,3,380.02,211,46,0,Others,0.45753075001269017
14732.0,2011-12-01 14:34:00,2011-01-04 14:40:00,8,2702.49,338,7,0,Champions,0.07038965101527585
14733.0,2011-11-23 15:39:00,2010-12-07 11:30:00,12,9585.91,367,15,0,Loyal Customers,0.02639679876413763
14735.0,2011-12-06 12:09:00,2010-12-16 16:05:00,32,6065.6900000000005,357,3,0,Champions,0.03366502257560705
14737.0,2011-12-06 10:16:00,2010-12-21 13:49:00,3,1164.55,352,3,0,Potential Loyalist,0.35054594136400447
14738.0,2011-10-28 08:56:00,2011-01-27 14:10:00,7,1314.45,315,42,0,Others,0.10507136001126204
14739.0,2011-12-05 16:54:00,2010-12-07 14:58:00,7,3902.28,366,3,0,Champions,0.04006012406967618
14740.0,2011-05-26 18:17:00,2011-03-01 08:35:00,3,1448.21,283,196,1,At Risk,0.33272621417462667
14741.0,2011-11-28 08:48:00,2010-12-02 08:43:00,6,1400.34,372,11,0,Loyal Customers,0.30334142359268923
14744.0,2011-11-23 12:51:00,2010-12-08 10:21:00,7,1099.98,366,15,0,Loyal Customers,0.1350714260773961
14745.0,2011-08-19 10:05:00,2011-02-27 15:25:00,5,1220.26,284,112,1,At Risk,0.14443330296166235
14747.0,2011-04-04 14:09:00,2011-04-04 14:09:00,1,328.2,248,248,1,At Risk,0.9514889955914048
14748.0,2011-11-10 18:33:00,2010-12-06 10:19:00,5,1415.75,368,28,0,Loyal Customers,0.1401413079053476
14752.0,2011-10-27 11:55:00,2011-10-27 11:55:00,1,389.64,43,43,0,Others,0.03311883301679608
14753.0,2011-09-13 14:50:00,2011-09-13 14:50:00,1,563.15,86,86,0,At Risk,0.03611412581459151
14754.0,2011-10-26 12:01:00,2011-02-17 12:21:00,2,638.05,295,44,0,Others,0.4983393482720792
14755.0,2011-11-30 11:24:00,2011-01-09 14:02:00,11,5010.28,333,9,0,Champions,0.03678096234324889
14756.0,2011-11-24 18:13:00,2011-11-24 18:13:00,1,738.96,14,14,0,Potential Loyalist,0.017709885828491704
14757.0,2011-09-25 14:36:00,2011-09-25 14:36:00,1,420.5,74,74,0,At Risk,0.02953546388813787
14758.0,2011-07-18 08:21:00,2011-03-25 12:10:00,4,1484.06,259,144,1,At Risk,0.2039609305244271
14759.0,2011-12-05 12:03:00,2011-04-21 10:55:00,3,1625.97,232,4,0,Potential Loyalist,0.24714448603097747
14760.0,2011-02-15 16:27:00,2011-02-15 16:27:00,1,89.2,296,296,1,At Risk,0.9796537918879814
14761.0,2011-10-12 12:10:00,2011-01-09 12:03:00,2,255.9,334,58,0,Others,0.5931238461574548
14762.0,2011-03-21 08:20:00,2011-03-21 08:20:00,1,300.52,263,263,1,At Risk,0.9558335612725369
14764.0,2011-10-24 11:54:00,2011-10-24 11:54:00,1,278.3,46,46,0,Others,0.02783295172322777
14765.0,2011-11-10 19:53:00,2011-06-16 19:49:00,3,254.11,175,28,0,Potential Loyalist,0.36417312832973386
14766.0,2011-12-01 16:05:00,2010-12-08 15:33:00,6,2473.37,365,7,0,Champions,0.07672267615359564
14768.0,2011-11-22 12:54:00,2011-08-04 13:25:00,2,192.6,126,16,0,Potential Loyalist,0.4187244852455131
14769.0,2011-12-07 10:24:00,2010-12-17 11:40:00,8,10674.75,357,2,0,Champions,0.07078240307305843
14770.0,2011-04-21 14:21:00,2011-01-20 15:00:00,2,876.4200000000001,322,231,1,At Risk,0.5064981489912878
14772.0,2011-08-19 15:04:00,2011-08-19 15:04:00,1,139.26,111,111,1,At Risk,0.9686941868056688
14775.0,2011-10-12 15:27:00,2010-12-02 16:38:00,3,1011.9,371,57,0,Others,0.36963745518919594
14776.0,2011-10-19 15:34:00,2011-01-31 13:17:00,11,2538.3,311,50,0,Others,0.06021479546667401
14778.0,2011-08-04 15:23:00,2011-02-04 11:43:00,2,730.86,308,126,1,At Risk,0.49319875271373287
14779.0,2011-03-04 12:42:00,2011-01-20 12:04:00,3,386.15,323,280,1,At Risk,0.5507731618657017
14780.0,2011-10-16 12:46:00,2011-09-21 15:15:00,2,447.68,78,54,0,Others,0.020935044596677846
14782.0,2011-01-24 11:12:00,2011-01-24 11:12:00,1,200.1,319,319,1,At Risk,0.958628332746623
14784.0,2011-11-13 13:30:00,2011-01-20 09:25:00,2,289.99,323,25,0,Potential Loyalist,0.5725739505003534
14785.0,2011-11-29 13:21:00,2011-11-24 13:40:00,2,77.4,14,9,0,Potential Loyalist,0.03122921706692017
14788.0,2011-12-02 17:06:00,2011-11-13 15:52:00,2,679.44,25,6,0,Potential Loyalist,0.023001527634191627
14789.0,2011-11-11 08:59:00,2011-11-11 08:59:00,1,197.64,28,28,0,Potential Loyalist,0.025735043368838632
14790.0,2011-11-23 09:28:00,2011-03-31 11:49:00,4,745.06,253,16,0,Loyal Customers,0.24346342762244863
14792.0,2011-10-07 09:19:00,2011-10-07 09:19:00,1,6.2,63,63,0,Others,0.025047602316832947
14793.0,2011-11-18 14:50:00,2011-11-18 14:50:00,1,228.99,20,20,0,Potential Loyalist,0.030015300892397477
14794.0,2011-12-07 10:11:00,2011-01-09 16:11:00,7,1319.91,333,2,0,Loyal Customers,0.09731889378403129
14795.0,2011-06-26 13:04:00,2011-06-26 13:04:00,1,131.45000000000002,165,165,1,At Risk,0.9675038493931729
14796.0,2011-12-08 15:31:00,2010-12-08 10:40:00,17,8022.49,366,0,0,Champions,0.016987246573987924
14798.0,2011-10-18 10:58:00,2011-02-02 15:26:00,3,173.74,309,52,0,Others,0.5522842604168664
14799.0,2011-10-19 16:16:00,2011-10-19 16:16:00,1,157.7,50,50,0,Others,0.035502967044440746
14800.0,2011-10-23 12:46:00,2010-12-05 11:10:00,12,4339.74,369,47,0,Others,0.03458613519437082
14801.0,2011-10-09 15:24:00,2011-10-09 15:24:00,1,193.14,60,60,0,Others,0.030735043368838633
14803.0,2011-06-30 13:58:00,2011-02-20 13:21:00,3,845.5500000000001,291,161,1,At Risk,0.38511358173513727
14804.0,2011-12-01 11:20:00,2011-12-01 11:20:00,1,353.27,8,8,0,Potential Loyalist,0.02848685388481694
14805.0,2011-11-24 16:20:00,2011-01-30 10:43:00,4,554.65,313,14,0,Loyal Customers,0.3500194272282281
14806.0,2011-09-25 15:32:00,2011-09-25 15:32:00,1,193.39,74,74,0,At Risk,0.030735043368838633
14808.0,2011-10-31 12:21:00,2011-06-20 12:53:00,8,2741.17,171,39,0,Others,0.053612155069703044
14810.0,2011-10-30 11:19:00,2010-12-05 12:08:00,11,2087.88,369,40,0,Others,0.06799441977173243
14813.0,2010-12-05 11:57:00,2010-12-05 11:54:00,2,155.43,369,369,1,At Risk,0.7409561334762053
14815.0,2011-11-03 11:36:00,2011-10-03 11:36:00,2,778.5,67,36,0,Others,0.019021334659942754
14816.0,2011-05-26 13:16:00,2011-05-26 13:16:00,1,271.85,196,196,1,At Risk,0.9467144320692966
14817.0,2011-05-23 13:35:00,2011-03-07 13:51:00,2,1110.34,276,199,1,At Risk,0.48003583452084636
14818.0,2011-09-27 11:01:00,2011-03-31 12:28:00,3,657.8,253,73,0,At Risk,0.3713689417328978
14819.0,2011-10-06 13:41:00,2011-05-31 13:50:00,2,272.07,191,63,0,Others,0.46093214811029093
14820.0,2011-11-18 15:41:00,2011-06-19 14:56:00,4,507.29,172,20,0,Loyal Customers,0.24379645104573705
14821.0,2010-12-08 08:43:00,2010-12-08 08:43:00,1,48.8,366,366,1,At Risk,0.9788979990373292
14823.0,2011-06-12 13:12:00,2011-05-29 12:48:00,3,321.43,194,179,1,At Risk,0.4536996622056091
14824.0,2011-11-29 14:20:00,2011-09-09 14:12:00,4,1127.71,90,9,0,Loyal Customers,0.027407760791826465
14825.0,2011-12-06 11:38:00,2010-12-06 12:30:00,12,2226.9100000000003,368,3,0,Champions,0.07346192660206116
14828.0,2011-05-27 10:16:00,2011-01-07 09:50:00,3,2139.76,336,196,1,At Risk,0.3684161631693008
14829.0,2011-11-10 16:16:00,2010-12-02 16:12:00,4,697.55,371,28,0,Loyal Customers,0.30195566203113045
14830.0,2011-10-17 14:29:00,2011-10-17 14:29:00,1,197.13,52,52,0,Others,0.025735043368838632
14834.0,2011-11-22 10:30:00,2011-04-13 15:00:00,6,1720.3,239,17,0,Loyal Customers,0.1030056302006042
14836.0,2011-11-29 16:45:00,2011-11-09 13:26:00,3,102.45,29,9,0,Potential Loyalist,0.0657143400410065
14837.0,2011-09-11 10:58:00,2011-05-22 12:49:00,4,1649.5,201,89,0,At Risk,0.1072765633636074
14840.0,2011-03-17 12:00:00,2011-03-17 12:00:00,1,62.85,267,267,1,At Risk,0.9810203271382908
14841.0,2011-10-17 15:03:00,2010-12-16 10:28:00,6,3295.76,358,52,0,Others,0.09296995412741486
14842.0,2011-10-27 12:37:00,2011-02-04 15:32:00,4,2824.69,307,43,0,Others,0.1574304287439072
14844.0,2011-10-07 10:41:00,2011-04-12 13:10:00,4,3189.81,240,63,0,Others,0.11779442864889587
14847.0,2011-07-14 10:52:00,2011-07-14 10:52:00,1,309.40000000000003,148,148,1,At Risk,0.9394794955834439
14849.0,2011-11-18 10:58:00,2010-12-01 12:22:00,25,7930.54,373,21,0,Loyal Customers,0.02669816853406222
14850.0,2011-02-01 11:21:00,2011-02-01 11:21:00,1,325.75,311,311,1,At Risk,0.950461918068262
14851.0,2011-11-16 14:20:00,2011-03-28 14:59:00,2,511.35,255,22,0,Potential Loyalist,0.5102656749503083
14852.0,2011-10-12 13:20:00,2011-04-01 13:22:00,6,2836.69,251,57,0,Others,0.07705619032028198
14853.0,2011-11-15 16:56:00,2011-05-12 15:17:00,2,475.8,210,23,0,Potential Loyalist,0.460609961210719
14854.0,2011-09-22 17:00:00,2011-03-10 12:22:00,7,2759.83,274,77,0,At Risk,0.05865778590199345
14855.0,2011-08-12 14:02:00,2011-07-28 12:06:00,2,645.65,134,118,1,At Risk,0.38905602471049244
14856.0,2011-11-03 14:53:00,2011-10-14 09:35:00,3,1311.38,56,35,0,Others,0.02572873229758095
14857.0,2011-10-11 09:23:00,2011-07-14 15:03:00,2,1173.12,147,59,0,Others,0.2845109358427836
14859.0,2011-11-27 11:18:00,2011-05-19 14:42:00,4,1353.74,203,12,0,Loyal Customers,0.10292088917542537
14860.0,2011-11-20 14:17:00,2011-11-20 14:17:00,1,170.32,18,18,0,Potential Loyalist,0.0277526834648491
14861.0,2011-10-18 12:54:00,2011-10-18 12:54:00,1,125.79,51,51,0,Others,0.03448123555873063
14862.0,2011-11-14 10:01:00,2011-07-14 11:20:00,2,841.2,148,25,0,Potential Loyalist,0.33594143675049226
14863.0,2011-11-10 15:04:00,2011-11-10 15:04:00,1,266.76,28,28,0,Potential Loyalist,0.02783295172322777
14865.0,2011-12-02 16:25:00,2010-12-02 18:23:00,2,52.2,371,6,0,Potential Loyalist,0.5601984841688745
14866.0,2011-11-29 11:45:00,2010-12-08 14:58:00,12,14389.9,365,10,0,Champions,0.02726920892763385
14867.0,2011-06-07 11:39:00,2011-01-07 16:34:00,3,710.28,335,185,1,At Risk,0.47121041204965863
14868.0,2011-12-06 14:49:00,2011-04-20 13:36:00,8,2953.59,232,2,0,Champions,0.06364362998804403
14869.0,2011-12-01 12:36:00,2011-08-28 16:09:00,2,725.7,102,8,0,Potential Loyalist,0.18368456256885582
14870.0,2011-03-23 10:51:00,2011-03-23 10:51:00,1,327.25,261,261,1,At Risk,0.9527199027677618
14871.0,2011-12-06 13:42:00,2010-12-14 12:18:00,4,522.38,360,2,0,Loyal Customers,0.4203454659761646
14873.0,2011-05-13 13:52:00,2011-05-13 13:52:00,1,519.68,209,209,1,At Risk,0.9126803778531848
14875.0,2011-08-24 12:20:00,2011-03-22 11:53:00,2,1465.32,262,107,1,At Risk,0.46627046621746165
14878.0,2011-11-27 11:15:00,2010-12-16 12:11:00,9,1485.54,358,12,0,Loyal Customers,0.10237689821182192
14880.0,2011-09-23 13:42:00,2011-02-24 12:27:00,3,706.19,288,76,0,At Risk,0.3859170602387345
14881.0,2011-11-20 11:06:00,2011-11-20 11:06:00,1,255.4,19,19,0,Potential Loyalist,0.028778147854021198
14882.0,2011-11-13 12:47:00,2011-11-06 10:15:00,2,589.7,33,26,0,Potential Loyalist,0.026488334569495123
14883.0,2011-11-21 10:23:00,2011-05-12 09:49:00,6,761.59,211,18,0,Loyal Customers,0.1357129155361002
14885.0,2011-07-31 12:05:00,2011-07-31 12:05:00,1,765.3199999999999,131,131,1,At Risk,0.8009162925407631
14886.0,2011-04-01 08:56:00,2011-04-01 08:56:00,1,364.8,252,252,1,At Risk,0.9454814794434888
14887.0,2011-09-21 15:32:00,2011-09-21 15:32:00,1,1862.0,78,78,0,At Risk,0.03229871022881237
14888.0,2011-05-16 14:58:00,2011-05-16 14:58:00,1,369.2,206,206,1,At Risk,0.9344741351067839
14889.0,2011-01-07 15:19:00,2011-01-07 15:19:00,1,135.9,335,335,1,At Risk,0.9717038431878209
14890.0,2011-03-31 11:57:00,2011-03-31 11:57:00,1,125.65,253,253,1,At Risk,0.9659664983236763
14891.0,2011-07-14 18:08:00,2011-06-05 10:58:00,2,554.38,187,147,1,At Risk,0.4564146760217055
14893.0,2011-11-30 12:31:00,2011-11-28 10:49:00,2,1237.85,11,9,0,Potential Loyalist,0.02779330925712006
14894.0,2011-09-15 13:51:00,2011-09-15 13:51:00,1,655.75,84,84,0,At Risk,0.01616584562212273
14895.0,2011-12-02 09:23:00,2011-02-22 13:08:00,20,11138.71,289,7,0,Champions,0.03533178312159031
14896.0,2011-05-19 10:20:00,2010-12-09 12:24:00,2,468.77,365,204,1,At Risk,0.5386146558171284
14897.0,2011-12-02 10:32:00,2011-02-16 08:37:00,4,1366.38,296,7,0,Loyal Customers,0.20082730706585683
14898.0,2011-11-16 14:54:00,2010-12-03 15:25:00,6,1303.52,370,22,0,Loyal Customers,0.13718338952845216
14901.0,2011-11-28 17:09:00,2010-12-02 11:20:00,9,1421.29,372,10,0,Loyal Customers,0.1899990120475502
14902.0,2011-11-14 10:34:00,2011-11-14 10:34:00,1,332.66,25,25,0,Potential Loyalist,0.0306601604825491
14903.0,2011-11-18 16:07:00,2011-03-06 11:50:00,5,2810.63,278,20,0,Loyal Customers,0.0827572304834939
14904.0,2011-12-07 12:55:00,2011-11-14 09:13:00,2,1025.44,25,1,0,Potential Loyalist,0.0261214693667452
14905.0,2011-07-05 12:41:00,2011-04-20 10:48:00,2,616.15,233,157,1,At Risk,0.5011859442489209
14907.0,2011-12-06 14:14:00,2010-12-07 10:14:00,7,3501.1,367,2,0,Champions,0.04988173199403684
14908.0,2011-09-26 12:56:00,2011-09-26 12:56:00,1,277.8,73,73,0,At Risk,0.02783295172322777
14910.0,2011-12-07 10:06:00,2011-10-16 11:06:00,4,434.35,54,2,0,Loyal Customers,0.04076790040175446
14911.0,2011-12-08 15:54:00,2010-12-01 14:05:00,201,143825.06,372,0,0,Champions,0.02899430542967262
14912.0,2011-11-23 09:20:00,2011-04-07 11:06:00,2,867.85,246,16,0,Potential Loyalist,0.4674007584011795
14913.0,2011-11-04 08:29:00,2010-12-15 14:35:00,4,1227.43,358,35,0,Others,0.2148153980871825
14915.0,2011-09-09 13:34:00,2011-03-07 09:39:00,2,307.48,277,90,0,At Risk,0.551621791495658
14916.0,2011-09-30 09:20:00,2011-01-19 15:30:00,4,1268.98,323,70,0,Others,0.2095016026654939
14918.0,2011-08-16 11:50:00,2011-07-08 12:50:00,2,1610.15,154,115,1,At Risk,0.34456879299690774
14920.0,2011-05-11 10:32:00,2011-05-11 10:31:00,2,977.77,212,212,1,At Risk,0.39502178333027144
14921.0,2011-11-09 13:17:00,2011-05-22 12:51:00,2,1316.07,200,29,0,Potential Loyalist,0.3197160291892893
14923.0,2011-10-20 11:51:00,2011-10-20 11:51:00,1,749.1,50,50,0,Others,0.021745738541669994
14924.0,2011-04-08 09:25:00,2011-04-08 09:25:00,1,310.05,245,245,1,At Risk,0.9581271414659609
14929.0,2011-11-07 17:21:00,2011-11-07 17:21:00,1,223.88,31,31,0,Potential Loyalist,0.02523278045532235
14930.0,2011-08-23 10:31:00,2011-03-10 14:42:00,3,2372.86,273,108,1,At Risk,0.36142656860550415
14931.0,2011-12-05 10:19:00,2011-04-13 09:32:00,5,1257.68,240,4,0,Loyal Customers,0.1247463776446423
14932.0,2010-12-09 11:48:00,2010-12-09 11:48:00,1,363.53,365,365,1,At Risk,0.9423093614512775
14934.0,2011-09-19 10:10:00,2011-03-02 11:48:00,2,1890.94,282,81,0,At Risk,0.4065782113508827
14935.0,2011-02-15 14:44:00,2011-02-15 14:44:00,1,1784.71,296,296,1,At Risk,0.8319559785934749
14936.0,2011-11-06 10:30:00,2011-03-09 11:53:00,8,8137.02,275,33,0,Others,0.054380258540228314
14937.0,2011-10-14 12:29:00,2011-08-01 14:16:00,3,1621.88,129,56,0,Others,0.12951867413183518
14944.0,2011-11-10 09:10:00,2011-02-16 12:47:00,12,5900.25,296,29,0,Loyal Customers,0.03982909227468644
14946.0,2011-11-25 13:33:00,2011-11-25 13:33:00,1,100.9,13,13,0,Potential Loyalist,0.028183635995173612
14947.0,2011-09-28 15:48:00,2011-08-01 09:31:00,2,290.82,130,71,0,Others,0.34577920180222094
14948.0,2011-11-16 17:16:00,2011-05-04 14:52:00,6,1101.97,218,22,0,Loyal Customers,0.11320213226941528
14950.0,2011-11-20 13:48:00,2011-11-20 13:48:00,1,371.2,18,18,0,Potential Loyalist,0.030681603579566636
14951.0,2011-09-21 15:15:00,2011-09-21 15:15:00,1,311.69,78,78,0,At Risk,0.02859749729717051
14952.0,2011-10-11 10:33:00,2010-12-10 12:48:00,11,8099.49,364,59,0,Others,0.03087044091084303
14953.0,2011-11-14 14:59:00,2011-11-14 14:59:00,1,289.82,24,24,0,Potential Loyalist,0.02783295172322777
14954.0,2011-11-27 14:30:00,2011-11-27 14:30:00,1,336.17,11,11,0,Potential Loyalist,0.019111097857898125
14957.0,2011-03-31 17:59:00,2011-03-31 17:59:00,1,58.49,252,252,1,At Risk,0.9821333722511243
14958.0,2011-07-15 14:20:00,2011-04-08 11:28:00,3,499.68,245,146,1,At Risk,0.472532367245138
14959.0,2011-10-06 18:23:00,2011-02-16 13:00:00,4,695.42,295,63,0,Others,0.2672880458834027
14960.0,2011-12-01 12:54:00,2011-06-21 13:38:00,2,221.27,170,7,0,Potential Loyalist,0.37402542325519744
14961.0,2011-11-29 09:42:00,2010-12-14 11:38:00,9,7044.68,360,10,0,Champions,0.04981633677561403
14962.0,2011-03-14 09:42:00,2011-03-14 09:42:00,1,126.7,270,270,1,At Risk,0.9698882885933571
14963.0,2011-11-30 12:16:00,2011-06-09 12:30:00,5,1487.8,183,9,0,Loyal Customers,0.0730526978160229
14964.0,2011-04-06 14:13:00,2011-04-06 14:13:00,1,206.21,246,246,1,At Risk,0.9626053759199729
14965.0,2011-09-04 13:20:00,2011-09-04 13:15:00,2,599.0,95,95,1,At Risk,0.2891635869388614
14966.0,2011-11-25 12:20:00,2011-11-25 12:20:00,1,191.32,14,14,0,Potential Loyalist,0.035735043368838634
14967.0,2011-10-21 11:06:00,2011-10-21 11:06:00,1,463.8,49,49,0,Others,0.03157540024662637
14968.0,2011-11-09 13:58:00,2011-11-09 13:58:00,1,147.59,29,29,0,Potential Loyalist,0.045448897047119206
14970.0,2011-10-02 13:44:00,2011-01-27 12:23:00,4,1592.06,316,67,0,Others,0.20092915842680284
14971.0,2011-11-04 17:07:00,2011-10-27 13:33:00,3,1116.57,42,34,0,Others,0.02369800445801979
14972.0,2011-08-03 14:54:00,2011-08-03 14:54:00,1,114.77,127,127,1,At Risk,0.9721722843153177
14973.0,2011-08-24 15:51:00,2011-04-28 12:22:00,3,1314.45,225,106,1,At Risk,0.2049311679101312
14974.0,2011-11-02 13:01:00,2011-11-02 13:01:00,1,114.39,36,36,0,Others,0.03111953343107105
14975.0,2011-10-13 14:08:00,2011-10-13 14:08:00,1,279.94,56,56,0,Others,0.02783295172322777
14976.0,2011-10-13 16:37:00,2011-01-17 11:09:00,7,790.86,326,56,0,Others,0.19959682894474703
14978.0,2011-09-28 13:07:00,2011-01-13 12:03:00,5,1931.42,330,71,0,Others,0.1162464772124301
14981.0,2011-04-07 13:45:00,2011-04-07 13:45:00,1,102.12,245,245,1,At Risk,0.97596695879426
14984.0,2011-11-20 14:28:00,2011-06-12 11:04:00,2,213.27,180,18,0,Potential Loyalist,0.39190089392020044
14985.0,2011-05-25 14:29:00,2010-12-16 19:51:00,2,296.75,357,197,1,At Risk,0.6032819130275141
14987.0,2011-11-24 09:59:00,2010-12-09 12:13:00,2,326.4,365,15,0,Potential Loyalist,0.5999377984673899
14988.0,2011-05-12 12:05:00,2011-05-12 12:05:00,1,334.54,211,211,1,At Risk,0.944054433611763
14995.0,2011-11-01 11:39:00,2011-03-04 13:14:00,2,233.23,279,38,0,Others,0.5346381317110638
14997.0,2011-10-24 13:28:00,2011-06-14 16:52:00,3,546.1999999999999,177,45,0,Others,0.31995113576174083
14998.0,2011-06-22 17:30:00,2011-04-12 16:28:00,2,429.87,240,169,1,At Risk,0.5615566527973229
15000.0,2011-10-23 11:42:00,2011-10-23 11:42:00,1,490.52,47,47,0,Others,0.03157540024662637
15002.0,2011-08-16 10:44:00,2010-12-07 13:16:00,4,1641.76,366,115,1,At Risk,0.2424234823170394
15004.0,2011-07-15 14:05:00,2011-07-15 14:05:00,1,1246.32,146,146,1,At Risk,0.8098328488070564
15005.0,2011-11-24 12:25:00,2010-12-08 14:36:00,28,6316.57,365,15,0,Loyal Customers,0.021880102571103968
15006.0,2011-10-19 15:08:00,2011-10-19 15:08:00,1,502.09,50,50,0,Others,0.03339358206480819
15007.0,2011-07-03 16:00:00,2011-07-03 16:00:00,1,156.91,158,158,1,At Risk,0.9668877343938368
15009.0,2011-11-27 13:35:00,2011-11-14 17:40:00,3,1261.78,24,11,0,Potential Loyalist,0.02572873229758095
15010.0,2011-11-04 12:42:00,2011-11-04 12:42:00,1,308.94,35,35,0,Others,0.02859749729717051
15012.0,2011-10-17 12:22:00,2010-12-01 12:49:00,2,423.04,373,53,0,Others,0.5159711575399463
15014.0,2011-10-27 20:07:00,2011-06-16 19:40:00,2,260.17,175,42,0,Others,0.39734014976395493
15016.0,2011-06-20 12:06:00,2011-06-20 12:06:00,1,170.04,172,172,1,At Risk,0.9498190886500776
15017.0,2011-11-06 10:33:00,2011-11-06 10:33:00,1,125.58,33,33,0,Others,0.03448123555873063
15018.0,2011-11-01 12:47:00,2010-12-07 10:47:00,3,496.21,367,38,0,Others,0.47468527289482987
15019.0,2011-03-18 12:35:00,2011-03-18 12:35:00,1,266.0,266,266,1,At Risk,0.9525997097281527
15021.0,2011-12-01 11:53:00,2010-12-08 12:17:00,9,1914.82,366,8,0,Loyal Customers,0.07108733921351627
15022.0,2011-11-28 12:35:00,2011-10-23 15:47:00,4,905.04,46,11,0,Loyal Customers,0.022690073838073054
15023.0,2011-12-06 17:23:00,2010-12-05 13:49:00,11,6802.76,368,2,0,Champions,0.029373472072234917
15024.0,2011-11-30 12:06:00,2010-12-07 13:20:00,10,1661.33,366,9,0,Loyal Customers,0.08025535117712755
15025.0,2011-11-06 15:20:00,2011-11-06 15:20:00,1,377.01,32,32,0,Potential Loyalist,0.030681603579566636
15026.0,2011-09-20 13:52:00,2011-03-07 13:45:00,3,469.0,276,79,0,At Risk,0.4710883814834508
15027.0,2011-11-09 10:16:00,2011-04-15 14:14:00,4,1066.15,237,30,0,Loyal Customers,0.18940727561646212
15028.0,2011-12-01 14:06:00,2010-12-06 12:47:00,4,627.13,368,7,0,Loyal Customers,0.38650883140222514
15030.0,2011-09-29 10:50:00,2011-03-16 15:34:00,2,518.28,267,71,0,Others,0.49710575665388473
15031.0,2011-12-05 14:19:00,2011-03-02 14:46:00,4,668.14,281,3,0,Loyal Customers,0.27845251210363176
15032.0,2011-03-28 15:03:00,2010-12-08 12:57:00,3,4959.1,365,255,1,At Risk,0.349786273239384
15033.0,2011-12-05 12:40:00,2011-01-14 13:28:00,10,2586.67,328,4,0,Champions,0.056361972710186954
15034.0,2011-11-24 12:11:00,2010-12-21 09:47:00,8,4308.61,353,15,0,Loyal Customers,0.06035393179685662
15035.0,2011-09-11 11:08:00,2011-09-11 11:08:00,1,252.73,89,89,0,At Risk,0.028778147854021198
15036.0,2011-09-28 15:42:00,2011-06-13 12:19:00,3,465.55,179,71,0,Others,0.34828733563819836
15038.0,2011-10-12 11:33:00,2010-12-05 10:54:00,6,705.49,369,58,0,Others,0.27194237230858836
15039.0,2011-11-30 11:31:00,2010-12-06 11:26:00,47,19914.44,368,9,0,Champions,0.018484400330035056
15041.0,2011-06-22 16:16:00,2011-06-22 16:16:00,1,180.35,169,169,1,At Risk,0.9595831546982972
15042.0,2011-05-24 16:25:00,2011-05-24 16:25:00,1,135.93,198,198,1,At Risk,0.9675563523411285
15043.0,2011-11-08 14:26:00,2011-11-08 14:26:00,1,537.0,30,30,0,Potential Loyalist,0.028922615369134368
15044.0,2011-11-20 13:20:00,2010-12-12 14:27:00,17,7700.23,361,18,0,Loyal Customers,0.02343292270577868
15045.0,2011-07-11 11:33:00,2011-03-27 11:44:00,2,735.66,257,151,1,At Risk,0.47091823597736615
15046.0,2011-11-30 15:50:00,2011-01-05 15:30:00,15,5213.77,337,8,0,Champions,0.038673909192597555
15047.0,2011-03-15 10:49:00,2011-03-15 10:49:00,1,343.62,269,269,1,At Risk,0.9439963180669377
15048.0,2011-10-05 14:55:00,2010-12-06 12:15:00,4,384.05,368,64,0,Others,0.4810716509382113
15049.0,2011-03-11 12:13:00,2011-03-11 12:13:00,1,121.17000000000002,273,273,1,At Risk,0.968729659868939
15050.0,2011-11-14 16:17:00,2011-09-29 13:22:00,3,1782.09,70,24,0,Potential Loyalist,0.020900535728975926
15051.0,2011-11-16 15:38:00,2011-07-12 15:29:00,3,1391.61,149,22,0,Potential Loyalist,0.13419252815532834
15052.0,2011-01-24 15:52:00,2011-01-24 15:52:00,1,215.78,318,318,1,At Risk,0.9423538815352643
15053.0,2011-12-05 12:08:00,2011-03-03 12:06:00,3,697.79,281,4,0,Potential Loyalist,0.37667903833433397
15054.0,2011-11-27 15:02:00,2011-10-30 14:33:00,2,302.1,39,11,0,Potential Loyalist,0.024022721966674432
15057.0,2011-03-09 15:17:00,2011-01-28 09:09:00,2,1489.5,315,274,1,At Risk,0.48502130150838985
15058.0,2011-11-14 14:57:00,2011-01-31 15:35:00,11,2124.99,311,24,0,Loyal Customers,0.07427466889637366
15059.0,2011-10-30 11:35:00,2011-01-09 11:54:00,9,1337.72,334,40,0,Others,0.09632968892207895
15060.0,2011-12-01 13:47:00,2011-11-30 14:03:00,4,303.09000000000003,8,7,0,Loyal Customers,0.053310018948189056
15061.0,2011-12-06 12:06:00,2010-12-02 15:19:00,48,54534.14,371,3,0,Champions,0.01977316728704395
15062.0,2011-09-29 16:51:00,2010-12-15 15:37:00,4,987.86,358,70,0,Others,0.24022376092178743
15063.0,2011-05-10 13:25:00,2011-05-10 13:25:00,1,370.8,212,212,1,At Risk,0.931882457923682
15065.0,2011-11-02 09:45:00,2011-02-21 12:54:00,4,3158.13,290,37,0,Others,0.14016333912755838
15066.0,2011-10-17 13:25:00,2011-10-17 13:25:00,1,893.59,52,52,0,Others,0.023070941165855455
15067.0,2011-09-22 13:20:00,2011-03-02 12:10:00,3,1744.76,282,77,0,At Risk,0.33858928505375147
15068.0,2011-10-24 14:47:00,2011-03-28 14:27:00,2,553.36,255,45,0,Others,0.5108917346925628
15069.0,2011-06-13 14:16:00,2011-06-13 14:16:00,1,1109.53,178,178,1,At Risk,0.8175049287786819
15070.0,2010-12-02 11:23:00,2010-12-02 11:23:00,1,106.2,372,372,1,At Risk,0.9695858203722898
15071.0,2011-09-07 11:43:00,2011-03-09 10:19:00,2,982.07,275,93,1,At Risk,0.4900137469914557
15073.0,2011-11-30 10:44:00,2011-06-06 09:59:00,3,1043.41,186,9,0,Potential Loyalist,0.19258664441697793
15074.0,2011-08-26 14:45:00,2011-08-26 14:45:00,1,748.87,104,104,1,At Risk,0.7880685348666501
15075.0,2011-09-23 12:27:00,2011-09-23 12:27:00,1,773.03,77,77,0,At Risk,0.020769299578988147
15076.0,2011-06-20 08:23:00,2011-06-20 08:23:00,1,880.85,172,172,1,At Risk,0.8084894498112817
15078.0,2011-12-02 15:41:00,2010-12-06 12:38:00,32,9743.11,368,6,0,Champions,0.017788026553472735
15079.0,2011-05-11 12:45:00,2010-12-09 09:25:00,4,895.61,365,212,1,At Risk,0.2505468573890229
15081.0,2011-11-17 17:08:00,2010-12-07 16:20:00,5,504.8,366,21,0,Loyal Customers,0.4076270424480124
15083.0,2011-03-28 12:18:00,2011-03-28 12:18:00,1,88.2,256,256,1,At Risk,0.9796407710009278
15087.0,2011-03-03 10:34:00,2011-03-03 10:34:00,1,306.94,281,281,1,At Risk,0.9550825133367258
15088.0,2011-11-18 13:14:00,2011-10-03 14:05:00,2,1160.07,66,20,0,Potential Loyalist,0.02779330925712006
15089.0,2011-11-29 16:31:00,2011-08-03 14:14:00,6,2420.84,127,9,0,Champions,0.05847839443925216
15090.0,2011-02-04 14:03:00,2011-02-04 14:03:00,1,381.32,307,307,1,At Risk,0.9396539734332101
15091.0,2011-10-03 12:47:00,2011-10-03 12:47:00,1,480.71,67,67,0,Others,0.03157540024662637
15092.0,2011-05-08 14:10:00,2011-03-01 12:24:00,2,457.81,283,214,1,At Risk,0.5308776429233744
15093.0,2011-11-21 13:09:00,2010-12-02 18:25:00,6,4597.02,371,17,0,Loyal Customers,0.06762906800402689
15095.0,2011-08-28 12:01:00,2011-05-20 14:27:00,4,1370.6,202,103,1,At Risk,0.10230346493300115
15096.0,2011-10-28 10:27:00,2011-10-28 10:27:00,1,219.39,42,42,0,Others,0.02017325664579854
15097.0,2011-12-05 14:03:00,2011-12-05 14:03:00,1,248.08,3,3,0,Potential Loyalist,0.028778147854021198
15098.0,2011-06-10 15:33:00,2011-06-10 15:22:00,3,39916.5,181,181,1,At Risk,0.4000927970062705
15099.0,2011-09-16 13:13:00,2011-09-16 13:13:00,1,410.48,83,83,0,At Risk,0.0323679106966485
15100.0,2011-01-10 10:35:00,2010-12-01 09:09:00,3,876.0,373,333,1,At Risk,0.4087164868010455
15101.0,2011-12-01 10:18:00,2010-12-15 12:54:00,2,317.53000000000003,358,8,0,Potential Loyalist,0.6011078165726579
15103.0,2011-11-08 14:53:00,2011-09-14 13:54:00,2,703.36,85,30,0,Potential Loyalist,0.023001527634191627
15104.0,2011-05-27 12:29:00,2011-03-02 14:16:00,2,1027.44,281,196,1,At Risk,0.4877034782527646
15105.0,2011-11-21 16:54:00,2011-07-28 10:09:00,7,2298.93,134,17,0,Loyal Customers,0.056306679985944824
15106.0,2011-11-22 09:16:00,2011-03-15 12:52:00,5,1422.52,268,17,0,Loyal Customers,0.12979802950947
15107.0,2011-02-01 14:46:00,2010-12-02 13:45:00,6,319.5,371,310,1,At Risk,0.5335122576725426
15108.0,2011-07-21 10:24:00,2011-04-26 10:54:00,4,1300.25,227,141,1,At Risk,0.16963560980696404
15109.0,2011-04-08 09:58:00,2011-04-08 09:58:00,1,484.95,245,245,1,At Risk,0.9315309013250135
15110.0,2011-11-16 11:16:00,2011-01-25 11:41:00,4,996.1,318,23,0,Loyal Customers,0.22553809184548154
15111.0,2011-11-10 16:58:00,2010-12-02 11:45:00,3,1567.48,372,28,0,Potential Loyalist,0.35797632424568454
15113.0,2011-11-30 08:23:00,2011-10-16 15:27:00,3,3609.33,53,9,0,Potential Loyalist,0.03531208741196948
15114.0,2011-11-09 15:05:00,2011-02-11 08:45:00,10,2760.56,301,29,0,Loyal Customers,0.0635676363251722
15115.0,2011-11-21 14:59:00,2011-11-21 14:59:00,1,340.11,17,17,0,Potential Loyalist,0.021541167787968055
15116.0,2011-11-22 12:25:00,2011-05-19 08:50:00,4,1352.75,204,17,0,Loyal Customers,0.10292088917542537
15117.0,2011-11-25 08:12:00,2011-05-08 12:38:00,5,1551.78,215,14,0,Loyal Customers,0.09325752133964225
15118.0,2011-07-28 14:54:00,2011-07-28 14:54:00,1,244.8,133,133,1,At Risk,0.9399291100899491
15119.0,2011-04-08 09:08:00,2011-04-08 09:08:00,1,266.4,245,245,1,At Risk,0.9566198990773622
15120.0,2011-07-29 09:48:00,2011-07-29 09:48:00,1,358.82,133,133,1,At Risk,0.9287749800133386
15121.0,2011-10-20 14:51:00,2011-02-24 12:41:00,2,457.72,288,49,0,Others,0.5339292222558677
15122.0,2011-08-17 16:48:00,2011-02-15 09:59:00,3,1633.78,297,113,1,At Risk,0.3837665738883076
15123.0,2011-12-02 13:12:00,2011-05-17 14:57:00,2,2199.31,205,6,0,Potential Loyalist,0.2916597291316913
15124.0,2011-11-17 10:09:00,2011-06-01 09:06:00,2,184.19,191,22,0,Potential Loyalist,0.5210520298075225
15125.0,2011-11-14 13:57:00,2011-03-14 09:59:00,15,11528.48,270,24,0,Loyal Customers,0.03591845051915961
15127.0,2011-10-05 10:30:00,2011-10-05 10:30:00,1,406.53,65,65,0,Others,0.0323679106966485
15128.0,2011-10-10 13:54:00,2011-05-04 12:32:00,4,1471.0,219,59,0,Others,0.13814705765062826
15129.0,2011-10-20 14:40:00,2011-02-21 09:09:00,11,3447.4,291,49,0,Others,0.05738099778494477
15130.0,2011-06-23 10:15:00,2011-06-23 10:15:00,1,330.11,169,169,1,At Risk,0.9327958796891588
15132.0,2011-11-21 17:10:00,2011-03-22 12:02:00,5,977.93,262,17,0,Loyal Customers,0.17250941703272737
15133.0,2011-08-04 10:44:00,2011-02-11 10:38:00,3,982.42,301,127,1,At Risk,0.40760623581246735
15134.0,2011-11-25 08:55:00,2011-04-13 11:05:00,8,1387.99,240,14,0,Loyal Customers,0.09908100178113884
15135.0,2011-04-14 19:16:00,2011-04-14 19:16:00,1,139.05,238,238,1,At Risk,0.96803568971992
15136.0,2011-12-07 12:26:00,2011-09-04 16:05:00,4,1286.7,95,2,0,Loyal Customers,0.056974571499343624
15139.0,2011-04-14 11:39:00,2011-01-07 12:44:00,2,178.96,336,239,1,At Risk,0.6309236179675035
15140.0,2011-10-18 14:07:00,2011-03-20 14:37:00,7,2354.25,263,51,0,Others,0.06448964934242335
15142.0,2011-10-24 12:51:00,2011-10-24 12:51:00,1,498.74,45,45,0,Others,0.03839358206480819
15143.0,2011-04-28 12:03:00,2011-04-28 12:03:00,1,259.45,225,225,1,At Risk,0.9571818476772855
15144.0,2011-12-01 15:12:00,2011-01-31 13:17:00,17,6580.4400000000005,311,7,0,Champions,0.035836223060998956
15145.0,2011-12-05 17:21:00,2011-04-05 15:20:00,4,1194.73,247,3,0,Loyal Customers,0.1845988933374297
15146.0,2011-06-28 12:09:00,2011-02-21 13:07:00,2,1327.16,290,164,1,At Risk,0.47294355580069664
15147.0,2011-04-13 15:57:00,2011-04-13 15:57:00,1,623.5,239,239,1,At Risk,0.9158800239590427
15148.0,2011-11-29 08:21:00,2011-11-29 08:21:00,1,301.29,10,10,0,Potential Loyalist,0.02859749729717051
15149.0,2011-07-29 10:58:00,2011-07-29 10:58:00,1,520.8000000000001,133,133,1,At Risk,0.9156710273971074
15150.0,2011-11-22 12:52:00,2011-03-15 14:21:00,10,5314.47,268,16,0,Loyal Customers,0.040177156967344176
15152.0,2011-11-30 12:32:00,2011-06-05 15:36:00,13,4745.69,186,9,0,Champions,0.03343161984547162
15153.0,2011-11-08 17:09:00,2011-11-08 17:09:00,1,329.25,30,30,0,Potential Loyalist,0.02859749729717051
15154.0,2011-09-25 16:05:00,2011-09-25 16:05:00,1,296.42,74,74,0,At Risk,0.02783295172322777
15156.0,2011-12-08 18:22:00,2011-11-06 12:41:00,3,961.49,33,0,0,Potential Loyalist,0.025659539451138226
15157.0,2011-12-06 11:28:00,2010-12-16 13:44:00,3,1936.07,357,3,0,Potential Loyalist,0.31518428751053573
15158.0,2011-10-25 13:53:00,2011-10-25 13:53:00,1,401.4,44,44,0,Others,0.0323679106966485
15159.0,2011-12-08 12:05:00,2010-12-13 15:44:00,30,18641.01,360,1,0,Champions,0.02044590459195436
15160.0,2010-12-17 14:15:00,2010-12-17 14:15:00,1,158.16,356,356,1,At Risk,0.9657043639861123
15163.0,2011-11-21 13:10:00,2011-05-31 15:22:00,2,304.47,191,17,0,Potential Loyalist,0.4732877008764879
15164.0,2011-10-02 12:05:00,2011-01-04 14:21:00,3,843.05,338,68,0,Others,0.40069993206716953
15165.0,2010-12-01 14:03:00,2010-12-01 14:03:00,1,487.75,372,372,1,At Risk,0.9263832916268352
15167.0,2011-01-23 12:41:00,2011-01-23 12:41:00,1,163.0,320,320,1,At Risk,0.9601165509358561
15168.0,2011-11-14 11:26:00,2011-11-14 11:26:00,1,106.56,25,25,0,Potential Loyalist,0.028183635995173612
15171.0,2011-01-12 15:36:00,2011-01-12 15:36:00,1,1289.5,330,330,1,At Risk,0.8174928415006549
15172.0,2011-12-01 11:51:00,2011-04-17 11:56:00,5,1624.05,236,8,0,Loyal Customers,0.11893235849005236
15174.0,2011-01-21 09:06:00,2011-01-21 09:06:00,1,135.75,322,322,1,At Risk,0.9707775672499247
15175.0,2011-09-29 11:31:00,2011-09-29 11:31:00,1,224.14,71,71,0,Others,0.030270856447953035
15178.0,2011-03-24 15:12:00,2011-03-24 15:12:00,1,40.5,259,259,1,At Risk,0.9790765788945569
15179.0,2011-11-21 12:53:00,2011-01-24 13:48:00,5,2206.9500000000003,318,17,0,Loyal Customers,0.11705998295442256
15180.0,2010-12-07 14:57:00,2010-12-07 14:57:00,1,87.5,366,366,1,At Risk,0.9796630840008429
15181.0,2011-10-04 13:58:00,2011-03-15 12:03:00,3,689.48,269,65,0,Others,0.3842808721343753
15182.0,2011-07-08 13:37:00,2011-03-16 12:42:00,2,622.85,268,153,1,At Risk,0.509751979916039
15184.0,2011-11-10 13:41:00,2011-06-02 12:06:00,2,406.76,190,28,0,Potential Loyalist,0.4641377452255508
15185.0,2011-09-30 14:06:00,2011-09-30 14:06:00,1,310.62,69,69,0,Others,0.02859749729717051
15186.0,2011-11-25 14:58:00,2011-06-24 14:54:00,2,411.41,167,13,0,Potential Loyalist,0.4137032027514636
15187.0,2011-12-08 11:56:00,2011-05-11 13:49:00,16,4777.18,211,1,0,Champions,0.03725561981957707
15189.0,2011-12-08 13:22:00,2011-01-11 12:29:00,41,16225.39,332,0,0,Champions,0.029704421641895403
15192.0,2011-08-12 11:41:00,2010-12-09 14:56:00,3,1044.32,364,119,1,At Risk,0.38937249945298175
15193.0,2011-10-10 08:23:00,2011-10-10 08:23:00,1,499.32,60,60,0,Others,0.03839358206480819
15194.0,2011-12-06 15:10:00,2010-12-06 15:00:00,15,7616.53,367,2,0,Champions,0.0206164662691844
15195.0,2011-12-07 12:20:00,2011-12-07 12:20:00,1,3861.0,2,2,0,Potential Loyalist,0.035554531251496914
15197.0,2011-11-29 10:00:00,2010-12-16 18:01:00,3,1079.61,357,10,0,Potential Loyalist,0.371228998941703
15198.0,2011-09-08 14:42:00,2011-08-07 15:16:00,2,193.64,123,91,1,At Risk,0.44062356826638177
15199.0,2011-10-11 15:12:00,2011-02-04 14:04:00,4,1268.7,307,58,0,Others,0.2110861939242349
15201.0,2011-09-13 14:53:00,2011-04-06 14:02:00,5,1236.54,246,86,0,At Risk,0.1315144793379068
15203.0,2011-11-14 08:16:00,2011-02-01 12:29:00,6,1827.8,311,25,0,Loyal Customers,0.10226752091106796
15204.0,2010-12-17 13:49:00,2010-12-17 13:49:00,1,316.58,356,356,1,At Risk,0.9580738765827445
15205.0,2011-09-15 19:36:00,2011-08-04 16:07:00,2,653.24,126,84,0,At Risk,0.307027168468667
15206.0,2011-11-29 13:41:00,2011-03-09 08:59:00,4,420.3,275,9,0,Loyal Customers,0.40130003329086117
15208.0,2011-12-08 17:24:00,2010-12-21 13:03:00,5,870.12,352,0,0,Loyal Customers,0.18793632945867544
15210.0,2011-04-28 16:11:00,2011-04-28 16:11:00,1,331.18,224,224,1,At Risk,0.9572331421475991
15211.0,2011-10-10 13:31:00,2010-12-09 16:08:00,2,894.4100000000001,364,59,0,Others,0.49529541009305134
15212.0,2011-04-12 13:45:00,2011-04-12 13:45:00,1,101.8,240,240,1,At Risk,0.9750247345763284
15213.0,2011-01-25 12:21:00,2011-01-14 11:05:00,2,328.35,329,318,1,At Risk,0.5905649178456914
15214.0,2011-12-08 12:07:00,2011-04-11 09:46:00,8,1661.44,242,1,0,Loyal Customers,0.09398996507418728
15215.0,2011-10-24 11:41:00,2011-09-04 12:24:00,3,734.94,96,46,0,Others,0.11899949667260991
15216.0,2011-09-13 11:41:00,2011-09-13 11:41:00,1,96.6,87,87,0,At Risk,0.07695721856166525
15218.0,2011-11-29 11:48:00,2011-01-25 11:20:00,11,5756.89,318,10,0,Champions,0.04048822919271612
15219.0,2011-06-16 16:57:00,2011-06-16 16:57:00,1,305.75,175,175,1,At Risk,0.9263304690604187
15220.0,2011-10-19 12:39:00,2011-03-04 10:24:00,6,1778.96,280,51,0,Others,0.09568944792265369
15221.0,2010-12-08 13:08:00,2010-12-08 13:08:00,1,403.25,365,365,1,At Risk,0.9313951058423067
15222.0,2011-01-25 08:03:00,2011-01-25 08:03:00,1,585.0,318,318,1,At Risk,0.9133299635782732
15223.0,2011-04-28 11:31:00,2011-04-04 12:17:00,2,755.75,249,225,1,At Risk,0.48921817786303884
15224.0,2010-12-16 15:02:00,2010-12-12 12:34:00,2,322.08,362,357,1,At Risk,0.6014575088104268
15225.0,2011-04-19 14:51:00,2011-04-19 14:51:00,1,409.4,233,233,1,At Risk,0.9357591671102728
15226.0,2011-02-02 11:41:00,2011-02-02 11:41:00,1,154.41,310,310,1,At Risk,0.9647261606598222
15227.0,2011-11-03 11:59:00,2011-01-26 15:31:00,5,1219.4,316,36,0,Others,0.14430213414684354
15228.0,2011-10-04 13:56:00,2011-02-18 09:04:00,4,3386.71,294,65,0,Others,0.13572299028869778
15230.0,2011-04-14 14:39:00,2011-04-13 11:04:00,2,429.6,240,238,1,At Risk,0.5615566527973229
15232.0,2011-08-18 16:27:00,2011-07-22 12:21:00,2,612.06,140,112,1,At Risk,0.4482737290565953
15234.0,2011-03-08 08:53:00,2011-03-08 08:53:00,1,197.0,276,276,1,At Risk,0.9646828763208565
15235.0,2011-05-06 09:44:00,2010-12-01 17:22:00,12,2247.51,372,217,1,At Risk,0.20597840748546958
15236.0,2011-02-14 10:52:00,2011-02-14 10:52:00,1,321.05,298,298,1,At Risk,0.9489986621023084
15237.0,2011-12-08 09:46:00,2011-04-26 15:04:00,4,1412.32,226,1,0,Loyal Customers,0.14804031238190402
15238.0,2011-11-10 14:28:00,2011-06-08 16:00:00,3,1071.99,183,28,0,Potential Loyalist,0.18297841217036143
15239.0,2011-11-29 14:14:00,2011-09-22 09:53:00,2,780.59,78,9,0,Potential Loyalist,0.019021334659942754
15240.0,2011-10-26 09:50:00,2011-02-01 08:23:00,5,1706.57,311,44,0,Others,0.13231797451802427
15241.0,2011-10-04 09:05:00,2011-03-01 11:02:00,8,1756.44,283,66,0,Others,0.08244877918408976
15243.0,2011-09-26 14:12:00,2011-09-26 14:12:00,1,316.68,73,73,0,At Risk,0.02859749729717051
15244.0,2011-10-05 13:19:00,2011-04-05 15:12:00,2,631.57,247,64,0,Others,0.5038032009783759
15245.0,2011-07-28 18:56:00,2011-03-23 13:42:00,3,2515.84,260,133,1,At Risk,0.3387473402470436
15246.0,2011-04-15 14:45:00,2010-12-16 09:46:00,2,514.15,358,237,1,At Risk,0.5276629497999926
15247.0,2011-08-09 12:52:00,2011-08-09 12:52:00,1,356.0,121,121,1,At Risk,0.9259204125870117
15249.0,2011-11-08 11:45:00,2011-03-28 12:49:00,13,6688.46,256,31,0,Loyal Customers,0.03791726730185391
15251.0,2011-11-30 15:02:00,2011-04-12 10:38:00,11,10484.99,241,8,0,Champions,0.05035655029874409
15252.0,2011-11-03 13:30:00,2011-06-09 14:15:00,2,740.78,182,35,0,Others,0.3772783357999032
15253.0,2011-11-23 16:22:00,2011-06-23 12:19:00,5,918.2,169,15,0,Loyal Customers,0.10543325242970074
15254.0,2011-08-04 15:04:00,2011-08-04 15:04:00,1,300.36,126,126,1,At Risk,0.9394794955834439
15255.0,2011-10-04 12:43:00,2011-10-04 12:43:00,1,890.85,66,66,0,Others,0.023070941165855455
15256.0,2011-07-14 11:47:00,2011-07-14 11:47:00,1,98.45,148,148,1,At Risk,0.9754335082811724
15257.0,2011-03-01 12:58:00,2011-03-01 12:58:00,1,317.15,282,282,1,At Risk,0.9550825133367258
15258.0,2011-06-24 12:30:00,2011-05-06 14:16:00,2,623.16,216,168,1,At Risk,0.5098661979600164
15260.0,2011-08-31 13:55:00,2010-12-02 12:09:00,7,1810.77,372,99,1,At Risk,0.20800617595894055
15261.0,2011-07-27 15:20:00,2011-07-27 15:20:00,1,254.82,134,134,1,At Risk,0.9362216372738975
15262.0,2011-01-20 12:16:00,2011-01-20 12:16:00,1,178.95000000000002,323,323,1,At Risk,0.9695666375014822
15263.0,2011-08-25 10:26:00,2011-08-25 10:26:00,1,156.51,106,106,1,At Risk,0.9669814782130756
15264.0,2011-10-06 13:49:00,2011-10-06 13:49:00,1,393.74,63,63,0,Others,0.0323679106966485
15265.0,2011-07-11 14:46:00,2011-04-18 12:16:00,2,1506.12,235,150,1,At Risk,0.4342380203918389
15266.0,2011-01-05 13:40:00,2011-01-05 13:40:00,1,119.3,337,337,1,At Risk,0.9696089086604179
15267.0,2011-11-17 15:59:00,2011-06-10 10:24:00,5,1717.36,182,21,0,Loyal Customers,0.06946798856986054
15269.0,2011-11-16 09:32:00,2011-11-16 09:32:00,1,408.8,23,23,0,Potential Loyalist,0.0323679106966485
15270.0,2011-11-24 09:24:00,2011-02-02 13:25:00,7,2379.49,309,15,0,Loyal Customers,0.0653450732354151
15271.0,2011-12-02 14:11:00,2010-12-09 13:47:00,15,2507.07,364,6,0,Champions,0.040265315109608686
15272.0,2011-10-13 12:59:00,2011-09-14 16:36:00,2,721.94,85,56,0,Others,0.021836600275894104
15274.0,2011-12-05 16:57:00,2011-11-21 14:17:00,2,716.57,17,3,0,Potential Loyalist,0.021836600275894104
15275.0,2011-11-02 11:20:00,2011-11-02 11:20:00,1,615.14,37,37,0,Others,0.03303805743852314
15276.0,2011-10-04 16:39:00,2011-10-04 16:39:00,1,135.31,65,65,0,Others,0.04391080735498125
15277.0,2011-10-24 10:08:00,2011-10-24 10:08:00,1,255.9,46,46,0,Others,0.028778147854021198
15279.0,2010-12-20 10:48:00,2010-12-20 10:48:00,1,290.51,354,354,1,At Risk,0.956566634194146
15280.0,2011-06-20 17:14:00,2011-06-20 17:14:00,1,113.12,171,171,1,At Risk,0.9703120671854332
15281.0,2011-10-12 09:10:00,2011-01-10 15:51:00,9,2332.15,332,58,0,Others,0.07067798761890871
15286.0,2011-10-21 11:08:00,2011-10-21 11:08:00,1,240.55,49,49,0,Others,0.028778147854021198
15287.0,2011-11-17 15:34:00,2011-09-30 12:30:00,2,486.69,70,21,0,Potential Loyalist,0.01821640324404797
15288.0,2011-10-27 16:58:00,2010-12-09 13:59:00,5,2306.52,364,42,0,Others,0.10859455966967749
15289.0,2011-11-10 13:49:00,2011-04-04 12:44:00,3,939.78,249,28,0,Potential Loyalist,0.3287818876817336
15290.0,2011-12-05 11:39:00,2010-12-15 16:03:00,18,7943.22,358,4,0,Champions,0.031048685724278498
15291.0,2011-11-14 11:02:00,2010-12-01 09:32:00,15,4668.3,373,25,0,Loyal Customers,0.048107670679232994
15292.0,2011-05-22 15:00:00,2011-05-22 15:00:00,1,180.94,200,200,1,At Risk,0.9595562661815904
15296.0,2011-10-20 11:47:00,2011-01-17 11:57:00,6,3672.86,326,50,0,Others,0.09962782885353563
15297.0,2011-11-29 16:32:00,2011-10-07 09:42:00,3,641.94,63,9,0,Potential Loyalist,0.03798575733751274
15298.0,2011-12-07 17:17:00,2010-12-08 13:55:00,12,4799.9,365,1,0,Champions,0.03152983200465162
15299.0,2011-10-03 14:19:00,2010-12-02 16:48:00,7,4507.01,371,66,0,Others,0.04070493232063055
15300.0,2011-10-06 17:08:00,2011-10-06 17:08:00,1,496.44,63,63,0,Others,0.03157540024662637
15301.0,2011-10-20 09:57:00,2010-12-06 12:21:00,12,5070.35,368,50,0,Others,0.029142999200487237
15303.0,2011-02-22 13:59:00,2011-02-22 13:59:00,1,574.02,289,289,1,At Risk,0.9108940291971748
15304.0,2011-10-10 10:23:00,2010-12-06 11:42:00,8,694.4,368,60,0,Others,0.20208663213803496
15306.0,2011-10-06 12:56:00,2011-07-14 15:22:00,3,1174.35,147,63,0,Others,0.13186628261081007
15307.0,2011-09-05 11:38:00,2011-09-05 11:38:00,1,205.3,95,95,1,At Risk,0.9411687012243408
15308.0,2011-03-10 13:08:00,2011-03-10 13:08:00,1,310.47,273,273,1,At Risk,0.954042199483912
15311.0,2011-12-09 12:00:00,2010-12-01 09:41:00,91,60767.9,373,0,0,Champions,0.03712869523896306
15312.0,2011-09-25 13:10:00,2010-12-20 12:51:00,4,924.85,353,74,0,At Risk,0.2347712755320158
15313.0,2011-08-21 16:02:00,2011-08-21 16:02:00,1,52.0,109,109,1,At Risk,0.9775581944230836
15314.0,2011-05-24 14:39:00,2011-05-24 14:39:00,1,327.97,198,198,1,At Risk,0.9443388420875665
15315.0,2011-10-06 12:51:00,2011-08-15 15:17:00,2,570.5,115,63,0,Others,0.3003778384740746
15316.0,2011-01-17 11:34:00,2011-01-17 11:34:00,1,165.0,326,326,1,At Risk,0.9381240102242856
15318.0,2011-12-06 11:30:00,2011-12-06 11:30:00,1,312.62,3,3,0,Potential Loyalist,0.02859749729717051
15319.0,2011-03-01 12:48:00,2011-03-01 12:48:00,1,204.5,283,283,1,At Risk,0.9617814282301963
15320.0,2011-10-26 13:27:00,2011-10-26 13:27:00,1,267.13,43,43,0,Others,0.02783295172322777
15321.0,2011-09-30 09:40:00,2011-02-21 11:10:00,3,2748.31,291,70,0,Others,0.33117057480517514
15322.0,2011-09-15 09:34:00,2011-09-15 09:34:00,1,679.68,85,85,0,At Risk,0.015711300167577276
15325.0,2011-08-28 11:55:00,2011-08-28 11:55:00,1,162.29,103,103,1,At Risk,0.9493347614729636
15326.0,2011-01-10 11:38:00,2011-01-10 11:38:00,1,311.71,333,333,1,At Risk,0.9587268103320019
15327.0,2011-10-18 11:55:00,2011-10-18 11:55:00,1,208.75,52,52,0,Others,0.031873256645798535
15329.0,2011-10-31 15:36:00,2011-06-21 10:37:00,3,1049.7,171,38,0,Others,0.18744926367195583
15330.0,2011-11-07 17:50:00,2011-10-10 12:30:00,2,714.9599999999999,60,31,0,Potential Loyalist,0.023001527634191627
15332.0,2010-12-08 14:43:00,2010-12-05 12:00:00,4,1661.06,369,365,1,At Risk,0.2792871529602165
15333.0,2011-05-15 13:27:00,2011-05-15 13:27:00,1,1028.56,207,207,1,At Risk,0.8050003145614248
15334.0,2011-07-06 11:22:00,2011-06-19 13:51:00,3,351.67,172,156,1,At Risk,0.3698653566882281
15335.0,2011-10-17 12:50:00,2011-10-17 12:50:00,1,173.97,53,53,0,Others,0.03042812206134033
15339.0,2011-10-04 12:51:00,2011-01-25 13:15:00,2,574.07,317,65,0,Others,0.5071444126097034
15341.0,2011-09-20 09:40:00,2011-09-20 09:40:00,1,2020.52,80,80,0,At Risk,0.039058008600989874
15342.0,2011-08-02 10:19:00,2011-08-02 10:19:00,1,406.09,129,129,1,At Risk,0.9129251658800055
15343.0,2011-09-13 13:55:00,2011-09-13 13:55:00,1,364.5,86,86,0,At Risk,0.02866237281033587
15344.0,2011-12-09 10:45:00,2011-09-26 14:48:00,3,563.94,73,0,0,Potential Loyalist,0.025624561319060782
15345.0,2011-10-25 11:28:00,2011-10-25 11:28:00,1,393.54,45,45,0,Others,0.0323679106966485
15346.0,2011-01-11 11:18:00,2011-01-11 11:18:00,1,252.42,332,332,1,At Risk,0.9576030450860833
15347.0,2010-12-08 15:25:00,2010-12-08 15:25:00,1,201.6,365,365,1,At Risk,0.9629762365278739
15348.0,2011-09-28 13:17:00,2011-09-28 13:17:00,1,158.04,71,71,0,Others,0.03395173551734715
15349.0,2011-07-04 16:06:00,2011-06-05 15:46:00,2,473.81,186,157,1,At Risk,0.4559572998243403
15350.0,2010-12-01 13:33:00,2010-12-01 13:33:00,1,115.65,372,372,1,At Risk,0.9708834199358469
15351.0,2011-11-27 12:52:00,2010-12-05 11:49:00,7,1960.11,369,11,0,Loyal Customers,0.0740989817106587
15353.0,2011-03-30 12:15:00,2010-12-07 11:49:00,2,777.02,367,254,1,At Risk,0.48204432376602896
15355.0,2011-11-10 13:44:00,2011-10-17 15:22:00,2,277.05,52,28,0,Potential Loyalist,0.020465256158067616
15356.0,2011-11-08 13:11:00,2010-12-06 14:05:00,10,2766.5,367,30,0,Loyal Customers,0.04865706946470924
15358.0,2011-12-05 09:04:00,2010-12-09 10:04:00,22,8347.2,365,4,0,Champions,0.019322786467150178
15360.0,2011-10-31 09:35:00,2011-10-31 09:35:00,1,427.93,39,39,0,Others,0.025664191985844062
15361.0,2010-12-13 09:52:00,2010-12-13 09:52:00,1,418.92,361,361,1,At Risk,0.9349015059551964
15363.0,2010-12-02 12:28:00,2010-12-02 12:28:00,1,326.0,372,372,1,At Risk,0.9533710615594195
15364.0,2011-09-05 09:46:00,2011-03-30 13:39:00,2,913.19,253,95,1,At Risk,0.4831959673148234
15365.0,2011-11-14 08:29:00,2011-01-28 13:08:00,7,2314.32,314,25,0,Loyal Customers,0.06888640479664869
15366.0,2011-09-25 15:01:00,2010-12-16 15:59:00,2,602.51,357,74,0,At Risk,0.5270226358414744
15367.0,2011-10-13 14:13:00,2011-03-09 13:53:00,4,1877.59,274,56,0,Others,0.16286566463534716
15368.0,2011-11-18 14:42:00,2011-11-18 14:42:00,1,446.94000000000005,20,20,0,Potential Loyalist,0.025957752999993314
15370.0,2011-10-30 10:58:00,2011-01-11 11:32:00,7,2386.05,332,40,0,Others,0.0636655549634636
15372.0,2011-07-25 16:39:00,2011-07-25 16:39:00,1,2007.4,136,136,1,At Risk,0.8259942540155312
15373.0,2011-12-01 15:05:00,2010-12-03 14:40:00,12,2415.91,370,7,0,Champions,0.05018718629957509
15374.0,2011-08-03 09:59:00,2011-08-03 09:59:00,1,168.0,128,128,1,At Risk,0.9590876180714187
15376.0,2011-10-30 15:04:00,2011-05-01 13:45:00,3,1233.36,221,39,0,Others,0.20228400553952852
15379.0,2011-06-23 13:13:00,2010-12-16 13:02:00,7,3703.29,357,168,1,At Risk,0.09060980366771149
15380.0,2011-12-01 12:13:00,2010-12-09 15:01:00,5,1690.26,364,8,0,Loyal Customers,0.13556374672613897
15381.0,2011-05-10 11:55:00,2011-03-16 13:44:00,2,596.85,267,213,1,At Risk,0.5054421057501259
15382.0,2011-11-25 10:58:00,2011-02-17 12:01:00,6,5955.71,295,14,0,Loyal Customers,0.06418515687621844
15384.0,2011-06-23 10:57:00,2010-12-15 11:34:00,2,642.41,359,169,1,At Risk,0.5232527748553426
15385.0,2011-10-30 15:11:00,2011-10-30 15:11:00,1,316.88,39,39,0,Others,0.02859749729717051
15386.0,2011-06-06 13:47:00,2011-06-06 13:47:00,1,394.14,185,185,1,At Risk,0.9157481722399224
15388.0,2011-03-14 13:53:00,2011-03-14 13:53:00,1,140.54,269,269,1,At Risk,0.9677715640933116
15389.0,2011-06-20 16:18:00,2011-06-20 16:18:00,1,500.0,171,171,1,At Risk,0.9109695201022894
15392.0,2011-12-05 11:01:00,2010-12-14 15:50:00,4,1535.53,359,4,0,Loyal Customers,0.2144477786834598
15393.0,2011-11-23 16:48:00,2011-03-03 16:58:00,2,231.86,280,15,0,Potential Loyalist,0.5375576966662323
15394.0,2011-11-30 11:49:00,2010-12-16 12:46:00,4,2183.54,358,9,0,Loyal Customers,0.23728509999043346
15395.0,2011-01-18 12:40:00,2011-01-18 12:40:00,1,107.45,325,325,1,At Risk,0.9722838479310754
15396.0,2011-08-19 10:56:00,2011-08-19 10:56:00,1,288.18,112,112,1,At Risk,0.9388178274390195
15397.0,2011-02-23 09:25:00,2011-02-23 09:25:00,1,94.0,289,289,1,At Risk,0.9754627555985773
15398.0,2011-11-23 16:47:00,2011-09-22 14:56:00,2,1345.53,77,15,0,Potential Loyalist,0.025695853886086684
15399.0,2011-12-08 13:04:00,2011-09-21 15:57:00,3,815.77,78,0,0,Potential Loyalist,0.026422804231911158
15400.0,2011-09-08 13:57:00,2011-03-06 11:27:00,5,716.2,278,91,1,At Risk,0.2718526090205712
15402.0,2011-07-14 12:17:00,2011-05-27 13:32:00,2,626.77,195,148,1,At Risk,0.480352882318317
15405.0,2011-06-03 14:44:00,2011-06-03 14:44:00,1,349.1,188,188,1,At Risk,0.9347762556051109
15406.0,2011-11-08 13:22:00,2011-02-11 16:19:00,2,510.71,300,30,0,Potential Loyalist,0.5045571800046329
15407.0,2011-11-06 11:55:00,2011-02-07 13:18:00,4,1056.44,304,33,0,Others,0.2231267475604595
15408.0,2011-03-20 15:02:00,2011-03-20 15:02:00,1,267.18,263,263,1,At Risk,0.9543263188839383
15410.0,2011-09-16 14:47:00,2011-03-23 10:15:00,8,3450.84,261,83,0,At Risk,0.06806035726952127
15411.0,2011-11-13 15:19:00,2011-06-10 12:30:00,4,1358.88,182,25,0,Loyal Customers,0.09090448136288984
15412.0,2011-06-21 15:24:00,2011-06-21 15:24:00,1,190.53,170,170,1,At Risk,0.9610815066004109
15414.0,2011-11-30 09:50:00,2011-04-11 13:45:00,3,774.9000000000001,241,9,0,Potential Loyalist,0.30846915048363643
15415.0,2011-01-30 14:13:00,2011-01-30 14:13:00,1,572.8100000000001,312,312,1,At Risk,0.9145301880947417
15416.0,2011-10-06 09:38:00,2011-03-02 08:41:00,4,3984.32,282,64,0,Others,0.11488633576244082
15417.0,2011-09-15 15:26:00,2011-09-15 15:26:00,1,508.8,84,84,0,At Risk,0.03339358206480819
15419.0,2011-11-15 09:23:00,2011-11-15 09:23:00,1,135.86,24,24,0,Potential Loyalist,0.04391080735498125
15421.0,2011-10-12 09:20:00,2011-02-02 14:36:00,4,950.36,309,58,0,Others,0.2294594259178174
15422.0,2011-01-20 16:17:00,2011-01-20 14:17:00,2,97.7,322,322,1,At Risk,0.7138044124101506
15423.0,2011-11-01 14:01:00,2011-11-01 14:01:00,1,43.5,37,37,0,Others,0.02411903088826152
15424.0,2011-03-30 13:02:00,2011-03-30 13:00:00,2,383.34,253,253,1,At Risk,0.5474921729840126
15426.0,2011-11-20 15:36:00,2010-12-05 13:55:00,5,1447.39,368,18,0,Loyal Customers,0.1397796726852218
15427.0,2011-11-06 14:29:00,2011-10-23 14:47:00,3,1483.14,46,32,0,Potential Loyalist,0.024801085901184555
15428.0,2011-11-24 16:54:00,2011-11-24 16:54:00,1,93.78,14,14,0,Potential Loyalist,0.022209743814190507
15429.0,2011-11-13 12:28:00,2011-09-25 13:42:00,2,397.35,74,26,0,Potential Loyalist,0.02376749140518849
15432.0,2011-11-16 16:30:00,2011-11-16 16:30:00,1,171.19000000000003,22,22,0,Potential Loyalist,0.0277526834648491
15433.0,2011-05-10 10:45:00,2011-03-17 14:12:00,2,533.3,266,213,1,At Risk,0.5056018984447735
15434.0,2011-12-01 13:33:00,2011-05-23 14:18:00,5,1041.48,199,7,0,Loyal Customers,0.11156130796626568
15435.0,2011-11-17 16:39:00,2011-11-17 16:39:00,1,149.29,21,21,0,Potential Loyalist,0.045448897047119206
15436.0,2011-11-27 16:05:00,2011-04-19 16:52:00,3,1122.53,233,11,0,Potential Loyalist,0.25435027421346607
15437.0,2011-03-22 13:11:00,2011-03-22 13:11:00,1,200.16,261,261,1,At Risk,0.9632089839551713
15438.0,2011-07-31 14:19:00,2011-07-31 14:19:00,1,156.57999999999998,130,130,1,At Risk,0.9671729313027586
15440.0,2011-10-16 12:16:00,2011-05-15 11:30:00,3,383.68,208,54,0,Others,0.44087193672957015
15442.0,2011-04-05 12:24:00,2011-04-05 12:24:00,1,594.0,248,248,1,At Risk,0.9183790157740563
15443.0,2011-12-08 10:40:00,2011-01-23 13:25:00,7,3236.91,319,1,0,Champions,0.07422628063351555
15444.0,2011-11-30 17:37:00,2011-10-30 16:12:00,2,1418.26,39,8,0,Potential Loyalist,0.025014035704268505
15445.0,2011-03-20 15:06:00,2011-03-20 15:06:00,1,113.5,263,263,1,At Risk,0.9726047961960167
15447.0,2011-01-13 11:26:00,2011-01-13 11:26:00,1,155.17000000000002,330,330,1,At Risk,0.966991474095408
15448.0,2011-01-31 10:42:00,2011-01-31 10:42:00,1,494.64,312,312,1,At Risk,0.9230580542486257
15449.0,2011-11-13 15:02:00,2011-03-23 10:43:00,3,974.52,261,25,0,Potential Loyalist,0.35813130499011975
15450.0,2011-11-09 17:11:00,2011-11-09 17:11:00,1,429.84,29,29,0,Potential Loyalist,0.025664191985844062
15452.0,2011-11-10 12:13:00,2011-03-20 15:21:00,3,538.73,263,29,0,Potential Loyalist,0.44214218969199026
15453.0,2011-12-08 10:59:00,2011-06-05 12:37:00,7,1388.37,187,1,0,Loyal Customers,0.061245050024178856
15454.0,2010-12-12 14:21:00,2010-12-12 14:21:00,1,179.1,361,361,1,At Risk,0.9682578439949339
15456.0,2011-03-01 13:51:00,2010-12-15 15:34:00,3,447.22,358,282,1,At Risk,0.5850064113060138
15457.0,2011-03-22 15:31:00,2011-03-22 15:31:00,1,237.07,261,261,1,At Risk,0.9551459582964043
15458.0,2011-11-14 13:08:00,2011-11-14 13:08:00,1,161.64,24,24,0,Potential Loyalist,0.0294526834648491
15460.0,2010-12-20 16:08:00,2010-12-20 16:08:00,1,216.76,353,353,1,At Risk,0.9452796764123127
15462.0,2011-09-06 13:11:00,2011-06-05 15:36:00,3,234.6,186,93,1,At Risk,0.4259634178989439
15463.0,2011-11-10 12:57:00,2011-11-10 12:57:00,1,126.14,28,28,0,Potential Loyalist,0.03448123555873063
15464.0,2011-01-05 15:56:00,2011-01-05 15:56:00,1,1048.85,337,337,1,At Risk,0.8241942107185403
15465.0,2011-11-20 10:11:00,2010-12-05 10:12:00,18,7354.62,369,19,0,Loyal Customers,0.020422813295750103
15466.0,2011-09-15 14:08:00,2011-09-15 14:08:00,1,334.53,84,84,0,At Risk,0.0356601604825491
15467.0,2011-11-30 14:17:00,2011-07-10 14:42:00,3,524.88,151,8,0,Potential Loyalist,0.31102562480040685
15468.0,2011-10-19 13:49:00,2011-10-19 13:38:00,2,467.51,50,50,0,Others,0.01821640324404797
15469.0,2011-10-20 16:21:00,2011-08-11 16:54:00,2,538.55,119,49,0,Others,0.310214725049762
15471.0,2011-12-07 14:12:00,2011-12-07 14:12:00,1,469.48,1,1,0,Potential Loyalist,0.036575400246626366
15472.0,2011-08-18 15:17:00,2011-08-18 15:17:00,1,371.56,112,112,1,At Risk,0.9255337709972001
15473.0,2011-11-25 15:15:00,2011-10-10 11:12:00,7,1771.2,60,13,0,Loyal Customers,0.012959192179425216
15475.0,2011-09-23 15:20:00,2011-09-23 15:20:00,1,454.11,76,76,0,At Risk,0.034407912561897305
15478.0,2011-10-30 14:19:00,2011-10-14 11:09:00,2,1441.42,56,39,0,Others,0.025698115306258554
15480.0,2011-08-15 14:32:00,2011-08-15 14:32:00,1,905.5,115,115,1,At Risk,0.8162782225728936
15482.0,2011-11-24 10:46:00,2010-12-16 10:08:00,12,11054.96,358,15,0,Loyal Customers,0.042391443767110196
15483.0,2011-07-01 13:07:00,2011-03-18 12:26:00,4,233.81,266,160,1,At Risk,0.4661458723810937
15484.0,2011-12-08 15:03:00,2011-09-22 13:31:00,4,3594.31,77,0,0,Loyal Customers,0.030716355211048985
15485.0,2011-11-09 14:31:00,2010-12-01 13:23:00,3,2575.0,372,29,0,Potential Loyalist,0.3108078057060558
15488.0,2011-09-08 10:11:00,2011-09-08 10:11:00,1,91.32,92,92,1,At Risk,0.8593678469139402
15489.0,2011-11-17 08:53:00,2011-05-12 12:54:00,3,1134.28,210,22,0,Potential Loyalist,0.19406373432831953
15491.0,2011-09-05 15:56:00,2011-04-18 10:04:00,6,3100.09,235,94,1,At Risk,0.09294419431178672
15492.0,2011-11-11 14:53:00,2011-09-26 14:02:00,2,659.46,73,27,0,Potential Loyalist,0.0237707584034224
15493.0,2011-11-07 12:04:00,2011-03-14 11:44:00,5,2001.8,270,32,0,Loyal Customers,0.10364484901802355
15494.0,2011-11-18 14:51:00,2011-08-10 15:29:00,2,1299.23,120,20,0,Potential Loyalist,0.2284051374659977
15497.0,2011-11-22 11:51:00,2011-01-24 10:01:00,2,1262.2,319,17,0,Potential Loyalist,0.4758777245091042
15498.0,2011-12-07 12:48:00,2010-12-08 12:29:00,27,13316.4,366,2,0,Champions,0.016576782499840983
15500.0,2011-12-01 13:47:00,2011-09-19 13:47:00,4,1131.56,80,7,0,Loyal Customers,0.027407760791826465
15502.0,2011-11-24 12:48:00,2010-12-05 15:40:00,12,10384.93,368,15,0,Loyal Customers,0.0256245589040663
15503.0,2010-12-12 10:57:00,2010-12-12 10:57:00,1,147.09,362,362,1,At Risk,0.9623349884355141
15504.0,2011-09-19 13:45:00,2011-09-19 13:45:00,1,52.83,80,80,0,At Risk,0.03250746064032763
15505.0,2011-10-18 07:56:00,2011-07-07 13:33:00,5,3610.96,154,52,0,Others,0.07025907459541299
15506.0,2011-11-17 12:11:00,2011-07-24 11:45:00,3,979.26,138,22,0,Potential Loyalist,0.16536148114863014
15507.0,2011-06-21 11:19:00,2011-06-21 11:19:00,1,492.36,171,171,1,At Risk,0.91612360330722
15508.0,2011-06-03 15:43:00,2011-04-18 15:31:00,6,1000.27,234,188,1,At Risk,0.18555144531722376
15510.0,2011-01-13 12:10:00,2011-01-13 12:10:00,1,250.0,330,330,1,At Risk,0.9576030450860833
15511.0,2011-11-28 09:43:00,2011-09-15 15:05:00,5,909.23,84,11,0,Loyal Customers,0.024725021793288483
15512.0,2011-07-07 10:20:00,2010-12-15 12:01:00,2,121.0,359,155,1,At Risk,0.7466678743277012
15513.0,2011-11-06 14:36:00,2010-12-01 11:22:00,19,14758.22,373,32,0,Loyal Customers,0.026287704459915285
15514.0,2011-11-27 14:40:00,2010-12-10 13:50:00,11,4139.46,363,11,0,Champions,0.032771097295102275
15516.0,2011-10-26 10:51:00,2011-10-24 11:33:00,3,62.43,46,44,0,Others,0.04823206636230424
15517.0,2011-04-20 14:02:00,2011-04-20 14:02:00,1,267.03,232,232,1,At Risk,0.9562014555204229
15518.0,2011-10-06 13:05:00,2011-01-11 12:55:00,8,1942.45,331,63,0,Others,0.0769695005577184
15520.0,2011-12-08 10:58:00,2011-12-08 10:58:00,1,343.5,1,1,0,Potential Loyalist,0.023913260811223868
15521.0,2011-10-30 13:42:00,2011-03-30 09:15:00,8,3000.2,254,39,0,Others,0.06515720940114346
15522.0,2011-11-07 11:26:00,2011-09-13 12:26:00,2,398.84,87,32,0,Potential Loyalist,0.02376749140518849
15523.0,2011-09-16 16:29:00,2011-09-16 16:29:00,1,412.0100000000001,83,83,0,At Risk,0.0323679106966485
15524.0,2011-11-15 12:09:00,2011-11-15 12:09:00,1,440.0,24,24,0,Potential Loyalist,0.025664191985844062
15525.0,2011-12-07 14:43:00,2010-12-01 13:17:00,3,825.92,372,1,0,Potential Loyalist,0.3963184578249198
15526.0,2011-11-06 15:04:00,2011-11-06 15:01:00,2,148.44,32,32,0,Potential Loyalist,0.06469512667117516
15527.0,2011-11-21 12:17:00,2010-12-20 14:15:00,8,2429.78,353,18,0,Loyal Customers,0.06894180816017821
15528.0,2011-03-30 16:14:00,2011-03-30 16:14:00,1,229.33,253,253,1,At Risk,0.9568875808713603
15529.0,2011-11-17 11:29:00,2010-12-08 12:24:00,11,3995.23,366,22,0,Loyal Customers,0.03080541000602004
15530.0,2011-11-18 12:25:00,2011-04-07 11:16:00,4,1502.35,246,21,0,Loyal Customers,0.18855845108512984
15531.0,2011-12-01 18:43:00,2011-11-09 17:47:00,2,2007.44,29,7,0,Potential Loyalist,0.03363087450832068
15532.0,2011-11-14 14:51:00,2010-12-16 16:45:00,4,1580.93,357,24,0,Loyal Customers,0.21297804217975688
15533.0,2011-11-20 15:35:00,2011-09-11 15:41:00,3,807.57,88,18,0,Potential Loyalist,0.026089470898577827
15535.0,2011-06-19 16:02:00,2011-01-16 12:35:00,4,536.4,327,172,1,At Risk,0.3939894544072061
15537.0,2011-06-29 13:10:00,2011-06-29 13:10:00,1,110.92,162,162,1,At Risk,0.9751920519454028
15539.0,2011-12-02 13:36:00,2011-12-02 13:36:00,1,538.46,6,6,0,Potential Loyalist,0.028922615369134368
15540.0,2011-11-28 13:51:00,2011-11-28 13:51:00,1,213.3,10,10,0,Potential Loyalist,0.02017325664579854
15541.0,2011-08-17 14:58:00,2011-08-17 14:58:00,1,85.13000000000001,113,113,1,At Risk,0.9802139274322978
15543.0,2011-02-24 15:26:00,2011-02-24 15:26:00,1,127.86,287,287,1,At Risk,0.9732917579787532
15544.0,2011-11-30 16:43:00,2010-12-02 12:47:00,9,3546.71,372,8,0,Champions,0.0788645855713527
15545.0,2011-10-16 13:24:00,2010-12-03 17:28:00,2,292.72,370,53,0,Others,0.5854194398801364
15547.0,2011-12-02 12:52:00,2010-12-12 13:26:00,14,4954.84,361,6,0,Champions,0.025028892125688987
15549.0,2011-09-23 16:22:00,2011-01-27 15:38:00,3,1693.26,315,76,0,At Risk,0.3722739353308089
15550.0,2011-12-05 15:38:00,2011-02-11 12:49:00,4,575.63,301,3,0,Loyal Customers,0.35946531501918466
15551.0,2011-11-03 12:37:00,2011-11-03 12:37:00,1,436.06,36,36,0,Others,0.025664191985844062
15552.0,2011-05-06 14:47:00,2011-05-06 14:47:00,1,90.12,216,216,1,At Risk,0.9804055704025713
15553.0,2011-10-10 14:02:00,2011-10-10 14:02:00,1,437.23,59,59,0,Others,0.025664191985844062
15554.0,2011-03-07 09:00:00,2011-03-07 09:00:00,1,217.2,277,277,1,At Risk,0.9448527471606485
15555.0,2011-11-27 16:19:00,2010-12-05 14:45:00,16,4805.17,368,11,0,Champions,0.02132589411418403
15556.0,2011-11-15 16:08:00,2011-11-15 16:08:00,1,279.77,23,23,0,Potential Loyalist,0.02783295172322777
15557.0,2011-11-11 12:46:00,2011-11-11 12:46:00,1,473.65,28,28,0,Potential Loyalist,0.036575400246626366
15561.0,2011-11-28 11:07:00,2011-05-08 11:38:00,4,800.5899999999999,215,11,0,Loyal Customers,0.1643250605238326
15562.0,2010-12-23 09:55:00,2010-12-23 09:55:00,1,134.55,351,351,1,At Risk,0.9717038431878209
15563.0,2011-11-17 14:50:00,2010-12-16 11:27:00,4,1400.44,358,21,0,Loyal Customers,0.2104162401981897
15565.0,2011-10-20 14:33:00,2011-09-30 10:44:00,2,173.16000000000005,70,49,0,Others,0.03461973791460174
15567.0,2011-11-21 10:48:00,2011-11-21 10:48:00,1,186.01,18,18,0,Potential Loyalist,0.03688282808486599
15568.0,2011-12-07 11:27:00,2011-09-27 14:37:00,3,758.29,72,2,0,Potential Loyalist,0.030214470898577827
15569.0,2011-08-28 10:15:00,2011-01-11 13:26:00,5,1375.71,331,103,1,At Risk,0.14113816804471127
15570.0,2011-12-02 14:47:00,2010-12-05 12:57:00,12,4165.52,368,6,0,Champions,0.0295441257437568
15571.0,2011-11-28 10:02:00,2011-09-22 13:15:00,4,650.4300000000001,77,11,0,Loyal Customers,0.027425138575750685
15572.0,2011-12-05 10:09:00,2011-03-06 14:44:00,7,2552.86,277,4,0,Champions,0.06252327049481672
15573.0,2011-11-08 11:38:00,2011-09-15 12:16:00,2,607.45,85,31,0,Potential Loyalist,0.03266270472883971
15574.0,2011-06-15 12:01:00,2010-12-02 15:46:00,4,702.25,371,177,1,At Risk,0.3058842334597019
15576.0,2011-11-02 12:03:00,2011-11-02 12:03:00,1,940.67,37,37,0,Others,0.02075476469526722
15577.0,2011-07-11 17:03:00,2011-02-07 13:32:00,3,258.88,304,150,1,At Risk,0.557001991379364
15578.0,2011-06-30 13:03:00,2011-06-30 13:03:00,1,127.1,161,161,1,At Risk,0.9723838341531424
15579.0,2011-10-02 12:45:00,2011-01-30 12:09:00,2,348.6,313,68,0,Others,0.5557601469656824
15581.0,2011-08-11 09:38:00,2010-12-08 14:38:00,13,3679.97,365,120,1,At Risk,0.06870650407286641
15582.0,2011-11-15 09:55:00,2011-05-03 13:36:00,3,682.9100000000001,219,24,0,Potential Loyalist,0.28949221784798496
15584.0,2011-11-16 10:55:00,2011-06-30 16:39:00,4,725.11,161,23,0,Loyal Customers,0.14470801482198895
15585.0,2011-06-16 08:38:00,2011-06-16 08:38:00,1,455.3,176,176,1,At Risk,0.9224000528896765
15587.0,2011-10-20 13:37:00,2010-12-23 09:59:00,4,913.68,351,49,0,Others,0.23692959580831785
15589.0,2011-03-29 09:54:00,2011-02-02 10:46:00,3,478.53,310,255,1,At Risk,0.4858353319197113
15592.0,2011-10-24 08:59:00,2011-10-24 08:59:00,1,388.58,46,46,0,Others,0.03311883301679608
15593.0,2011-09-30 11:46:00,2011-09-30 11:46:00,1,199.8,70,70,0,Others,0.0325925770388723
15594.0,2011-11-24 08:53:00,2011-04-19 10:08:00,5,1771.78,234,15,0,Loyal Customers,0.09693037021665812
15596.0,2011-08-31 10:55:00,2010-12-09 16:10:00,5,1406.59,364,100,1,At Risk,0.14300720607756073
15597.0,2011-11-04 13:26:00,2011-11-04 13:26:00,1,324.57,34,34,0,Others,0.02859749729717051
15598.0,2011-10-17 16:04:00,2011-10-17 16:04:00,1,240.68,52,52,0,Others,0.028778147854021198
15599.0,2011-11-13 11:44:00,2011-05-19 13:05:00,2,761.74,203,26,0,Potential Loyalist,0.37633799257346845
15601.0,2011-11-28 15:15:00,2010-12-02 10:39:00,14,6776.56,372,10,0,Champions,0.03150204720967793
15602.0,2011-12-01 14:14:00,2010-12-06 15:35:00,9,1297.87,367,7,0,Loyal Customers,0.09181505255088669
15603.0,2011-09-22 10:04:00,2011-09-22 10:04:00,1,48.48,78,78,0,At Risk,0.02911903088826152
15604.0,2011-10-18 14:47:00,2011-10-18 14:47:00,1,216.39,51,51,0,Others,0.02017325664579854
15605.0,2011-11-03 14:17:00,2010-12-01 13:38:00,5,1198.23,372,35,0,Others,0.3172647424071979
15606.0,2011-10-09 15:47:00,2011-01-19 12:07:00,9,2920.16,324,60,0,Others,0.06869790913882522
15607.0,2011-01-07 12:44:00,2011-01-07 12:44:00,1,104.76,336,336,1,At Risk,0.9759428880442294
15608.0,2011-11-11 13:20:00,2011-08-11 09:56:00,4,1093.68,120,27,0,Loyal Customers,0.08838637709379162
15609.0,2011-06-08 13:00:00,2011-06-08 13:00:00,1,298.48,183,183,1,At Risk,0.9488322528707261
15610.0,2011-10-19 10:36:00,2011-10-19 10:36:00,1,112.46,51,51,0,Others,0.03111953343107105
15611.0,2011-11-30 12:36:00,2011-01-09 11:32:00,13,1591.45,334,9,0,Loyal Customers,0.08240684348564656
15612.0,2011-11-03 14:52:00,2011-10-09 12:49:00,2,195.15,61,35,0,Others,0.026856655643075086
15615.0,2011-11-29 14:42:00,2010-12-15 16:21:00,23,10399.74,358,9,0,Champions,0.03063822165013156
15618.0,2011-11-07 08:34:00,2011-07-26 10:13:00,4,776.851,136,32,0,Loyal Customers,0.1168417604730005
15619.0,2011-11-29 08:14:00,2011-11-29 08:14:00,1,336.4,10,10,0,Potential Loyalist,0.019111097857898125
15620.0,2011-10-14 12:41:00,2010-12-16 14:34:00,3,1553.18,357,56,0,Others,0.3373486942824808
15621.0,2011-12-05 14:01:00,2011-11-18 11:49:00,4,1293.03,21,3,0,Loyal Customers,0.024394073210508887
15622.0,2011-10-27 16:44:00,2011-03-02 13:42:00,9,3709.56,281,42,0,Others,0.08144408319817233
15623.0,2011-07-21 17:26:00,2011-07-21 17:26:00,1,301.03000000000003,140,140,1,At Risk,0.9394794955834439
15624.0,2011-08-15 11:38:00,2011-03-28 13:32:00,4,588.13,255,116,1,At Risk,0.38688696027055053
15625.0,2011-08-28 10:21:00,2011-04-18 14:01:00,4,1534.26,234,103,1,At Risk,0.18948765480325896
15626.0,2011-09-26 10:03:00,2011-01-14 10:10:00,2,675.8,329,74,0,At Risk,0.5009132615718799
15628.0,2011-12-05 10:24:00,2010-12-08 09:51:00,9,2870.24,366,4,0,Champions,0.04926817364520652
15630.0,2011-10-25 15:36:00,2011-05-19 10:16:00,2,1186.35,204,44,0,Others,0.3280225945786004
15632.0,2011-11-24 09:51:00,2011-03-10 08:29:00,8,3285.31,274,15,0,Loyal Customers,0.06336777972816551
15634.0,2011-11-22 16:28:00,2011-11-22 16:28:00,1,243.55,16,16,0,Potential Loyalist,0.028778147854021198
15636.0,2011-09-11 11:17:00,2011-03-02 14:50:00,2,724.76,281,89,0,At Risk,0.47492892666806613
15637.0,2011-10-18 08:28:00,2011-10-18 08:28:00,1,223.36,52,52,0,Others,0.02523278045532235
15639.0,2011-07-28 14:30:00,2011-07-28 14:30:00,1,425.32,133,133,1,At Risk,0.9161956602479653
15640.0,2011-12-05 14:35:00,2010-12-02 15:40:00,15,12515.66,371,3,0,Champions,0.017747539041443806
15641.0,2011-08-26 14:04:00,2010-12-15 14:45:00,4,1887.2,358,104,1,At Risk,0.21818037760777387
15643.0,2011-06-01 07:38:00,2011-03-02 14:34:00,3,664.0,281,191,1,At Risk,0.3759732347670864
15644.0,2011-06-26 14:54:00,2011-03-23 15:37:00,4,813.0,260,165,1,At Risk,0.24812584755472689
15645.0,2011-11-21 11:55:00,2011-11-21 11:55:00,1,612.01,18,18,0,Potential Loyalist,0.0365797241051898
15646.0,2011-07-05 09:53:00,2010-12-02 16:59:00,3,447.64,371,157,1,At Risk,0.5585274410535955
15648.0,2011-05-19 15:53:00,2011-03-17 18:59:00,2,657.35,266,203,1,At Risk,0.47967461328597155
15649.0,2011-01-07 13:34:00,2010-12-07 10:06:00,2,816.0,367,335,1,At Risk,0.47432060413093313
15651.0,2011-11-03 08:41:00,2011-03-24 08:56:00,3,646.3,260,36,0,Others,0.38313613353858517
15652.0,2011-09-09 14:22:00,2011-09-09 14:22:00,1,337.74,90,90,0,At Risk,0.021541167787968055
15653.0,2011-09-08 10:49:00,2011-08-16 09:50:00,2,877.44,115,92,1,At Risk,0.3026253600753933
15654.0,2011-11-30 13:08:00,2011-11-13 15:15:00,2,922.53,25,8,0,Potential Loyalist,0.02566798657462677
15655.0,2011-04-10 15:25:00,2011-04-10 15:25:00,1,560.6700000000001,242,242,1,At Risk,0.9234509142527146
15656.0,2011-10-25 14:56:00,2011-02-28 15:32:00,4,748.5,283,44,0,Others,0.24799684716151765
15657.0,2011-11-17 12:19:00,2011-11-17 12:19:00,1,30.0,22,22,0,Potential Loyalist,0.025028121797352428
15658.0,2011-06-02 15:22:00,2010-12-02 10:53:00,5,1024.1,372,189,1,At Risk,0.3789682814267946
15659.0,2011-10-27 09:23:00,2011-10-27 09:23:00,1,306.45,43,43,0,Others,0.02859749729717051
15660.0,2011-11-14 16:58:00,2010-12-09 09:49:00,9,1600.86,365,24,0,Loyal Customers,0.09183492814589889
15661.0,2011-01-26 13:56:00,2011-01-05 12:32:00,2,309.8,338,316,1,At Risk,0.6091435377795961
15663.0,2011-08-25 15:50:00,2011-08-25 15:50:00,1,138.14,105,105,1,At Risk,0.9686941868056688
15664.0,2011-10-20 10:57:00,2011-10-20 10:57:00,1,386.43,50,50,0,Others,0.03311883301679608
15665.0,2011-06-24 14:57:00,2011-04-10 15:09:00,2,2242.01,242,167,1,At Risk,0.3689201584701884
15667.0,2011-10-31 10:56:00,2011-10-31 10:56:00,1,301.32000000000005,39,39,0,Others,0.02859749729717051
15668.0,2011-05-06 10:39:00,2011-05-06 10:39:00,1,76.32000000000001,217,217,1,At Risk,0.9807603696512984
15669.0,2011-10-30 16:03:00,2011-03-21 09:13:00,4,684.34,263,39,0,Others,0.26389494833987986
15670.0,2011-02-16 10:50:00,2011-02-16 10:50:00,1,173.05,296,296,1,At Risk,0.9616277886291458
15671.0,2011-11-21 12:43:00,2011-03-14 09:37:00,7,2657.13,270,18,0,Loyal Customers,0.062051624009927295
15673.0,2011-09-12 16:12:00,2011-01-16 16:25:00,4,2881.02,326,87,0,At Risk,0.15822746475278845
15674.0,2011-09-27 15:17:00,2011-03-30 09:19:00,5,2446.6,254,72,0,At Risk,0.07785901740019809
15675.0,2011-09-19 13:48:00,2011-03-04 14:21:00,3,323.69,279,80,0,At Risk,0.5120090082741433
15676.0,2011-11-21 12:40:00,2011-03-01 10:19:00,3,3435.76,283,18,0,Potential Loyalist,0.30415887168404937
15677.0,2011-10-21 15:36:00,2011-10-21 15:36:00,1,657.23,48,48,0,Others,0.01616584562212273
15678.0,2011-10-18 09:25:00,2011-10-18 09:25:00,1,352.7,52,52,0,Others,0.02848685388481694
15679.0,2011-11-15 16:19:00,2011-06-10 08:24:00,4,781.28,182,23,0,Loyal Customers,0.1239415491412401
15680.0,2011-11-30 13:46:00,2010-12-08 14:43:00,3,1333.68,365,8,0,Potential Loyalist,0.33530086308012935
15681.0,2011-11-14 16:30:00,2011-03-04 13:46:00,5,1426.16,279,24,0,Loyal Customers,0.12895629905327716
15683.0,2011-08-14 12:56:00,2011-08-14 12:56:00,1,193.75,116,116,1,At Risk,0.9561078441459293
15687.0,2011-12-01 08:33:00,2011-01-13 15:13:00,9,2993.1,329,8,0,Champions,0.0658618599971218
15689.0,2011-08-12 09:37:00,2010-12-13 09:57:00,2,254.1,361,119,1,At Risk,0.600303552269442
15690.0,2011-12-05 15:59:00,2011-08-31 11:40:00,2,239.76,100,3,0,Potential Loyalist,0.25519638116781845
15691.0,2011-04-01 15:13:00,2011-04-01 15:13:00,1,136.8,251,251,1,At Risk,0.968161759901404
15692.0,2011-11-11 14:12:00,2011-11-11 14:12:00,1,191.04,27,27,0,Potential Loyalist,0.035735043368838634
15694.0,2011-12-09 09:44:00,2010-12-02 07:49:00,14,6479.4,372,0,0,Champions,0.030787761495392217
15695.0,2011-03-18 08:32:00,2011-03-18 08:31:00,2,409.98,266,266,1,At Risk,0.5494327643413085
15696.0,2011-11-06 14:02:00,2011-01-17 11:24:00,8,2736.46,326,32,0,Loyal Customers,0.06316825769944749
15699.0,2011-11-22 08:26:00,2011-11-22 08:26:00,1,309.65,17,17,0,Potential Loyalist,0.02859749729717051
15700.0,2011-06-20 16:53:00,2011-06-19 15:36:00,2,696.68,172,171,1,At Risk,0.39075929092609263
15701.0,2011-12-07 14:39:00,2011-08-21 12:36:00,4,1542.14,110,1,0,Loyal Customers,0.07676423007365978
15703.0,2011-03-20 10:51:00,2011-03-20 10:51:00,1,211.5,264,264,1,At Risk,0.931912889511006
15704.0,2011-07-22 13:35:00,2011-05-08 12:42:00,4,2293.62,215,139,1,At Risk,0.1805905150316008
15705.0,2011-05-22 15:37:00,2011-05-22 15:37:00,1,143.1,200,200,1,At Risk,0.9648063523411284
15706.0,2011-10-07 10:09:00,2011-08-15 14:32:00,4,1060.56,115,63,0,Others,0.09615480424688334
15707.0,2011-11-04 14:35:00,2011-09-14 14:19:00,4,945.58,85,34,0,Others,0.02350257383807305
15708.0,2011-10-30 10:54:00,2010-12-05 11:12:00,7,3364.24,369,40,0,Others,0.050190346848905415
15709.0,2011-03-01 10:38:00,2011-03-01 10:38:00,1,133.25,283,283,1,At Risk,0.9715497372637344
15712.0,2011-11-30 14:09:00,2011-02-25 11:32:00,5,1072.36,287,8,0,Loyal Customers,0.1726508588925455
15713.0,2011-07-19 13:34:00,2010-12-08 15:16:00,2,356.7,365,142,1,At Risk,0.5886440982379437
15714.0,2011-11-28 11:26:00,2011-09-23 11:25:00,2,330.88,77,11,0,Potential Loyalist,0.019465006197136626
15716.0,2011-07-17 11:59:00,2010-12-05 12:26:00,4,1118.81,369,145,1,At Risk,0.26369346615425343
15717.0,2011-04-19 13:21:00,2011-04-19 13:21:00,1,150.3,233,233,1,At Risk,0.963823779412058
15719.0,2011-11-07 12:29:00,2011-01-06 12:31:00,13,5045.61,337,32,0,Loyal Customers,0.042724874563893324
15720.0,2011-11-15 14:48:00,2011-11-15 14:48:00,1,598.73,23,23,0,Potential Loyalist,0.039784852310318
15721.0,2011-11-28 12:14:00,2011-11-28 12:14:00,1,507.08,11,11,0,Potential Loyalist,0.03339358206480819
15722.0,2011-11-04 11:43:00,2011-02-22 12:24:00,5,2222.56,290,35,0,Others,0.10643415338395695
15723.0,2010-12-10 11:12:00,2010-12-10 11:12:00,1,203.1,364,364,1,At Risk,0.9611227830623981
15724.0,2011-05-22 14:40:00,2011-02-28 10:40:00,2,218.25,284,200,1,At Risk,0.5358338255039014
15725.0,2011-11-24 14:51:00,2011-11-24 14:51:00,1,415.25,14,14,0,Potential Loyalist,0.0323679106966485
15727.0,2011-11-23 12:36:00,2010-12-15 15:47:00,7,5178.96,358,16,0,Loyal Customers,0.05765334148688703
15729.0,2011-05-11 12:36:00,2011-05-11 12:36:00,1,85.0,212,212,1,At Risk,0.975145914685584
15730.0,2011-10-05 12:31:00,2011-05-17 12:43:00,3,1120.88,206,65,0,Others,0.17933680600668014
15732.0,2011-05-11 14:24:00,2010-12-02 15:00:00,2,294.12,371,211,1,At Risk,0.587645207920604
15733.0,2011-03-02 09:05:00,2011-03-02 09:05:00,1,162.3,282,282,1,At Risk,0.9603379811554354
15734.0,2011-08-17 10:50:00,2011-05-23 14:59:00,2,1339.45,199,114,1,At Risk,0.32092277014419834
15737.0,2011-11-25 11:21:00,2011-04-11 10:01:00,8,1205.12,242,14,0,Loyal Customers,0.10733043386214318
15738.0,2011-11-21 08:26:00,2010-12-02 12:50:00,16,4812.42,372,18,0,Loyal Customers,0.035715935572090435
15739.0,2011-10-04 13:42:00,2011-10-04 13:42:00,1,449.12,65,65,0,Others,0.02685156570902341
15740.0,2011-10-21 14:29:00,2011-10-21 14:29:00,1,154.88,48,48,0,Others,0.043599120890594596
15743.0,2011-11-23 17:19:00,2011-06-08 10:14:00,4,784.46,184,15,0,Loyal Customers,0.1239415491412401
15744.0,2011-09-23 09:52:00,2011-09-23 09:52:00,1,34.8,77,77,0,At Risk,0.025028121797352428
15745.0,2011-11-20 13:45:00,2011-04-17 13:04:00,4,1094.59,235,18,0,Loyal Customers,0.19064395157863706
15746.0,2011-07-28 15:21:00,2011-07-28 15:21:00,1,196.88,133,133,1,At Risk,0.9562992972356124
15747.0,2011-11-27 12:26:00,2011-06-20 11:30:00,3,974.04,172,12,0,Potential Loyalist,0.197712892268107
15748.0,2011-10-30 12:51:00,2011-10-30 12:51:00,1,149.31,39,39,0,Others,0.045448897047119206
15749.0,2011-04-18 13:20:00,2011-01-11 12:55:00,3,44534.3,331,234,1,At Risk,0.4381379658368135
15750.0,2011-12-07 12:34:00,2010-12-08 10:36:00,8,2465.48,366,2,0,Champions,0.055074674402880976
15752.0,2011-10-31 11:37:00,2010-12-02 09:43:00,7,2637.38,372,39,0,Others,0.10381875395157293
15753.0,2011-02-08 12:41:00,2011-02-08 12:41:00,1,79.2,304,304,1,At Risk,0.9784462787213761
15754.0,2011-10-19 14:40:00,2011-04-07 12:24:00,3,458.57,246,50,0,Others,0.5447560849247643
15755.0,2011-11-29 14:57:00,2011-02-18 11:53:00,6,2364.25,294,9,0,Champions,0.08343913477567994
15756.0,2011-10-09 13:30:00,2011-04-04 14:00:00,4,532.96,248,60,0,Others,0.359443134116993
15757.0,2011-10-05 12:14:00,2011-05-06 11:40:00,2,714.42,217,65,0,Others,0.41908967536441805
15758.0,2011-11-15 10:48:00,2011-11-15 10:48:00,1,205.25,24,24,0,Potential Loyalist,0.03827654596542597
15759.0,2011-05-05 15:13:00,2010-12-16 15:29:00,3,253.04,357,217,1,At Risk,0.5862367793308007
15762.0,2011-10-05 16:15:00,2011-09-23 15:17:00,2,583.75,76,64,0,Others,0.026488334569495123
15763.0,2011-11-08 09:44:00,2011-09-23 12:10:00,2,1086.92,77,31,0,Potential Loyalist,0.025111958753519417
15764.0,2011-09-12 17:58:00,2011-03-08 09:23:00,6,3279.9700000000003,276,87,0,At Risk,0.08334777414878587
15766.0,2011-10-06 17:03:00,2011-10-06 17:03:00,1,315.06,63,63,0,Others,0.02859749729717051
15768.0,2011-08-16 10:48:00,2011-04-28 09:20:00,3,621.83,225,115,1,At Risk,0.4041171436981572
15769.0,2011-12-02 13:52:00,2010-12-03 15:16:00,26,56252.72,370,6,0,Champions,0.018695314943581055
15773.0,2011-12-04 12:48:00,2011-12-04 12:48:00,1,635.6800000000001,5,5,0,Potential Loyalist,0.02285710040187619
15774.0,2011-10-02 12:04:00,2011-10-02 12:04:00,1,270.8,68,68,0,Others,0.02783295172322777
15775.0,2011-04-08 12:56:00,2011-04-08 12:56:00,1,104.9,244,244,1,At Risk,0.9760051267331912
15776.0,2011-07-29 13:46:00,2011-07-29 13:46:00,1,241.62,132,132,1,At Risk,0.9393193539923881
15777.0,2011-04-12 16:43:00,2010-12-13 16:38:00,4,1047.11,360,240,1,At Risk,0.23393797153157106
15780.0,2011-06-09 12:01:00,2010-12-17 11:43:00,3,475.28,357,183,1,At Risk,0.5287479866899788
15781.0,2011-11-14 14:57:00,2011-02-07 09:15:00,3,345.46000000000004,305,24,0,Loyal Customers,0.5330946650935953
15782.0,2011-11-30 10:49:00,2011-09-11 14:29:00,3,2614.74,88,9,0,Loyal Customers,0.035207722273115846
15783.0,2011-11-29 09:50:00,2011-11-29 09:50:00,1,246.3,10,10,0,Potential Loyalist,0.028778147854021198
15785.0,2011-11-07 11:33:00,2011-02-17 14:17:00,5,2328.9700000000003,294,32,0,Loyal Customers,0.08813984583080822
15786.0,2011-10-24 14:13:00,2011-08-17 13:33:00,3,4932.2,113,45,0,Others,0.16638916888901834
15787.0,2011-11-13 14:55:00,2011-10-09 13:11:00,3,948.05,60,25,0,Loyal Customers,0.025659539451138226
15789.0,2010-12-16 14:35:00,2010-12-16 14:35:00,1,351.3,357,357,1,At Risk,0.9458157615641671
15790.0,2011-11-29 14:53:00,2011-11-29 14:53:00,1,220.85,9,9,0,Potential Loyalist,0.02017325664579854
15791.0,2011-10-27 10:14:00,2011-05-19 15:15:00,2,1612.69,203,43,0,Others,0.3521000111167077
15793.0,2011-11-25 09:31:00,2011-03-16 10:45:00,3,965.61,268,14,0,Loyal Customers,0.3617313171436038
15795.0,2011-07-13 10:43:00,2011-07-13 10:43:00,1,610.01,149,149,1,At Risk,0.9147624376458573
15796.0,2011-12-08 19:55:00,2011-02-10 15:40:00,8,2711.56,301,0,0,Champions,0.06950340016956617
15797.0,2011-08-18 17:04:00,2011-01-24 15:47:00,4,2207.4,318,112,1,At Risk,0.2230560104101272
15799.0,2011-09-25 12:46:00,2011-01-09 15:13:00,3,884.14,333,75,0,At Risk,0.401106364486049
15800.0,2011-08-24 14:23:00,2011-04-07 12:39:00,2,699.08,246,106,1,At Risk,0.48136095157422154
15801.0,2011-10-24 13:52:00,2011-08-22 09:53:00,3,1063.95,109,45,0,Others,0.13145644460877082
15802.0,2011-07-20 11:38:00,2011-07-20 11:38:00,1,451.42,142,142,1,At Risk,0.9166554898082541
15803.0,2011-10-19 14:56:00,2011-10-19 14:56:00,1,415.8200000000001,50,50,0,Others,0.0323679106966485
15804.0,2011-12-09 12:31:00,2011-05-25 10:12:00,13,4206.39,198,0,0,Champions,0.035663505613374405
15805.0,2011-11-16 16:32:00,2010-12-10 09:33:00,17,5528.4800000000005,364,22,0,Loyal Customers,0.023248505876580138
15806.0,2011-10-24 14:35:00,2011-03-08 09:24:00,3,784.58,276,45,0,Others,0.3638633879445719
15807.0,2011-10-20 14:10:00,2011-09-23 14:43:00,3,903.9,76,49,0,Others,0.025957682270045176
15808.0,2011-02-06 14:33:00,2010-12-05 13:05:00,4,3734.97,368,305,1,At Risk,0.15342219786294722
15809.0,2011-11-03 16:40:00,2011-02-10 11:16:00,5,515.77,302,35,0,Others,0.3031740547274184
15810.0,2011-09-22 09:38:00,2011-02-16 09:11:00,4,1391.98,296,78,0,At Risk,0.20146290028619582
15811.0,2011-11-17 15:31:00,2010-12-09 15:29:00,6,2218.62,364,21,0,Loyal Customers,0.0991900645346495
15812.0,2011-08-24 14:19:00,2011-01-26 12:12:00,5,1801.14,317,106,1,At Risk,0.11335395384948121
15813.0,2011-05-16 08:13:00,2011-04-14 09:09:00,2,1303.91,239,207,1,At Risk,0.42493916218368355
15814.0,2011-11-23 08:17:00,2011-10-20 09:04:00,4,1945.33,50,16,0,Loyal Customers,0.03166203473843563
15815.0,2011-10-07 12:42:00,2011-03-25 08:43:00,5,2100.6,259,63,0,Others,0.10423974377557026
15819.0,2011-10-21 14:50:00,2011-03-08 09:45:00,4,1905.45,276,48,0,Others,0.16609451296585084
15820.0,2011-01-24 12:00:00,2011-01-24 12:00:00,1,206.98,319,319,1,At Risk,0.9553146616096718
15821.0,2011-10-26 15:48:00,2011-10-09 13:28:00,2,570.96,60,43,0,Others,0.02482166790282846
15822.0,2011-12-06 14:50:00,2010-12-15 13:38:00,2,885.47,358,2,0,Potential Loyalist,0.48904707152697774
15823.0,2010-12-02 15:08:00,2010-12-02 15:08:00,1,15.0,371,371,1,At Risk,0.9766537223918778
15825.0,2011-06-20 13:27:00,2011-06-20 13:27:00,1,532.94,171,171,1,At Risk,0.9146656404179648
15826.0,2011-10-14 16:05:00,2011-05-13 10:44:00,3,1654.31,210,55,0,Others,0.17976028160896684
15827.0,2011-09-27 15:35:00,2010-12-02 13:06:00,14,1836.09,371,72,0,At Risk,0.07030455767319771
15829.0,2011-09-01 16:45:00,2011-07-22 10:23:00,2,636.14,140,98,1,At Risk,0.42337234772276844
15830.0,2011-11-02 10:40:00,2011-11-02 10:40:00,1,576.0,37,37,0,Others,0.039655792481258174
15831.0,2011-10-12 13:14:00,2011-01-19 14:52:00,3,801.76,323,57,0,Others,0.4119459450191506
15832.0,2011-03-30 15:29:00,2011-03-30 15:29:00,1,836.79,253,253,1,At Risk,0.8145826764277219
15834.0,2011-09-30 14:41:00,2011-03-07 17:52:00,4,2233.75,276,69,0,Others,0.19300841418456408
15835.0,2011-10-26 15:47:00,2011-01-13 10:35:00,4,954.09,330,43,0,Others,0.22390887866780745
15836.0,2011-10-20 17:13:00,2011-10-20 17:13:00,1,137.37,49,49,0,Others,0.046160807354981265
15837.0,2011-10-06 09:01:00,2011-10-06 09:01:00,1,391.98,64,64,0,Others,0.030965471672258257
15838.0,2011-11-28 14:00:00,2010-12-07 11:26:00,19,33643.08,367,10,0,Champions,0.017629448155360074
15839.0,2011-11-06 13:54:00,2011-07-14 16:35:00,3,1048.49,147,32,0,Loyal Customers,0.15871274789413334
15840.0,2011-10-12 09:08:00,2011-06-20 11:42:00,2,355.56,172,58,0,Others,0.4194745709698852
15841.0,2011-09-28 12:15:00,2011-01-05 11:25:00,4,1224.06,338,72,0,At Risk,0.21248715731539036
15843.0,2011-02-09 10:19:00,2011-02-09 10:19:00,1,118.95,303,303,1,At Risk,0.9682259481660088
15844.0,2011-10-24 15:19:00,2011-10-24 15:19:00,1,130.73999999999998,45,45,0,Others,0.03827753185502692
15845.0,2011-11-22 09:42:00,2011-01-06 17:19:00,8,3711.77,336,17,0,Loyal Customers,0.08976039808400825
15847.0,2011-11-01 14:41:00,2011-02-24 16:46:00,2,389.27,287,37,0,Others,0.5404673496335931
15850.0,2011-11-20 14:14:00,2011-06-24 14:16:00,2,238.85,167,18,0,Potential Loyalist,0.3992530792856932
15852.0,2011-06-06 11:22:00,2011-05-26 13:26:00,2,160.71,196,186,1,At Risk,0.701840709209731
15853.0,2011-10-19 10:38:00,2011-10-19 10:38:00,1,110.8,51,51,0,Others,0.03111953343107105
15854.0,2011-12-05 13:39:00,2010-12-13 11:47:00,12,2974.65,361,3,0,Champions,0.048382010189704436
15855.0,2011-07-26 10:20:00,2011-03-21 12:32:00,5,712.24,263,136,1,At Risk,0.26922183832981145
15856.0,2011-12-05 17:09:00,2010-12-09 13:34:00,27,16387.57,364,3,0,Champions,0.019752690535413737
15857.0,2011-11-21 12:18:00,2011-11-21 12:18:00,1,297.0,18,18,0,Potential Loyalist,0.02783295172322777
15858.0,2011-11-24 12:48:00,2010-12-07 14:31:00,5,1438.85,366,15,0,Loyal Customers,0.13807655877946579
15860.0,2011-10-30 11:25:00,2010-12-06 11:38:00,8,977.21,368,40,0,Others,0.1445779968069548
15861.0,2011-11-27 15:59:00,2011-03-17 20:12:00,8,3165.36,266,11,0,Champions,0.06731395825790573
15862.0,2011-12-01 13:28:00,2010-12-01 11:21:00,4,832.88,373,7,0,Loyal Customers,0.351402615775711
15863.0,2011-11-14 12:49:00,2011-05-31 11:36:00,2,68.84,192,25,0,Potential Loyalist,0.5267917813777285
15864.0,2011-11-17 13:32:00,2011-01-27 16:43:00,6,1936.32,315,21,0,Loyal Customers,0.10778539482912348
15865.0,2011-10-30 12:43:00,2011-05-10 11:44:00,3,895.13,213,40,0,Others,0.2114107625887593
15866.0,2011-08-30 14:09:00,2011-08-30 14:09:00,1,230.53,100,100,1,At Risk,0.9289898841448516
15867.0,2011-12-04 13:32:00,2010-12-05 14:17:00,15,3812.64,368,4,0,Champions,0.023874682530765648
15869.0,2011-03-07 17:23:00,2011-03-07 17:19:00,2,149.64,276,276,1,At Risk,0.6993194160299897
15870.0,2011-11-07 10:58:00,2011-11-07 10:58:00,1,354.09000000000003,32,32,0,Potential Loyalist,0.02848685388481694
15872.0,2011-11-25 11:55:00,2011-11-25 11:54:00,2,360.93,14,14,0,Potential Loyalist,0.020439231071361502
15874.0,2011-10-07 12:31:00,2011-02-28 13:28:00,7,4405.88,283,63,0,Others,0.04792529493405816
15877.0,2011-12-08 11:53:00,2011-11-22 11:18:00,2,493.28,17,1,0,Potential Loyalist,0.01821640324404797
15880.0,2010-12-05 13:00:00,2010-12-05 13:00:00,1,343.28,368,368,1,At Risk,0.9495778265062867
15881.0,2011-01-31 16:59:00,2010-12-10 13:32:00,5,501.39,363,311,1,At Risk,0.41329734207849755
15882.0,2011-05-25 11:35:00,2010-12-06 13:01:00,4,516.36,367,198,1,At Risk,0.4618199813773326
15883.0,2011-12-07 17:05:00,2011-11-06 14:50:00,2,396.48,32,1,0,Potential Loyalist,0.02376749140518849
15885.0,2011-09-08 10:43:00,2011-02-03 15:28:00,3,379.35,308,92,1,At Risk,0.5372039583787481
15886.0,2011-10-10 14:25:00,2011-10-10 14:25:00,1,181.09,59,59,0,Others,0.030244530212525565
15888.0,2011-09-20 12:30:00,2011-09-20 12:30:00,1,168.31,80,80,0,At Risk,0.0294526834648491
15889.0,2011-07-06 11:10:00,2010-12-05 15:12:00,2,446.87,368,156,1,At Risk,0.5673026669325723
15891.0,2011-04-27 12:35:00,2011-04-27 12:35:00,1,524.52,226,226,1,At Risk,0.9204589757580263
15894.0,2011-03-31 13:50:00,2010-12-05 14:06:00,2,263.55,368,252,1,At Risk,0.5857761902779618
15895.0,2011-07-13 10:27:00,2011-07-13 10:27:00,1,179.17,149,149,1,At Risk,0.9584377302592861
15897.0,2011-05-29 13:50:00,2011-05-29 13:32:00,2,222.05,193,193,1,At Risk,0.4717176128398413
15898.0,2011-12-08 15:23:00,2010-12-06 11:01:00,5,1388.88,368,0,0,Loyal Customers,0.1401413079053476
15899.0,2010-12-06 10:36:00,2010-12-06 10:36:00,1,56.25,368,368,1,At Risk,0.9741887680212418
15900.0,2011-11-16 12:19:00,2011-11-16 12:19:00,1,351.11,23,23,0,Potential Loyalist,0.02848685388481694
15901.0,2011-11-23 12:43:00,2011-07-08 12:18:00,3,363.88,154,16,0,Loyal Customers,0.32989983240729287
15903.0,2011-11-30 08:08:00,2011-02-17 14:04:00,7,5126.76,294,9,0,Champions,0.04802574114174451
15904.0,2011-12-01 14:50:00,2011-12-01 14:50:00,1,164.68,7,7,0,Potential Loyalist,0.0294526834648491
15906.0,2011-11-20 12:24:00,2011-03-29 13:28:00,7,1567.69,254,19,0,Loyal Customers,0.10008729336128923
15907.0,2011-12-06 12:21:00,2011-05-13 13:01:00,3,967.45,209,3,0,Loyal Customers,0.2070690416866273
15909.0,2011-06-19 10:38:00,2011-06-19 10:38:00,1,191.94,173,173,1,At Risk,0.9610815066004109
15910.0,2011-12-09 10:51:00,2011-01-27 11:55:00,8,1232.18,316,0,0,Loyal Customers,0.11105859008312191
15912.0,2011-06-14 14:29:00,2011-04-20 17:10:00,2,264.62,232,177,1,At Risk,0.5500079273602825
15916.0,2011-11-23 13:46:00,2010-12-08 13:07:00,8,1528.09,365,15,0,Loyal Customers,0.09358420575465912
15917.0,2011-04-06 10:40:00,2011-04-06 10:40:00,1,123.1,247,247,1,At Risk,0.968816825374001
15918.0,2011-06-02 11:42:00,2011-03-13 15:55:00,2,334.23,270,190,1,At Risk,0.5486468287038057
15919.0,2011-11-20 11:28:00,2010-12-06 11:26:00,2,639.89,368,19,0,Potential Loyalist,0.50005825119189
15920.0,2011-07-08 15:31:00,2011-07-08 15:16:00,4,167.5,153,153,1,At Risk,0.5298620265534915
15921.0,2011-06-20 11:03:00,2011-06-20 11:03:00,1,336.03000000000003,172,172,1,At Risk,0.9345102811652183
15922.0,2010-12-01 13:51:00,2010-12-01 13:51:00,1,369.5,372,372,1,At Risk,0.9411550487720625
15923.0,2010-12-02 12:16:00,2010-12-02 12:16:00,1,127.08,372,372,1,At Risk,0.9702352717876986
15925.0,2011-05-29 15:35:00,2011-05-29 15:35:00,1,207.15,193,193,1,At Risk,0.9569111304291488
15930.0,2011-10-03 14:52:00,2011-10-03 14:52:00,1,426.63,66,66,0,Others,0.02953546388813787
15932.0,2011-12-05 17:13:00,2011-02-23 14:50:00,8,2495.87,288,3,0,Champions,0.06570448612125725
15933.0,2011-11-18 13:14:00,2011-09-14 12:05:00,3,1107.46,86,20,0,Loyal Customers,0.022527970787986115
15935.0,2011-04-14 13:27:00,2011-04-12 09:35:00,2,416.86,241,238,1,At Risk,0.5611396014824155
15937.0,2011-10-06 15:48:00,2011-10-06 15:48:00,1,145.35000000000002,63,63,0,Others,0.045448897047119206
15938.0,2011-08-19 12:56:00,2011-01-20 10:11:00,5,404.58,323,111,1,At Risk,0.379532222532781
15939.0,2011-09-11 11:30:00,2011-01-12 12:43:00,15,6115.01,331,89,0,At Risk,0.0312614096953933
15940.0,2011-02-01 16:18:00,2011-02-01 16:18:00,1,35.8,310,310,1,At Risk,0.9749830815720721
15942.0,2011-07-29 09:01:00,2011-07-29 09:01:00,1,337.44,133,133,1,At Risk,0.9299524564682237
15944.0,2011-03-08 10:33:00,2011-03-08 10:33:00,1,325.1,276,276,1,At Risk,0.9529981644526783
15945.0,2010-12-09 13:14:00,2010-12-09 13:14:00,1,181.0,364,364,1,At Risk,0.9691571640212555
15947.0,2011-09-18 10:46:00,2011-09-18 10:46:00,1,1708.24,82,82,0,At Risk,0.058188053745815475
15948.0,2011-12-01 15:32:00,2011-10-27 08:35:00,2,955.24,43,7,0,Potential Loyalist,0.023692652126466235
15949.0,2011-11-23 09:09:00,2011-09-29 17:34:00,2,364.72,70,16,0,Potential Loyalist,0.020530140162270588
15950.0,2011-11-08 11:09:00,2010-12-15 11:56:00,4,1765.51,359,31,0,Loyal Customers,0.2041406234841206
15951.0,2011-12-01 08:34:00,2011-02-27 11:57:00,2,708.22,285,8,0,Potential Loyalist,0.47850647196791535
15952.0,2011-11-06 11:18:00,2011-04-28 12:55:00,4,806.57,224,33,0,Others,0.16525116830915895
15953.0,2011-11-24 15:32:00,2010-12-05 15:15:00,8,1659.38,368,14,0,Loyal Customers,0.11454060813409811
15955.0,2011-11-15 14:15:00,2010-12-02 11:22:00,14,4416.26,372,23,0,Loyal Customers,0.03056688408157553
15957.0,2011-11-08 12:14:00,2011-11-08 12:14:00,1,428.89,31,31,0,Potential Loyalist,0.025664191985844062
15958.0,2011-09-26 13:41:00,2011-09-26 13:41:00,1,104.35,73,73,0,At Risk,0.028183635995173612
15963.0,2011-11-20 11:33:00,2011-10-25 13:05:00,2,470.76,44,19,0,Potential Loyalist,0.01821640324404797
15965.0,2011-11-22 16:44:00,2010-12-07 13:18:00,4,845.64,366,16,0,Loyal Customers,0.2560609201900363
15967.0,2011-11-16 15:41:00,2011-01-25 11:57:00,2,418.83,318,22,0,Potential Loyalist,0.5543720159746123
15969.0,2011-12-07 11:06:00,2011-06-07 12:19:00,3,666.1,185,2,0,Loyal Customers,0.2218356802085839
15970.0,2011-02-09 12:08:00,2011-02-09 12:08:00,1,314.1,303,303,1,At Risk,0.9537524357834783
15971.0,2011-11-22 12:50:00,2011-02-01 16:47:00,12,4199.85,310,17,0,Loyal Customers,0.0413725933265194
15973.0,2010-12-08 11:42:00,2010-12-08 11:42:00,1,307.82000000000005,366,366,1,At Risk,0.9576227617642707
15974.0,2011-10-31 13:13:00,2011-02-24 10:10:00,7,3442.15,288,38,0,Others,0.06280095013688584
15975.0,2011-09-16 13:33:00,2011-09-16 13:33:00,1,371.01,83,83,0,At Risk,0.030681603579566636
15976.0,2011-06-27 13:00:00,2011-05-03 17:12:00,2,430.94,219,164,1,At Risk,0.5663432712769914
15977.0,2011-11-22 13:29:00,2011-10-31 16:24:00,2,1054.73,38,16,0,Potential Loyalist,0.026163486173467893
15978.0,2011-09-23 15:21:00,2011-09-23 15:21:00,1,1098.78,76,76,0,At Risk,0.024633091922707382
15980.0,2011-09-12 09:41:00,2011-03-30 15:05:00,3,2398.86,253,88,0,At Risk,0.26575198959215995
15981.0,2011-11-15 08:00:00,2011-02-01 13:50:00,8,3408.48,310,24,0,Loyal Customers,0.0681852375360518
15983.0,2011-11-17 17:34:00,2010-12-01 12:15:00,4,1475.02,373,21,0,Loyal Customers,0.3438911765817602
15984.0,2011-12-07 12:16:00,2010-12-06 13:21:00,10,2837.67,367,2,0,Champions,0.04818634082508428
15985.0,2011-08-08 16:31:00,2011-04-17 11:04:00,2,1142.42,236,122,1,At Risk,0.46204891800161896
15986.0,2011-11-09 15:17:00,2011-11-09 15:17:00,1,168.12,29,29,0,Potential Loyalist,0.0294526834648491
15987.0,2011-11-27 15:38:00,2010-12-06 08:34:00,7,1451.28,368,11,0,Loyal Customers,0.0947552136813447
15988.0,2011-11-20 13:23:00,2011-11-20 13:23:00,1,158.03,18,18,0,Potential Loyalist,0.03395173551734715
15990.0,2011-10-26 15:58:00,2011-02-25 15:35:00,2,792.11,286,43,0,Others,0.4679111393622542
15992.0,2011-12-06 11:00:00,2011-12-06 11:00:00,1,41.99,3,3,0,Potential Loyalist,0.02411903088826152
15993.0,2011-12-01 10:45:00,2011-10-26 16:21:00,7,2797.57,43,8,0,Champions,0.012686990524824925
15994.0,2011-10-16 12:28:00,2011-10-16 12:28:00,1,427.07,54,54,0,Others,0.02953546388813787
15996.0,2011-09-12 15:14:00,2010-12-08 15:59:00,6,1060.68,365,87,0,At Risk,0.16361138640650266
15998.0,2011-11-03 12:45:00,2010-12-12 13:32:00,5,3089.97,361,36,0,Others,0.08824507329217353
16000.0,2011-12-07 12:17:00,2011-12-07 12:14:00,3,12393.7,2,2,0,Loyal Customers,0.04030584404984614
16003.0,2011-11-10 09:57:00,2010-12-15 12:09:00,5,2735.37,359,29,0,Loyal Customers,0.09547469671485326
16005.0,2011-11-27 13:47:00,2011-03-14 11:46:00,4,615.39,270,11,0,Loyal Customers,0.3463827879731307
16006.0,2011-05-12 13:12:00,2011-05-12 13:12:00,1,101.4,210,210,1,At Risk,0.96912827472824
16007.0,2011-10-23 11:05:00,2011-05-08 13:32:00,4,1701.94,214,47,0,Others,0.12618617559349152
16008.0,2011-11-16 10:32:00,2011-05-19 10:54:00,3,478.78,204,23,0,Loyal Customers,0.38840620146079863
16009.0,2011-11-17 16:51:00,2011-07-03 11:26:00,4,992.71,159,21,0,Loyal Customers,0.12455314127380976
16010.0,2011-04-08 10:14:00,2010-12-12 12:18:00,3,407.5,362,245,1,At Risk,0.5712001538809403
16011.0,2011-12-01 16:31:00,2010-12-08 16:34:00,16,3362.71,365,7,0,Champions,0.03745419513052057
16012.0,2011-11-04 13:25:00,2011-07-07 18:02:00,3,1415.29,154,34,0,Others,0.15772620374973748
16013.0,2011-12-06 10:36:00,2010-12-03 13:09:00,47,37130.6,370,3,0,Champions,0.018883362399399445
16014.0,2011-11-02 12:04:00,2011-02-21 17:42:00,3,662.38,290,37,0,Others,0.380369062171542
16015.0,2011-12-06 10:58:00,2011-10-21 12:56:00,3,705.39,48,3,0,Loyal Customers,0.02421980349867943
16016.0,2011-12-06 14:35:00,2010-12-08 12:36:00,8,1508.76,366,2,0,Loyal Customers,0.09349798338586389
16017.0,2011-10-23 12:56:00,2011-10-23 12:56:00,1,211.88,46,46,0,Others,0.02017325664579854
16018.0,2011-10-31 14:13:00,2011-06-12 13:52:00,2,408.9,179,38,0,Others,0.4233433600133844
16019.0,2011-10-24 11:51:00,2010-12-10 12:29:00,9,3786.24,364,46,0,Others,0.04904414419447717
16020.0,2011-11-23 11:18:00,2011-10-05 13:54:00,3,851.01,64,16,0,Loyal Customers,0.024695418324476984
16022.0,2011-03-24 13:16:00,2011-03-24 13:16:00,1,628.28,259,259,1,At Risk,0.90082292501401
16023.0,2011-10-24 16:34:00,2011-03-18 13:32:00,3,719.81,265,45,0,Others,0.3991627531241516
16024.0,2011-11-27 13:26:00,2011-11-27 13:26:00,1,251.24,11,11,0,Potential Loyalist,0.028778147854021198
16025.0,2011-11-10 11:45:00,2011-11-10 11:45:00,1,439.66,29,29,0,Potential Loyalist,0.025664191985844062
16026.0,2011-10-27 13:53:00,2011-10-27 13:53:00,1,236.09,42,42,0,Others,0.0337781478540212
16027.0,2011-09-09 10:47:00,2011-02-10 12:19:00,6,934.62,302,91,1,At Risk,0.18606405178124774
16029.0,2011-11-01 10:27:00,2010-12-01 09:57:00,63,81024.84,373,38,0,Others,0.03712869523896306
16030.0,2011-02-03 11:28:00,2011-02-03 11:28:00,1,331.24,309,309,1,At Risk,0.9514453862305094
16031.0,2011-09-08 13:07:00,2011-04-06 14:23:00,2,548.94,246,91,1,At Risk,0.519434273196564
16033.0,2011-12-04 12:44:00,2010-12-05 10:36:00,20,8816.4,369,5,0,Champions,0.017717676453524952
16034.0,2011-05-27 16:17:00,2011-01-11 11:54:00,3,437.7000000000001,332,195,1,At Risk,0.5858501509199194
16036.0,2011-09-13 14:53:00,2011-03-21 13:01:00,2,758.9200000000001,262,86,0,At Risk,0.47536873411767094
16037.0,2011-03-15 09:13:00,2010-12-16 10:18:00,3,855.02,358,269,1,At Risk,0.39768843984479363
16038.0,2011-12-02 12:40:00,2011-05-22 11:29:00,3,471.78,201,7,0,Loyal Customers,0.4041842884616145
16040.0,2011-10-05 13:47:00,2011-03-16 09:58:00,3,1313.55,268,64,0,Others,0.3398202004678987
16041.0,2011-11-09 12:25:00,2011-07-21 16:27:00,3,3166.4,140,30,0,Loyal Customers,0.14614929817337957
16042.0,2011-11-17 17:50:00,2011-01-11 13:25:00,5,1197.27,331,21,0,Loyal Customers,0.14227839047569366
16043.0,2011-11-02 12:50:00,2011-01-26 11:14:00,4,773.99,317,37,0,Others,0.24309848706664208
16045.0,2011-08-12 12:41:00,2011-02-22 14:55:00,4,1340.7,289,119,1,At Risk,0.19503398243050932
16048.0,2010-12-01 15:28:00,2010-12-01 15:27:00,2,256.44,372,372,1,At Risk,0.587730022062568
16049.0,2011-10-30 13:19:00,2011-09-25 14:33:00,3,1111.79,74,39,0,Others,0.022679485939501264
16050.0,2011-06-19 11:44:00,2011-06-19 11:44:00,1,137.9,173,173,1,At Risk,0.9653871248931273
16052.0,2011-10-16 15:13:00,2011-10-16 15:13:00,1,362.06,53,53,0,Others,0.02858300773097079
16053.0,2011-11-07 11:21:00,2011-08-09 14:57:00,2,1511.95,121,32,0,Potential Loyalist,0.24121139717176746
16054.0,2011-07-17 13:08:00,2011-07-17 13:08:00,1,783.9,144,144,1,At Risk,0.7986807276805465
16055.0,2011-05-03 09:26:00,2011-05-03 09:26:00,1,134.8,220,220,1,At Risk,0.9717660818767828
16056.0,2011-10-25 15:19:00,2011-10-25 15:19:00,1,664.85,44,44,0,Others,0.016620391076668184
16057.0,2011-11-23 15:23:00,2011-02-28 10:35:00,7,2263.12,284,15,0,Loyal Customers,0.06892601759352585
16059.0,2011-10-05 09:56:00,2010-12-07 10:36:00,6,1459.86,367,65,0,Others,0.12290792062161339
16062.0,2011-11-30 12:15:00,2010-12-10 12:00:00,4,1153.62,364,9,0,Loyal Customers,0.23393290630421495
16063.0,2011-03-24 14:56:00,2011-03-24 14:55:00,1,335.32,259,259,1,At Risk,0.9493776133542517
16065.0,2010-12-09 13:03:00,2010-12-09 13:03:00,1,372.09,364,364,1,At Risk,0.94421141439899
16066.0,2011-11-23 11:54:00,2011-08-07 14:33:00,5,1521.87,123,16,0,Loyal Customers,0.06570273525265559
16070.0,2011-11-17 15:50:00,2011-11-07 16:36:00,2,852.15,31,21,0,Potential Loyalist,0.01980480431125571
16071.0,2011-10-26 11:14:00,2011-10-26 11:14:00,1,326.24,44,44,0,Others,0.02859749729717051
16072.0,2011-02-24 14:32:00,2011-02-24 14:32:00,1,584.3199999999999,287,287,1,At Risk,0.925392576367597
16073.0,2011-02-15 15:41:00,2011-02-15 15:41:00,1,122.4,296,296,1,At Risk,0.9682415572846381
16076.0,2011-12-06 14:59:00,2011-05-15 12:31:00,10,2234.73,208,2,0,Champions,0.05022272095043579
16078.0,2011-03-01 09:47:00,2011-03-01 09:47:00,1,79.2,283,283,1,At Risk,0.9803084087916532
16079.0,2011-11-23 12:48:00,2011-10-30 13:06:00,3,1352.0,39,16,0,Loyal Customers,0.025212633812732466
16080.0,2011-09-19 10:42:00,2011-03-10 14:44:00,2,217.16,273,81,0,At Risk,0.5088977025933817
16081.0,2011-10-14 13:06:00,2010-12-08 11:16:00,5,2806.9,366,55,0,Others,0.08003581850649637
16083.0,2011-08-31 10:47:00,2010-12-14 11:51:00,2,1317.62,360,100,1,At Risk,0.4648062923707472
16084.0,2011-02-13 16:05:00,2011-02-13 16:05:00,1,436.18,298,298,1,At Risk,0.9321505279241248
16085.0,2011-11-16 13:24:00,2011-01-23 12:07:00,5,981.51,320,22,0,Loyal Customers,0.18083994518355948
16086.0,2011-10-11 13:09:00,2010-12-07 13:45:00,5,1121.39,366,58,0,Others,0.1587025733528873
16091.0,2011-07-08 08:45:00,2011-05-25 09:18:00,2,315.06,198,154,1,At Risk,0.5260347969836023
16092.0,2011-08-17 10:46:00,2011-03-30 15:38:00,3,817.86,253,114,1,At Risk,0.35410262718547453
16093.0,2011-08-25 11:09:00,2011-08-25 11:09:00,1,17.0,106,106,1,At Risk,0.9791697646710174
16094.0,2011-11-28 12:45:00,2011-05-04 13:57:00,4,1078.23,218,11,0,Loyal Customers,0.14368393747442393
16096.0,2011-03-20 13:38:00,2011-03-20 13:38:00,1,320.62,263,263,1,At Risk,0.9537267874493451
16097.0,2011-04-13 13:47:00,2011-04-13 13:47:00,1,185.05,239,239,1,At Risk,0.9709731669404771
16098.0,2011-09-13 09:59:00,2010-12-01 09:45:00,7,2005.63,373,87,0,At Risk,0.18645060195597613
16099.0,2011-10-20 13:13:00,2011-04-28 08:34:00,3,731.9,225,49,0,Others,0.2620526558227699
16101.0,2011-09-30 10:18:00,2011-09-30 10:18:00,1,1290.7,70,70,0,Others,0.025908892139849843
16102.0,2011-10-28 13:19:00,2011-08-03 12:50:00,3,1842.14,128,41,0,Others,0.10697708581070062
16103.0,2011-12-02 14:16:00,2011-04-20 12:28:00,6,1429.64,233,6,0,Loyal Customers,0.11072609398570701
16104.0,2011-10-09 10:23:00,2011-10-09 10:23:00,1,302.36,61,61,0,Others,0.02859749729717051
16105.0,2011-04-05 10:13:00,2011-04-05 10:13:00,1,336.96,248,248,1,At Risk,0.948740500696101
16106.0,2011-10-05 10:37:00,2011-10-05 10:37:00,1,108.38,65,65,0,Others,0.02985030266184028
16107.0,2011-11-22 09:40:00,2011-06-09 18:42:00,7,3204.1600000000003,182,17,0,Loyal Customers,0.05062996504020816
16108.0,2011-09-16 11:48:00,2011-09-16 11:48:00,1,842.5,84,84,0,At Risk,0.023710476049576382
16109.0,2011-05-05 09:17:00,2011-02-04 12:37:00,2,611.88,308,218,1,At Risk,0.5146872853909443
16110.0,2011-10-25 14:35:00,2011-02-01 14:01:00,3,1337.48,310,44,0,Others,0.36108459276177024
16112.0,2011-07-19 14:28:00,2011-01-05 11:47:00,4,195.74,338,142,1,At Risk,0.5245130700341983
16113.0,2011-06-09 16:16:00,2011-06-09 16:16:00,1,161.38,182,182,1,At Risk,0.9571155413393163
16114.0,2011-06-22 10:13:00,2011-06-22 10:13:00,1,135.75000000000003,170,170,1,At Risk,0.9681371248931272
16115.0,2011-11-30 11:32:00,2011-02-20 12:14:00,8,1667.97,292,9,0,Loyal Customers,0.09244732323528904
16116.0,2011-05-12 12:01:00,2011-05-12 12:01:00,1,612.78,211,211,1,At Risk,0.911997847117031
16117.0,2011-06-03 11:42:00,2011-06-03 11:42:00,1,232.21,189,189,1,At Risk,0.9471904604178084
16119.0,2011-12-01 15:11:00,2011-09-28 10:15:00,2,423.36,72,7,0,Potential Loyalist,0.020935044596677846
16120.0,2011-10-11 14:22:00,2011-10-11 14:10:00,4,1309.14,58,58,0,Others,0.024394073210508887
16121.0,2011-10-13 12:59:00,2011-05-08 11:52:00,2,867.11,215,56,0,Others,0.38687753508195244
16122.0,2011-09-27 15:34:00,2010-12-08 11:41:00,4,684.42,366,72,0,At Risk,0.31991350724510986
16123.0,2011-10-19 09:18:00,2011-10-19 09:18:00,1,307.78000000000003,51,51,0,Others,0.02859749729717051
16124.0,2011-01-26 14:45:00,2011-01-26 14:45:00,1,249.0,316,316,1,At Risk,0.9532856306478071
16125.0,2010-12-07 15:48:00,2010-12-07 15:48:00,1,289.35,366,366,1,At Risk,0.9561155193756722
16126.0,2011-11-10 16:03:00,2011-02-16 11:18:00,4,6287.77,296,28,0,Loyal Customers,0.11964939453067139
16127.0,2011-10-31 13:58:00,2011-10-31 13:58:00,1,656.25,38,38,0,Others,0.01616584562212273
16128.0,2011-11-22 11:14:00,2011-03-02 12:21:00,5,1880.22,282,17,0,Loyal Customers,0.10360805342775928
16131.0,2011-10-19 11:53:00,2011-04-14 08:32:00,6,3506.54,239,51,0,Others,0.07554334872333593
16133.0,2011-12-06 11:24:00,2011-01-25 15:55:00,33,14589.04,317,3,0,Champions,0.03317914466912598
16134.0,2011-11-18 10:05:00,2010-12-15 14:00:00,2,618.09,358,21,0,Potential Loyalist,0.5204148240579868
16135.0,2011-03-22 12:30:00,2011-03-22 12:30:00,1,517.55,262,262,1,At Risk,0.9210481584360635
16136.0,2011-10-11 09:10:00,2011-03-07 09:52:00,3,709.38,277,59,0,Others,0.3864374390713503
16139.0,2011-11-21 08:37:00,2011-05-17 10:23:00,3,635.4100000000001,206,18,0,Loyal Customers,0.31514671655715004
16140.0,2011-10-05 12:15:00,2010-12-03 14:40:00,2,725.1800000000001,370,65,0,Others,0.4726071597843892
16141.0,2011-09-12 13:11:00,2011-09-12 13:11:00,1,620.4,87,87,0,At Risk,0.03225692367866597
16142.0,2011-04-04 10:16:00,2011-04-04 10:16:00,1,535.34,249,249,1,At Risk,0.9237808861348714
16143.0,2011-12-06 14:13:00,2010-12-05 15:18:00,6,2424.94,368,2,0,Champions,0.07654728063466358
16144.0,2011-04-07 10:09:00,2011-04-07 10:09:00,1,175.2,246,246,1,At Risk,0.9653979587058467
16145.0,2011-12-01 10:33:00,2010-12-15 09:09:00,11,3799.49,359,8,0,Champions,0.04805841611063273
16146.0,2011-07-05 14:20:00,2011-04-21 15:25:00,3,734.13,231,156,1,At Risk,0.285218497014156
16147.0,2011-07-29 09:57:00,2011-07-29 09:57:00,1,375.0,133,133,1,At Risk,0.9184884164807475
16148.0,2011-02-16 14:01:00,2011-02-16 14:01:00,1,76.32000000000001,295,295,1,At Risk,0.97943716256528
16149.0,2011-12-05 11:29:00,2011-07-20 14:54:00,2,280.52,141,4,0,Potential Loyalist,0.37131184739278816
16150.0,2011-10-28 12:39:00,2010-12-02 18:27:00,5,2053.02,371,42,0,Others,0.14161630089806285
16152.0,2011-03-16 09:47:00,2011-03-16 09:47:00,1,1829.04,268,268,1,At Risk,0.8268554921361377
16153.0,2011-10-21 10:50:00,2010-12-20 09:22:00,5,1824.23,354,49,0,Others,0.12623655105901835
16156.0,2011-12-01 12:42:00,2011-02-02 12:02:00,9,3122.04,310,8,0,Champions,0.07117474761191943
16157.0,2011-11-24 11:41:00,2011-09-28 11:48:00,3,656.69,72,15,0,Loyal Customers,0.02223510959354821
16159.0,2011-03-03 12:27:00,2011-03-03 12:27:00,1,348.2,281,281,1,At Risk,0.9461595095122176
16160.0,2011-10-05 14:19:00,2011-09-15 10:53:00,2,1025.44,85,64,0,Others,0.0261214693667452
16161.0,2011-12-08 12:10:00,2010-12-06 10:03:00,19,5575.56,368,1,0,Champions,0.02087337782049219
16162.0,2011-04-01 15:03:00,2011-04-01 15:03:00,1,37.4,251,251,1,At Risk,0.9795584848922502
16163.0,2011-04-21 15:15:00,2010-12-09 16:28:00,2,856.6,364,231,1,At Risk,0.4895862656376376
16164.0,2011-11-22 15:04:00,2011-10-28 09:12:00,3,822.48,42,16,0,Loyal Customers,0.024149675570853794
16168.0,2011-11-29 12:45:00,2010-12-05 11:38:00,27,3787.6,369,10,0,Champions,0.024902234599895063
16169.0,2011-12-01 15:28:00,2011-09-25 11:33:00,4,1822.97,75,7,0,Loyal Customers,0.0270217453631813
16170.0,2011-10-20 08:21:00,2011-04-05 13:42:00,6,1885.05,247,50,0,Others,0.08850396182691918
16171.0,2011-10-11 14:51:00,2011-10-11 14:51:00,1,73.19999999999999,58,58,0,Others,0.027972798123888438
16172.0,2011-09-05 13:22:00,2011-04-12 12:02:00,5,1140.21,241,94,1,At Risk,0.16045018142715797
16173.0,2011-11-24 10:53:00,2011-09-02 15:23:00,6,1418.32,97,15,0,Loyal Customers,0.04995750719492583
16174.0,2011-08-05 13:26:00,2011-07-11 09:23:00,3,1009.55,151,125,1,At Risk,0.2232279151004663
16175.0,2011-09-06 14:32:00,2011-04-13 14:38:00,4,1037.59,239,93,1,At Risk,0.1904118643268091
16177.0,2011-10-20 12:57:00,2011-10-20 12:57:00,1,331.95,49,49,0,Others,0.0306601604825491
16178.0,2011-07-24 16:05:00,2011-07-24 16:05:00,1,197.9,137,137,1,At Risk,0.9554901642389794
16179.0,2011-10-10 09:41:00,2011-10-10 09:41:00,1,215.83,60,60,0,Others,0.02017325664579854
16180.0,2011-08-31 16:28:00,2011-04-01 10:23:00,8,10254.18,252,99,1,At Risk,0.08947753514189191
16181.0,2011-09-27 13:38:00,2011-09-27 13:38:00,1,305.54,72,72,0,At Risk,0.02859749729717051
16182.0,2011-09-28 13:23:00,2011-02-18 10:11:00,4,6617.65,294,71,0,Others,0.11726155804014296
16183.0,2011-10-03 14:59:00,2011-10-03 14:59:00,1,338.71000000000004,66,66,0,Others,0.021541167787968055
16184.0,2011-10-06 17:43:00,2011-05-12 13:33:00,6,1158.79,210,63,0,Others,0.09390063387530675
16185.0,2011-11-23 09:41:00,2011-04-21 11:59:00,2,529.41,232,16,0,Potential Loyalist,0.5094161774883592
16186.0,2011-11-17 12:43:00,2010-12-02 14:40:00,12,4006.94,371,22,0,Loyal Customers,0.03102919142786411
16187.0,2011-11-08 09:50:00,2011-02-28 13:34:00,15,6911.4400000000005,283,31,0,Loyal Customers,0.0333004928833536
16188.0,2011-10-26 12:19:00,2011-04-11 09:44:00,4,981.86,242,44,0,Others,0.19120964166086754
16189.0,2011-11-24 11:47:00,2011-09-15 15:21:00,2,215.48,84,15,0,Potential Loyalist,0.02018629697559966
16190.0,2011-10-30 15:59:00,2011-10-30 15:59:00,1,215.08,39,39,0,Others,0.02017325664579854
16191.0,2011-12-07 11:26:00,2010-12-14 12:38:00,13,5180.52,360,2,0,Champions,0.029394751444881975
16193.0,2011-04-17 11:45:00,2011-04-17 11:45:00,1,314.45,236,236,1,At Risk,0.9577086979090214
16198.0,2011-09-25 14:58:00,2011-09-25 14:58:00,1,400.681,74,74,0,At Risk,0.0323679106966485
16200.0,2011-12-05 14:40:00,2011-06-28 15:47:00,2,1080.62,163,3,0,Potential Loyalist,0.34172270577287256
16201.0,2011-12-06 16:02:00,2011-08-22 10:47:00,4,1863.47,109,2,0,Loyal Customers,0.06699377675460343
16202.0,2010-12-14 10:43:00,2010-12-14 10:43:00,1,365.27,360,360,1,At Risk,0.9466938977648839
16203.0,2011-10-12 12:31:00,2010-12-02 15:39:00,4,592.9,371,58,0,Others,0.4368728201067309
16204.0,2011-11-16 13:40:00,2011-11-16 13:40:00,1,405.71,22,22,0,Potential Loyalist,0.0323679106966485
16205.0,2011-11-09 09:32:00,2011-06-13 11:33:00,4,761.38,179,30,0,Loyal Customers,0.125281527269709
16206.0,2011-10-16 10:41:00,2011-01-16 11:07:00,4,537.0600000000001,327,54,0,Others,0.3861886990089991
16207.0,2011-11-14 13:51:00,2011-11-14 13:51:00,1,394.38,24,24,0,Potential Loyalist,0.0323679106966485
16208.0,2011-10-26 11:36:00,2011-02-23 13:37:00,2,664.26,288,44,0,Others,0.46635559751100336
16209.0,2011-09-12 11:58:00,2011-04-07 12:23:00,5,2262.62,246,88,0,At Risk,0.09186974302728343
16210.0,2011-12-08 12:36:00,2010-12-01 12:27:00,18,21086.3,373,1,0,Champions,0.026287704459915285
16211.0,2011-09-12 12:11:00,2011-09-12 12:11:00,1,547.02,88,88,0,At Risk,0.033922615369134365
16212.0,2011-11-20 13:00:00,2011-03-01 12:51:00,2,690.34,282,18,0,Potential Loyalist,0.47595551335283
16213.0,2011-09-22 10:03:00,2011-09-22 10:03:00,1,159.0,78,78,0,At Risk,0.031656902690599426
16214.0,2011-06-22 11:30:00,2011-03-15 13:23:00,3,1062.75,268,170,1,At Risk,0.35856672619462526
16215.0,2011-09-20 10:18:00,2011-09-20 10:18:00,1,242.35,80,80,0,At Risk,0.028778147854021198
16216.0,2011-03-17 15:34:00,2011-03-17 15:34:00,1,914.93,266,266,1,At Risk,0.8252782734631604
16217.0,2011-04-18 13:31:00,2011-03-02 15:28:00,2,304.25,281,234,1,At Risk,0.5552531374662969
16218.0,2011-11-10 09:59:00,2010-12-01 11:29:00,7,3084.68,373,29,0,Loyal Customers,0.08176117243987291
16221.0,2011-11-03 11:43:00,2010-12-07 13:13:00,3,864.86,366,36,0,Others,0.3842125188496904
16222.0,2011-01-25 13:38:00,2011-01-25 13:38:00,1,846.72,317,317,1,At Risk,0.8221541798545356
16224.0,2011-10-13 17:51:00,2011-04-04 12:00:00,4,1295.3,249,56,0,Others,0.18605121837622673
16225.0,2011-10-26 08:30:00,2011-03-07 12:17:00,5,1096.32,277,44,0,Others,0.16235441069945936
16226.0,2011-05-20 14:41:00,2011-04-18 12:58:00,3,255.12,234,202,1,At Risk,0.5478674711749312
16227.0,2011-04-28 13:33:00,2011-04-28 13:33:00,1,314.22,224,224,1,At Risk,0.9586890900658842
16229.0,2011-09-13 17:16:00,2011-05-11 10:18:00,2,1010.6,212,86,0,At Risk,0.3917230428739301
16230.0,2011-06-03 10:06:00,2011-05-03 15:12:00,2,542.03,219,189,1,At Risk,0.521873587954087
16232.0,2011-10-27 12:16:00,2011-05-08 14:05:00,4,990.88,214,43,0,Others,0.1391751966124139
16233.0,2011-09-29 17:27:00,2010-12-08 12:51:00,3,536.6800000000001,365,70,0,Others,0.4670770509413236
16235.0,2011-10-30 10:56:00,2011-01-11 15:42:00,5,867.3100000000001,331,40,0,Others,0.1813892841935639
16236.0,2011-09-22 14:10:00,2011-09-22 14:10:00,1,432.2,77,77,0,At Risk,0.025664191985844062
16239.0,2011-10-14 08:29:00,2011-06-03 09:30:00,2,414.2,189,56,0,Others,0.4662039845417902
16240.0,2011-11-15 14:30:00,2011-09-23 13:44:00,2,3718.8,76,23,0,Potential Loyalist,0.04630249560014768
16241.0,2011-11-30 11:08:00,2010-12-05 11:04:00,13,2607.87,369,9,0,Champions,0.04376491753118333
16242.0,2011-12-01 15:12:00,2011-03-07 17:04:00,7,3603.21,276,7,0,Champions,0.0702410753676334
16243.0,2011-11-06 12:32:00,2011-10-16 12:09:00,2,409.1,54,33,0,Others,0.02376749140518849
16244.0,2011-05-12 10:18:00,2010-12-02 11:41:00,2,1522.75,372,211,1,At Risk,0.5035601785115279
16245.0,2011-11-16 10:14:00,2011-03-28 09:30:00,3,1413.66,256,23,0,Loyal Customers,0.32632875005972173
16247.0,2011-06-22 14:23:00,2011-06-22 14:23:00,1,114.56,169,169,1,At Risk,0.9703120671854332
16248.0,2011-10-09 11:32:00,2011-10-09 11:32:00,1,152.94,61,61,0,Others,0.04188132947955164
16249.0,2011-10-18 10:07:00,2011-04-14 13:50:00,5,1800.07,238,52,0,Others,0.0949923116795764
16250.0,2011-03-23 15:07:00,2010-12-01 09:59:00,2,389.44,373,260,1,At Risk,0.5296508305227556
16253.0,2011-10-04 09:09:00,2011-03-29 13:33:00,2,3683.86,254,66,0,Others,0.36061297755517635
16255.0,2011-11-23 12:40:00,2010-12-09 14:25:00,8,2619.91,364,16,0,Loyal Customers,0.05580585282674584
16256.0,2011-03-18 12:18:00,2011-03-18 12:18:00,1,752.4300000000001,266,266,1,At Risk,0.8375531345627052
16257.0,2011-06-16 10:11:00,2011-06-16 10:11:00,1,46.95,176,176,1,At Risk,0.9696703058618226
16258.0,2011-10-25 13:30:00,2011-05-04 14:33:00,5,5203.51,218,44,0,Others,0.06939065899167521
16260.0,2011-10-20 09:40:00,2011-10-20 09:40:00,1,1035.45,50,50,0,Others,0.022660333541625537
16261.0,2011-11-22 17:23:00,2011-04-07 19:05:00,4,746.83,245,16,0,Loyal Customers,0.22665582555799915
16265.0,2011-11-30 16:41:00,2010-12-10 10:21:00,9,5447.0,364,8,0,Champions,0.04345234321076199
16266.0,2011-09-27 12:08:00,2011-05-17 14:50:00,7,861.89,205,73,0,At Risk,0.11925852163084906
16268.0,2011-09-29 18:30:00,2011-09-29 18:30:00,2,667.65,70,70,0,Others,0.023001527634191627
16270.0,2010-12-21 14:26:00,2010-12-21 14:26:00,1,1141.24,352,352,1,At Risk,0.824584434944029
16271.0,2011-12-07 12:45:00,2010-12-16 16:36:00,5,1429.24,357,2,0,Loyal Customers,0.14159652355952212
16272.0,2011-08-15 10:54:00,2011-08-15 10:53:00,1,411.7,116,116,1,At Risk,0.9034510972670369
16274.0,2010-12-01 15:35:00,2010-12-01 15:35:00,1,357.95,372,372,1,At Risk,0.9443227705595112
16275.0,2011-05-27 12:41:00,2011-05-27 12:41:00,1,559.87,196,196,1,At Risk,0.9153381754264572
16276.0,2011-06-16 09:34:00,2011-06-16 09:34:00,1,810.6,176,176,1,At Risk,0.7997829712496192
16278.0,2011-08-31 17:12:00,2011-08-31 17:12:00,1,566.38,99,99,1,At Risk,0.900144160394814
16279.0,2011-11-18 15:00:00,2011-06-16 11:50:00,3,1509.58,176,20,0,Loyal Customers,0.17074770017136232
16281.0,2011-09-28 14:57:00,2011-09-28 14:57:00,1,2062.06,71,71,0,Others,0.04405800860098988
16282.0,2011-01-04 11:42:00,2011-01-04 11:42:00,1,168.3,339,339,1,At Risk,0.9610428268737523
16283.0,2011-12-04 12:08:00,2011-05-15 13:37:00,5,1570.81,207,5,0,Loyal Customers,0.0792497805132273
16284.0,2011-11-08 16:12:00,2011-10-20 13:54:00,2,823.97,49,30,0,Potential Loyalist,0.019021334659942754
16287.0,2011-06-23 09:08:00,2011-06-23 09:08:00,1,142.5,169,169,1,At Risk,0.9651119492490992
16292.0,2011-08-10 12:24:00,2011-08-10 12:24:00,1,302.25,121,121,1,At Risk,0.9389850121907304
16293.0,2011-11-18 09:58:00,2010-12-07 15:02:00,10,2248.99,366,21,0,Loyal Customers,0.060169600326650884
16295.0,2011-11-30 08:17:00,2011-10-06 10:45:00,4,1328.55,64,9,0,Loyal Customers,0.024394073210508887
16297.0,2011-03-16 08:29:00,2011-03-16 08:29:00,1,301.9,268,268,1,At Risk,0.9536844169054837
16298.0,2011-11-17 11:59:00,2011-06-06 10:06:00,3,598.2,186,22,0,Loyal Customers,0.3231899241375949
16302.0,2011-08-05 09:44:00,2011-08-05 09:44:00,1,233.22,126,126,1,At Risk,0.9410609765673441
16303.0,2011-11-14 10:49:00,2011-01-10 14:16:00,3,5360.63,332,25,0,Loyal Customers,0.3316721159307178
16305.0,2011-07-24 12:18:00,2011-07-24 12:18:00,1,361.22,138,138,1,At Risk,0.9287749800133386
16306.0,2011-05-10 12:12:00,2010-12-07 15:18:00,6,632.27,366,213,1,At Risk,0.42815371112576484
16308.0,2011-11-02 11:24:00,2011-03-23 14:46:00,4,2560.0,260,37,0,Others,0.15214001288276596
16309.0,2011-08-25 15:35:00,2011-04-13 11:46:00,2,706.57,240,105,1,At Risk,0.46406278838845877
16311.0,2011-11-22 08:54:00,2011-10-21 13:13:00,2,616.26,48,17,0,Potential Loyalist,0.03761725018338516
16313.0,2011-12-06 13:02:00,2011-10-21 09:04:00,2,274.15000000000003,49,2,0,Potential Loyalist,0.020465256158067616
16315.0,2011-01-13 11:57:00,2011-01-13 11:57:00,1,226.37,330,330,1,At Risk,0.9604961643386964
16316.0,2011-10-06 13:48:00,2010-12-16 14:26:00,8,2938.91,357,63,0,Others,0.07165973228091223
16317.0,2011-08-12 12:46:00,2011-02-15 14:30:00,3,1341.65,296,119,1,At Risk,0.36732395532525586
16318.0,2011-11-04 13:05:00,2011-11-04 13:05:00,1,328.15000000000003,34,34,0,Others,0.02859749729717051
16319.0,2011-05-06 11:27:00,2011-05-06 11:27:00,1,404.4,217,217,1,At Risk,0.9367395592671356
16320.0,2011-06-20 15:25:00,2011-05-10 15:31:00,2,1038.46,212,171,1,At Risk,0.37983332085817445
16321.0,2011-09-28 14:55:00,2011-01-20 12:11:00,5,373.65,323,71,0,Others,0.37070556345582384
16322.0,2011-12-08 15:41:00,2011-11-03 14:33:00,2,326.75,35,0,0,Potential Loyalist,0.021517637776084
16323.0,2011-05-27 14:48:00,2011-05-27 14:48:00,1,207.50000000000003,195,195,1,At Risk,0.9587475915551541
16324.0,2011-08-03 12:58:00,2011-06-15 14:26:00,3,428.68,176,127,1,At Risk,0.38525127395239467
16325.0,2011-10-24 08:48:00,2011-04-08 09:20:00,3,594.24,245,46,0,Others,0.4273839330631102
16326.0,2011-12-04 10:11:00,2011-01-09 12:01:00,14,3110.96,334,5,0,Champions,0.05061753003556125
16327.0,2011-11-25 13:23:00,2010-12-05 12:43:00,6,3844.22,369,13,0,Loyal Customers,0.06252943010521984
16330.0,2011-11-22 12:24:00,2011-08-19 17:08:00,3,251.91,111,17,0,Loyal Customers,0.2296214183007651
16332.0,2011-11-11 14:22:00,2011-02-07 14:16:00,7,1593.2,304,27,0,Loyal Customers,0.10139314611232017
16333.0,2011-12-02 12:19:00,2011-02-03 10:50:00,22,26626.8,309,7,0,Champions,0.03380688393876539
16337.0,2011-11-03 10:03:00,2011-11-03 10:03:00,1,151.05,36,36,0,Others,0.04194889704711922
16338.0,2011-07-05 13:56:00,2011-07-05 13:56:00,1,214.8,156,156,1,At Risk,0.9285394788024732
16339.0,2011-02-28 13:41:00,2011-02-28 13:41:00,1,109.95,283,283,1,At Risk,0.968088724286764
16340.0,2011-08-24 14:53:00,2011-08-24 14:53:00,1,549.07,106,106,1,At Risk,0.9110677427234434
16341.0,2011-11-15 09:12:00,2011-05-22 13:20:00,4,1971.87,200,24,0,Loyal Customers,0.09728503268486373
16342.0,2011-09-25 14:36:00,2011-06-13 10:10:00,4,322.41,179,74,0,At Risk,0.276449379069287
16343.0,2011-11-23 17:45:00,2011-11-23 17:43:00,2,370.48,15,15,0,Potential Loyalist,0.022353020124685433
16344.0,2011-07-04 15:50:00,2011-07-04 15:50:00,1,101.1,157,157,1,At Risk,0.9644445943590765
16345.0,2011-10-26 16:03:00,2011-10-26 16:03:00,1,575.41,43,43,0,Others,0.039655792481258174
16347.0,2011-11-28 13:14:00,2011-11-03 13:01:00,2,887.65,35,10,0,Potential Loyalist,0.022334653241293436
16348.0,2011-11-07 15:44:00,2011-04-13 15:49:00,7,1469.45,239,31,0,Loyal Customers,0.09743615417633981
16349.0,2011-02-22 12:40:00,2011-02-22 12:40:00,1,53.5,290,290,1,At Risk,0.9778256200321495
16350.0,2011-11-18 15:53:00,2011-01-10 09:44:00,4,1116.47,333,20,0,Loyal Customers,0.21865112106060913
16351.0,2011-01-11 10:26:00,2011-01-11 10:26:00,1,153.9,332,332,1,At Risk,0.9652736826843651
16352.0,2011-11-22 10:32:00,2011-11-02 08:44:00,2,494.44,37,17,0,Potential Loyalist,0.01985796950910821
16353.0,2011-12-06 12:23:00,2010-12-05 12:09:00,23,6675.71,369,3,0,Champions,0.020274992557478735
16354.0,2011-10-07 14:28:00,2011-09-27 16:28:00,2,395.8,72,62,0,Others,0.02376749140518849
16356.0,2011-05-26 11:51:00,2011-03-07 12:31:00,3,211.77,277,197,1,At Risk,0.5079241887484875
16357.0,2011-11-06 16:04:00,2011-05-10 10:35:00,3,658.88,213,32,0,Loyal Customers,0.23924777776458492
16358.0,2011-12-08 15:09:00,2011-06-08 15:05:00,4,2027.5,183,0,0,Loyal Customers,0.09707283468263515
16359.0,2011-12-02 17:04:00,2011-01-12 10:49:00,9,1750.92,331,6,0,Loyal Customers,0.09055294547814738
16360.0,2011-12-05 12:16:00,2011-09-12 13:50:00,6,3512.53,87,4,0,Champions,0.023718335550180023
16361.0,2011-11-30 12:32:00,2011-09-29 13:13:00,4,896.66,70,9,0,Loyal Customers,0.022690073838073054
16362.0,2011-11-07 13:01:00,2011-09-09 14:47:00,5,734.77,90,31,0,Loyal Customers,0.026064331568229328
16363.0,2011-10-17 14:14:00,2011-10-17 14:14:00,1,109.36,52,52,0,Others,0.02985030266184028
16364.0,2011-11-28 11:27:00,2011-07-25 14:35:00,2,707.04,136,11,0,Potential Loyalist,0.3458060183170554
16365.0,2011-11-22 11:24:00,2010-12-07 17:19:00,9,1540.42,366,17,0,Loyal Customers,0.08796548850714178
16366.0,2011-11-21 08:19:00,2011-11-21 08:19:00,1,327.3,18,18,0,Potential Loyalist,0.02859749729717051
16367.0,2011-11-02 13:13:00,2010-12-12 12:01:00,2,804.49,362,36,0,Others,0.47603679250832565
16368.0,2011-12-07 13:12:00,2011-11-11 15:08:00,2,497.43,27,1,0,Potential Loyalist,0.02202463617577488
16369.0,2011-11-21 16:25:00,2011-05-27 09:39:00,3,1553.66,196,17,0,Loyal Customers,0.1681260672343955
16370.0,2011-09-18 15:55:00,2011-04-28 16:40:00,4,1320.56,224,81,0,At Risk,0.1319471625973704
16372.0,2011-11-06 13:08:00,2011-11-06 12:50:00,2,367.93,33,32,0,Potential Loyalist,0.020530140162270588
16374.0,2011-10-04 15:21:00,2011-03-22 13:46:00,2,473.03,261,65,0,Others,0.514463861161406
16376.0,2011-12-01 11:38:00,2011-11-22 16:47:00,2,987.01,16,8,0,Potential Loyalist,0.02600851863975939
16377.0,2011-03-17 15:41:00,2011-03-17 15:41:00,1,676.2,266,266,1,At Risk,0.8292747277223793
16378.0,2011-04-06 15:07:00,2011-02-02 12:42:00,3,362.95,310,246,1,At Risk,0.5383492460777035
16379.0,2011-12-05 15:38:00,2011-09-22 09:33:00,4,2157.4,78,3,0,Loyal Customers,0.047453491685740555
16380.0,2011-10-09 15:40:00,2011-10-09 15:40:00,1,1780.59,60,60,0,Others,0.029692327250088968
16383.0,2011-09-26 12:45:00,2011-03-16 13:00:00,2,668.36,267,74,0,At Risk,0.47324979132976547
16384.0,2011-09-11 11:19:00,2011-03-21 10:13:00,2,584.5,263,89,0,At Risk,0.5094316216809773
16385.0,2011-10-10 13:12:00,2010-12-08 12:56:00,3,555.89,365,59,0,Others,0.45894984733079175
16386.0,2011-11-11 12:28:00,2011-03-31 12:19:00,2,317.2,253,28,0,Potential Loyalist,0.5529495751728507
16387.0,2011-01-21 11:34:00,2011-01-21 11:34:00,1,94.36,322,322,1,At Risk,0.97904271992535
16389.0,2011-10-17 14:41:00,2011-03-01 15:47:00,4,1382.0700000000002,282,52,0,Others,0.19250604256042933
16392.0,2011-03-15 12:11:00,2011-03-15 12:11:00,1,221.19,269,269,1,At Risk,0.94123655533012
16393.0,2011-12-07 12:51:00,2010-12-05 13:10:00,13,3046.21,368,1,0,Champions,0.042856008624739435
16394.0,2011-10-14 09:48:00,2011-02-23 10:58:00,5,1555.34,289,56,0,Others,0.13102741734152967
16395.0,2011-10-10 12:50:00,2011-01-13 12:10:00,5,1486.9,330,60,0,Others,0.1348857308130092
16398.0,2011-07-08 15:16:00,2011-03-31 09:38:00,2,1705.8,253,153,1,At Risk,0.4931536402347178
16399.0,2011-11-20 16:12:00,2011-04-18 13:46:00,2,408.57,234,18,0,Potential Loyalist,0.555899449122698
16400.0,2011-09-06 12:27:00,2011-09-06 12:27:00,1,303.93,94,94,1,At Risk,0.9223657864469019
16401.0,2011-12-08 18:15:00,2011-01-16 10:56:00,12,4098.32,327,0,0,Champions,0.037681782256529094
16402.0,2011-03-20 12:25:00,2010-12-05 13:42:00,2,299.6,368,264,1,At Risk,0.5935018293427093
16403.0,2011-01-31 13:39:00,2011-01-31 13:39:00,1,177.5,311,311,1,At Risk,0.9661190844384757
16404.0,2011-09-30 14:55:00,2011-09-30 14:55:00,1,443.05,69,69,0,Others,0.030960195002435315
16405.0,2011-02-10 15:24:00,2011-02-02 17:08:00,2,167.25,309,301,1,At Risk,0.7123903587164926
16406.0,2011-11-21 11:57:00,2011-11-21 11:57:00,1,163.07,18,18,0,Potential Loyalist,0.0294526834648491
16407.0,2011-11-27 11:05:00,2011-01-31 14:02:00,10,2126.93,311,12,0,Champions,0.07411337857379302
16409.0,2011-11-03 16:45:00,2011-01-26 14:51:00,5,2028.88,316,35,0,Others,0.11476519924818299
16411.0,2011-11-20 13:23:00,2010-12-05 13:26:00,2,214.65,368,18,0,Potential Loyalist,0.5545963529363503
16412.0,2011-10-17 12:35:00,2011-10-17 12:35:00,1,151.83,53,53,0,Others,0.04688132947955165
16413.0,2011-10-14 12:08:00,2011-10-14 12:08:00,1,262.2,56,56,0,Others,0.02783295172322777
16414.0,2011-11-18 09:42:00,2011-03-04 13:27:00,2,126.25,279,21,0,Potential Loyalist,0.6880709239466762
16415.0,2011-10-26 13:35:00,2011-10-26 13:35:00,1,210.35,43,43,0,Others,0.02017325664579854
16416.0,2011-11-13 12:50:00,2011-10-14 13:35:00,3,1051.4,55,26,0,Loyal Customers,0.024264364283064693
16418.0,2011-10-26 12:39:00,2011-04-27 16:54:00,3,675.27,225,44,0,Others,0.2772457844760512
16419.0,2011-08-19 12:33:00,2011-02-01 12:25:00,6,972.23,311,112,1,At Risk,0.19083122776842504
16422.0,2011-11-22 14:00:00,2010-12-05 15:35:00,51,34684.4,368,16,0,Loyal Customers,0.018484400330035056
16423.0,2011-11-15 09:21:00,2011-11-15 09:21:00,1,346.12,24,24,0,Potential Loyalist,0.0262465941445572
16424.0,2011-06-01 13:40:00,2011-06-01 13:40:00,1,133.56,190,190,1,At Risk,0.9680631383879384
16425.0,2011-02-10 14:30:00,2011-02-10 14:30:00,1,302.7,301,301,1,At Risk,0.9537680449021078
16426.0,2011-12-07 14:01:00,2011-03-08 15:45:00,10,1908.25,275,1,0,Loyal Customers,0.06558775017487553
16427.0,2011-03-21 17:10:00,2011-02-28 15:18:00,2,241.06,283,262,1,At Risk,0.5437520032196754
16429.0,2011-08-25 13:54:00,2011-08-25 13:54:00,1,284.55,105,105,1,At Risk,0.9388178274390195
16430.0,2011-10-13 14:47:00,2011-10-13 14:47:00,1,300.85,56,56,0,Others,0.02859749729717051
16431.0,2011-05-10 14:09:00,2011-02-15 14:02:00,3,642.81,296,212,1,At Risk,0.4362428333409183
16432.0,2011-10-06 13:59:00,2011-10-06 13:59:00,1,287.40000000000003,63,63,0,Others,0.02783295172322777
16433.0,2011-11-11 14:09:00,2011-11-11 14:09:00,1,184.26,27,27,0,Potential Loyalist,0.03524453021252556
16434.0,2011-11-10 14:28:00,2011-02-13 12:17:00,7,1522.25,299,28,0,Loyal Customers,0.10428772198981584
16438.0,2011-12-04 10:51:00,2011-09-18 13:31:00,5,798.35,81,5,0,Loyal Customers,0.0248755849702666
16440.0,2011-12-02 12:02:00,2011-05-09 12:25:00,5,3640.67,214,7,0,Loyal Customers,0.07660630277116214
16441.0,2011-10-03 17:48:00,2011-02-21 17:35:00,2,381.2,290,66,0,Others,0.5342100460421045
16442.0,2011-12-08 11:43:00,2010-12-14 10:46:00,3,616.79,360,1,0,Loyal Customers,0.46455391368876414
16444.0,2011-10-24 13:50:00,2011-03-20 12:14:00,4,654.67,264,45,0,Others,0.27186755614391217
16445.0,2011-11-06 12:32:00,2011-11-06 12:32:00,1,230.51,33,33,0,Others,0.03551977042897711
16446.0,2011-12-09 09:15:00,2011-05-18 09:52:00,2,168472.5,205,0,0,Potential Loyalist,0.33084104037303697
16447.0,2011-07-27 12:45:00,2011-07-27 12:45:00,1,259.01,135,135,1,At Risk,0.935276441143104
16448.0,2011-05-25 16:28:00,2011-05-25 16:28:00,1,188.89,197,197,1,At Risk,0.964056406159194
16449.0,2011-05-26 10:25:00,2011-03-04 12:15:00,2,707.69,280,197,1,At Risk,0.4884477730871892
16450.0,2011-07-13 11:47:00,2011-07-13 11:47:00,1,311.92,149,149,1,At Risk,0.9387572733612217
16451.0,2011-09-13 09:17:00,2011-09-13 09:17:00,1,266.97,87,87,0,At Risk,0.02783295172322777
16454.0,2011-10-26 11:40:00,2011-10-06 16:57:00,2,6.9,63,44,0,Others,0.0243884063624731
16455.0,2011-10-07 12:17:00,2010-12-03 16:44:00,7,1841.18,370,63,0,Others,0.0788611048738076
16456.0,2011-09-01 13:50:00,2010-12-01 14:11:00,5,2158.37,372,98,1,At Risk,0.3168625898055029
16457.0,2011-05-05 13:19:00,2011-05-05 13:19:00,1,208.36,217,217,1,At Risk,0.96598863413075
16458.0,2011-12-07 09:34:00,2010-12-14 11:51:00,18,3482.74,360,2,0,Champions,0.038642949743264786
16460.0,2011-11-11 13:46:00,2011-09-19 10:15:00,3,814.72,81,27,0,Loyal Customers,0.026422804231911158
16461.0,2011-06-15 12:07:00,2011-06-15 12:07:00,1,151.42,177,177,1,At Risk,0.9498754660747767
16462.0,2011-09-27 10:24:00,2011-03-01 08:58:00,3,136.0,283,73,0,At Risk,0.5364012536835046
16463.0,2011-11-18 14:01:00,2011-05-19 14:45:00,4,1422.4,203,20,0,Loyal Customers,0.10355648239576436
16464.0,2011-11-20 12:11:00,2011-07-20 13:53:00,3,1314.68,141,19,0,Loyal Customers,0.13131220893249065
16466.0,2011-11-06 11:35:00,2011-02-20 11:39:00,7,1603.46,292,33,0,Others,0.09710883993996465
16468.0,2011-09-26 14:13:00,2011-09-26 14:13:00,1,74.9,73,73,0,At Risk,0.027972798123888438
16469.0,2011-11-16 12:25:00,2011-04-07 13:11:00,4,650.43,245,23,0,Loyal Customers,0.2624097202400466
16470.0,2011-10-19 12:11:00,2010-12-16 11:53:00,4,762.39,358,51,0,Others,0.26279882593963316
16471.0,2011-03-10 09:41:00,2011-03-10 09:41:00,1,223.95,274,274,1,At Risk,0.9522973188297681
16473.0,2011-06-28 09:10:00,2011-01-07 10:55:00,3,316.11,336,164,1,At Risk,0.5945771157500248
16474.0,2011-12-02 13:02:00,2011-07-17 14:51:00,7,1871.5,144,6,0,Loyal Customers,0.04738393045459042
16475.0,2011-09-12 14:37:00,2011-03-11 09:39:00,4,544.3,273,87,0,At Risk,0.34917185719762744
16477.0,2011-10-07 09:44:00,2010-12-03 12:48:00,7,2494.46,371,63,0,Others,0.05264226444790698
16478.0,2011-11-14 15:51:00,2011-10-05 12:02:00,3,331.0,65,24,0,Loyal Customers,0.03391071914340949
16479.0,2011-11-29 13:40:00,2011-11-29 13:04:00,2,300.83,9,9,0,Potential Loyalist,0.024022721966674432
16480.0,2011-09-25 11:40:00,2011-09-25 11:40:00,1,769.29,75,75,0,At Risk,0.020769299578988147
16482.0,2011-11-24 12:33:00,2011-11-24 12:33:00,1,220.62,15,15,0,Potential Loyalist,0.02017325664579854
16483.0,2011-05-31 13:08:00,2011-05-31 13:08:00,1,139.35,191,191,1,At Risk,0.964379805054605
16484.0,2011-06-19 12:06:00,2011-06-02 10:39:00,2,404.3,190,173,1,At Risk,0.4641377452255508
16485.0,2011-09-23 15:50:00,2011-09-23 15:50:00,1,363.65,76,76,0,At Risk,0.02858300773097079
16488.0,2011-11-06 13:42:00,2011-07-14 11:46:00,3,498.8,148,32,0,Loyal Customers,0.27824271526518446
16491.0,2011-10-24 10:18:00,2011-10-24 10:18:00,1,731.5,46,46,0,Others,0.015567028685634558
16493.0,2011-09-21 11:10:00,2011-01-14 08:16:00,4,1351.63,329,79,0,At Risk,0.19736640603690933
16494.0,2011-02-16 12:49:00,2011-02-16 12:49:00,1,826.53,296,296,1,At Risk,0.8160170391317882
16495.0,2011-12-06 13:20:00,2011-03-08 16:38:00,3,684.41,275,2,0,Loyal Customers,0.3798737071952955
16496.0,2011-12-01 10:31:00,2011-01-27 09:42:00,3,1599.52,316,8,0,Loyal Customers,0.35562677091153505
16497.0,2011-10-21 10:55:00,2011-01-10 13:20:00,6,2965.69,332,49,0,Others,0.09715112567347864
16498.0,2011-07-01 15:07:00,2011-06-30 19:52:00,2,100.97,161,160,1,At Risk,0.6538042973148386
16499.0,2010-12-14 13:31:00,2010-12-10 10:27:00,2,365.45,364,359,1,At Risk,0.5827865122955828
16500.0,2011-12-05 12:04:00,2011-01-13 10:28:00,6,400.86,330,4,0,Loyal Customers,0.40451302869968203
16503.0,2011-08-25 11:46:00,2010-12-14 13:50:00,4,1431.93,359,106,1,At Risk,0.21725536304765833
16504.0,2011-11-14 15:18:00,2011-11-14 15:18:00,1,484.38,24,24,0,Potential Loyalist,0.03157540024662637
16505.0,2011-11-08 12:14:00,2011-11-08 12:14:00,1,777.6,31,31,0,Potential Loyalist,0.020769299578988147
16506.0,2011-11-20 12:17:00,2011-10-30 15:50:00,2,90.3,39,19,0,Potential Loyalist,0.038075370913074016
16509.0,2011-02-16 09:25:00,2011-02-16 09:25:00,1,363.7000000000001,296,296,1,At Risk,0.9406525813547233
16510.0,2010-12-02 13:39:00,2010-12-02 13:39:00,1,248.1,371,371,1,At Risk,0.9555836469675344
16511.0,2011-11-18 10:41:00,2011-03-18 11:24:00,3,950.26,266,21,0,Loyal Customers,0.36168663115326566
16513.0,2011-12-05 10:18:00,2011-10-27 14:56:00,4,874.59,42,4,0,Loyal Customers,0.022690073838073054
16515.0,2011-10-18 13:10:00,2011-02-01 13:09:00,5,1627.13,310,51,0,Others,0.131474759091774
16516.0,2011-11-09 14:59:00,2011-11-09 14:59:00,1,101.7,29,29,0,Potential Loyalist,0.028183635995173612
16517.0,2011-03-07 13:50:00,2011-03-07 13:50:00,1,162.70000000000002,276,276,1,At Risk,0.9612428203638461
16518.0,2011-10-09 15:04:00,2011-02-28 16:36:00,2,484.32,283,60,0,Others,0.49403756791001363
16519.0,2011-11-14 15:41:00,2010-12-09 14:08:00,2,215.08,364,24,0,Potential Loyalist,0.5667996210515449
16520.0,2011-06-06 13:24:00,2010-12-09 13:08:00,3,1046.57,364,185,1,At Risk,0.3874216545989111
16523.0,2011-12-08 09:06:00,2011-01-28 12:06:00,21,9418.47,315,1,0,Champions,0.03335985165825267
16525.0,2011-12-07 15:07:00,2010-12-08 11:31:00,26,13027.45,366,1,0,Champions,0.016576782499840983
16526.0,2011-06-21 12:02:00,2011-06-21 12:02:00,1,290.36,171,171,1,At Risk,0.9384084979896496
16527.0,2011-09-19 16:21:00,2011-09-19 16:21:00,1,228.06,80,80,0,At Risk,0.030015300892397477
16528.0,2011-12-06 12:45:00,2011-12-06 12:45:00,1,244.41,3,3,0,Potential Loyalist,0.028778147854021198
16529.0,2011-06-02 17:23:00,2011-06-02 17:23:00,1,455.25,189,189,1,At Risk,0.9253990171737446
16531.0,2011-11-17 16:29:00,2010-12-14 13:19:00,7,1244.59,359,21,0,Loyal Customers,0.10561195920658914
16532.0,2011-11-22 11:08:00,2011-01-05 12:37:00,3,6748.8,338,17,0,Loyal Customers,0.3288684563703645
16533.0,2011-11-20 13:08:00,2011-10-02 15:07:00,3,1095.56,67,18,0,Loyal Customers,0.022527970787986115
16535.0,2011-12-04 15:18:00,2011-12-04 15:18:00,1,593.75,4,4,0,Potential Loyalist,0.04061818564365134
16536.0,2011-08-21 15:54:00,2011-08-21 15:54:00,1,548.97,109,109,1,At Risk,0.9136104777661784
16539.0,2011-12-07 08:41:00,2010-12-01 15:40:00,4,1388.81,372,2,0,Loyal Customers,0.31008730746943997
16542.0,2011-10-17 10:47:00,2011-10-17 10:47:00,1,119.62,53,53,0,Others,0.036849656611362205
16545.0,2011-06-28 10:37:00,2011-06-28 10:37:00,1,339.3,164,164,1,At Risk,0.9341202079502099
16546.0,2011-02-22 11:20:00,2010-12-02 12:07:00,2,787.15,372,290,1,At Risk,0.48995991900511343
16549.0,2011-11-29 15:06:00,2011-01-09 14:03:00,10,4154.64,333,9,0,Champions,0.038349814373546606
16550.0,2011-08-23 11:12:00,2010-12-06 13:53:00,5,2298.97,367,108,1,At Risk,0.1573832610338085
16551.0,2011-09-05 09:38:00,2011-01-07 10:24:00,3,922.12,336,95,1,At Risk,0.41193354925733927
16552.0,2011-04-11 10:04:00,2010-12-01 12:36:00,2,379.73,373,242,1,At Risk,0.5194207057881928
16553.0,2011-06-29 15:42:00,2010-12-14 13:58:00,12,5719.82,359,162,1,At Risk,0.058262448833755365
16554.0,2011-10-28 14:51:00,2011-01-12 12:41:00,3,837.1,331,41,0,Others,0.3997317295882311
16555.0,2011-11-04 14:31:00,2011-08-22 12:32:00,2,285.89,109,34,0,Others,0.2819320623731207
16556.0,2011-10-04 11:36:00,2010-12-14 13:32:00,7,3313.79,359,66,0,Others,0.06534354515941518
16557.0,2011-11-15 14:04:00,2011-07-25 13:28:00,2,281.85,136,23,0,Potential Loyalist,0.35753189208876374
16558.0,2011-12-09 10:20:00,2010-12-08 12:01:00,20,8338.49,366,0,0,Champions,0.016987246573987924
16560.0,2011-11-13 10:35:00,2010-12-16 14:36:00,2,841.41,357,26,0,Potential Loyalist,0.46942330269257176
16561.0,2011-12-04 11:50:00,2011-10-11 09:53:00,2,511.12,59,5,0,Potential Loyalist,0.02528541256150683
16563.0,2011-10-17 11:51:00,2011-10-17 11:51:00,1,1077.74,53,53,0,Others,0.024633091922707382
16565.0,2010-12-10 15:21:00,2010-12-10 15:21:00,1,173.7,363,363,1,At Risk,0.9637579862508904
16566.0,2011-11-24 16:34:00,2011-02-20 10:29:00,5,614.66,292,14,0,Loyal Customers,0.28850533375455995
16567.0,2011-05-29 13:57:00,2011-01-07 09:31:00,2,865.6,336,193,1,At Risk,0.5054602014057276
16569.0,2011-12-06 15:32:00,2011-12-06 15:32:00,1,124.2,2,2,0,Potential Loyalist,0.03448123555873063
16570.0,2011-11-24 17:02:00,2011-02-01 10:37:00,10,3738.4,311,14,0,Loyal Customers,0.046385054642323176
16571.0,2011-11-13 11:46:00,2011-03-03 09:41:00,3,1421.69,281,26,0,Loyal Customers,0.3287681156518585
16572.0,2011-08-04 16:34:00,2011-03-09 12:04:00,3,1009.6,275,126,1,At Risk,0.3584415745639545
16573.0,2011-09-16 09:13:00,2011-02-22 15:14:00,2,663.61,289,84,0,At Risk,0.4631506016398226
16574.0,2011-09-29 13:39:00,2011-09-29 13:39:00,1,451.44,70,70,0,Others,0.03131756259654734
16581.0,2011-06-10 10:05:00,2011-06-10 10:05:00,1,105.84,182,182,1,At Risk,0.9731441273698731
16582.0,2011-08-18 17:02:00,2011-08-18 17:02:00,1,313.62,112,112,1,At Risk,0.941825069827618
16583.0,2010-12-01 12:03:00,2010-12-01 12:03:00,1,233.45,373,373,1,At Risk,0.9449244169083881
16584.0,2011-09-20 13:45:00,2011-03-30 13:14:00,2,936.08,253,79,0,At Risk,0.4819732917434919
16586.0,2011-04-05 09:32:00,2011-04-05 09:32:00,1,463.95,248,248,1,At Risk,0.9307187332149199
16587.0,2011-04-21 15:51:00,2011-04-21 15:51:00,1,225.15,231,231,1,At Risk,0.9576372846604285
16589.0,2011-09-29 14:50:00,2011-07-01 13:31:00,3,459.24,160,70,0,Others,0.383242571857107
16591.0,2011-10-02 10:43:00,2011-10-02 10:43:00,1,213.5,68,68,0,Others,0.02017325664579854
16592.0,2011-12-05 13:49:00,2011-02-25 10:19:00,16,4113.68,287,3,0,Champions,0.036595409884777275
16593.0,2011-10-20 12:41:00,2011-01-16 12:11:00,3,330.03,327,50,0,Others,0.544881978083747
16594.0,2011-09-25 14:08:00,2011-09-25 14:08:00,1,181.09,74,74,0,At Risk,0.03524453021252556
16595.0,2011-10-09 13:15:00,2011-10-09 13:15:00,1,360.16,60,60,0,Others,0.02848685388481694
16596.0,2011-11-24 10:02:00,2010-12-08 16:18:00,2,250.15,365,15,0,Potential Loyalist,0.5942161433079097
16597.0,2011-12-05 15:44:00,2011-12-05 15:44:00,1,90.04,3,3,0,Potential Loyalist,0.028261891214705667
16598.0,2011-02-27 11:42:00,2011-02-27 11:42:00,1,145.05,285,285,1,At Risk,0.9643857751045473
16600.0,2011-12-05 16:00:00,2011-01-05 12:13:00,6,813.52,338,3,0,Loyal Customers,0.18723851023110774
16601.0,2011-10-30 11:09:00,2011-10-30 11:09:00,1,244.8,40,40,0,Others,0.028778147854021198
16602.0,2011-11-03 15:54:00,2011-11-03 15:54:00,1,528.08,35,35,0,Others,0.028966704594452455
16603.0,2011-09-26 10:06:00,2011-09-09 13:02:00,2,482.47,90,74,0,At Risk,0.01821640324404797
16607.0,2011-11-22 10:24:00,2010-12-16 08:41:00,14,3347.71,358,17,0,Loyal Customers,0.04912107533920758
16609.0,2011-11-24 13:32:00,2011-04-01 10:11:00,7,5493.46,252,14,0,Loyal Customers,0.05550188572623682
16610.0,2011-05-04 13:13:00,2011-05-04 13:13:00,1,75.66,218,218,1,At Risk,0.9807603696512984
16611.0,2011-06-06 15:46:00,2011-06-06 15:46:00,1,129.49,185,185,1,At Risk,0.967429862887984
16612.0,2011-11-07 07:38:00,2011-02-01 10:38:00,4,1187.66,311,32,0,Loyal Customers,0.2067517372909406
16613.0,2011-09-30 15:52:00,2011-09-30 15:52:00,1,618.59,69,69,0,Others,0.03225692367866597
16614.0,2011-06-10 11:36:00,2011-06-10 11:36:00,1,506.19,182,182,1,At Risk,0.9121884928505043
16616.0,2011-11-24 16:31:00,2011-07-05 13:38:00,2,500.42,156,14,0,Potential Loyalist,0.41429986241537375
16617.0,2011-04-18 10:35:00,2011-04-18 10:35:00,1,151.85,235,235,1,At Risk,0.9638499574225292
16618.0,2011-11-08 13:52:00,2011-01-21 11:55:00,5,2647.59,322,30,0,Loyal Customers,0.10464545422198426
16619.0,2011-03-21 08:18:00,2011-03-21 08:18:00,1,226.21,263,263,1,At Risk,0.9563831113347806
16620.0,2011-12-06 12:19:00,2011-03-24 10:37:00,2,178.96,260,3,0,Potential Loyalist,0.5859606451003065
16621.0,2011-10-19 11:38:00,2011-03-07 11:32:00,4,813.48,277,51,0,Others,0.22728810688111006
16623.0,2011-04-08 10:09:00,2011-04-08 10:09:00,1,129.45000000000002,245,245,1,At Risk,0.9710946384378971
16624.0,2011-09-20 12:39:00,2011-05-26 14:20:00,2,810.57,196,80,0,At Risk,0.37655296547485023
16625.0,2011-03-10 12:50:00,2011-03-10 12:50:00,1,333.08,274,274,1,At Risk,0.9516769604162475
16626.0,2011-12-09 11:56:00,2011-03-18 12:27:00,17,4413.1,266,0,0,Champions,0.03737966470782818
16627.0,2011-09-21 14:38:00,2011-09-21 14:38:00,1,322.8,78,78,0,At Risk,0.02859749729717051
16628.0,2011-11-10 12:45:00,2011-04-19 08:55:00,5,2188.05,234,29,0,Loyal Customers,0.09879850516577454
16629.0,2011-09-27 10:34:00,2011-09-04 16:12:00,2,417.73,95,73,0,At Risk,0.22893297218741085
16633.0,2011-11-22 13:41:00,2011-04-19 14:36:00,6,2883.1,233,16,0,Loyal Customers,0.07459804573907758
16634.0,2011-05-01 12:09:00,2010-12-02 17:41:00,2,217.9,371,222,1,At Risk,0.573077432166302
16637.0,2011-11-07 13:17:00,2011-04-28 10:20:00,4,1154.47,225,31,0,Loyal Customers,0.14461569707123603
16638.0,2011-11-17 11:09:00,2010-12-06 10:19:00,10,1680.72,368,22,0,Loyal Customers,0.08480760331314784
16639.0,2011-11-08 13:20:00,2011-04-18 09:31:00,3,1257.51,235,30,0,Loyal Customers,0.25845049813313486
16641.0,2011-08-26 12:49:00,2011-08-26 12:49:00,1,231.1,105,105,1,At Risk,0.9369065508115182
16642.0,2011-12-05 11:31:00,2011-05-16 12:35:00,2,688.33,207,4,0,Potential Loyalist,0.384658145724171
16643.0,2011-04-08 08:24:00,2011-04-08 08:24:00,1,487.51,245,245,1,At Risk,0.9315309013250135
16644.0,2011-06-15 12:39:00,2011-05-11 12:53:00,2,833.78,211,177,1,At Risk,0.37500187381094713
16647.0,2011-06-23 11:47:00,2011-05-19 09:31:00,2,214.06,204,169,1,At Risk,0.4815880064540613
16648.0,2011-10-28 08:58:00,2011-10-28 08:58:00,1,290.66,42,42,0,Others,0.02783295172322777
16650.0,2011-09-29 09:51:00,2011-09-29 09:51:00,1,518.42,71,71,0,Others,0.03157540024662637
16652.0,2011-10-12 09:38:00,2011-03-11 13:13:00,7,6773.97,272,58,0,Others,0.0497236123990704
16653.0,2011-11-23 14:51:00,2011-09-29 13:38:00,2,1212.66,70,15,0,Potential Loyalist,0.02779330925712006
16654.0,2011-07-21 15:23:00,2010-12-06 15:09:00,4,601.27,367,140,1,At Risk,0.4534835594680392
16655.0,2011-11-22 11:25:00,2011-01-12 10:16:00,6,3794.52,331,17,0,Loyal Customers,0.07930452442085557
16656.0,2011-11-17 14:43:00,2010-12-10 11:23:00,15,8625.8,364,21,0,Loyal Customers,0.020163154609560675
16657.0,2011-11-30 11:48:00,2011-03-30 12:02:00,4,933.62,254,9,0,Loyal Customers,0.21516248553810297
16658.0,2010-12-06 13:47:00,2010-12-06 13:47:00,1,123.24,367,367,1,At Risk,0.9660549779454705
16659.0,2011-06-03 15:03:00,2011-06-03 15:03:00,1,39.12,188,188,1,At Risk,0.9757887162532868
16660.0,2011-11-23 14:53:00,2011-01-24 12:44:00,4,1267.65,319,15,0,Loyal Customers,0.2092983861477608
16665.0,2010-12-12 14:03:00,2010-12-12 14:03:00,1,135.4,361,361,1,At Risk,0.9707968987433763
16666.0,2011-11-20 14:01:00,2011-11-20 14:01:00,1,118.98,18,18,0,Potential Loyalist,0.036849656611362205
16667.0,2011-10-02 15:26:00,2011-02-28 12:57:00,2,570.13,283,67,0,Others,0.49813621658151985
16668.0,2011-11-24 17:43:00,2011-02-28 12:46:00,6,306.72,284,14,0,Loyal Customers,0.38112416113620334
16669.0,2011-11-16 12:26:00,2011-09-22 14:13:00,3,1374.87,77,23,0,Loyal Customers,0.025212633812732466
16670.0,2011-11-23 09:34:00,2010-12-16 10:30:00,11,4095.9,358,16,0,Loyal Customers,0.04523058576418457
16671.0,2011-11-11 13:40:00,2011-06-28 11:20:00,3,1692.27,164,27,0,Loyal Customers,0.172316589659026
16672.0,2011-12-07 16:29:00,2011-03-18 10:15:00,20,8134.94,266,1,0,Champions,0.035214803289530625
16674.0,2011-10-16 11:31:00,2011-09-02 13:59:00,2,319.61,97,54,0,Others,0.22670430908274672
16676.0,2011-11-06 12:01:00,2011-01-06 13:00:00,4,1592.12,336,33,0,Others,0.20629128201429503
16678.0,2011-12-07 12:17:00,2011-03-02 09:24:00,12,3109.99,282,2,0,Champions,0.05793071798395824
16679.0,2010-12-08 13:51:00,2010-12-08 13:51:00,1,129.75,365,365,1,At Risk,0.9688383825508222
16680.0,2011-10-27 17:35:00,2011-10-27 17:35:00,1,183.7,42,42,0,Others,0.03524453021252556
16681.0,2011-09-28 11:11:00,2011-03-31 13:46:00,6,1770.34,252,72,0,At Risk,0.09298185862457879
16682.0,2011-12-05 12:13:00,2011-06-05 11:02:00,5,1028.0,187,4,0,Loyal Customers,0.10213651163033283
16684.0,2011-12-05 14:06:00,2010-12-16 17:34:00,28,66653.56,357,3,0,Champions,0.03399657671642684
16685.0,2011-10-09 13:58:00,2011-10-09 13:44:00,2,324.24,60,60,0,Others,0.021517637776084
16686.0,2011-10-23 13:49:00,2010-12-19 14:41:00,7,3062.83,354,46,0,Others,0.07699637341087405
16688.0,2011-12-08 15:24:00,2011-10-10 12:23:00,4,1260.86,60,0,0,Loyal Customers,0.024394073210508887
16689.0,2011-09-25 11:39:00,2011-09-18 13:29:00,2,422.6,81,75,0,At Risk,0.020935044596677846
16690.0,2011-09-28 15:02:00,2011-05-22 10:53:00,2,225.58,201,71,0,Others,0.47882619277508576
16692.0,2011-03-28 14:46:00,2011-02-23 15:41:00,2,1276.0,288,255,1,At Risk,0.4620137707094393
16693.0,2011-10-02 11:10:00,2011-03-13 11:06:00,2,482.01,271,68,0,Others,0.49673610640066657
16696.0,2011-07-27 14:23:00,2011-04-05 15:20:00,4,657.9,247,134,1,At Risk,0.2836851114660487
16697.0,2011-04-12 17:12:00,2011-04-12 17:12:00,1,112.75,240,240,1,At Risk,0.9729606320122258
16698.0,2011-04-27 10:52:00,2011-03-31 13:33:00,2,1998.0,252,226,1,At Risk,0.37614109134652596
16700.0,2011-12-01 11:00:00,2010-12-08 16:34:00,13,5076.55,365,8,0,Champions,0.028032109416871037
16701.0,2011-12-01 11:10:00,2010-12-13 11:51:00,13,5398.3,361,8,0,Champions,0.029142266020151405
16705.0,2011-12-09 12:08:00,2010-12-16 10:51:00,20,14034.99,358,0,0,Champions,0.03063822165013156
16706.0,2011-11-02 13:50:00,2011-08-17 15:53:00,3,531.35,113,36,0,Others,0.22151644250262614
16708.0,2011-10-25 12:20:00,2011-10-25 12:20:00,1,656.63,45,45,0,Others,0.01616584562212273
16709.0,2011-09-16 10:56:00,2011-03-03 10:55:00,5,3029.87,281,84,0,At Risk,0.08804925052461639
16710.0,2011-11-20 14:50:00,2010-12-06 13:13:00,10,2483.04,367,18,0,Loyal Customers,0.05278182871111426
16711.0,2011-12-06 16:32:00,2010-12-17 12:43:00,5,1651.03,357,2,0,Loyal Customers,0.14226590862157898
16712.0,2011-11-30 13:48:00,2011-03-08 15:07:00,11,3645.43,275,8,0,Champions,0.05823862684676091
16713.0,2011-11-21 12:36:00,2010-12-08 13:01:00,15,6923.13,365,18,0,Loyal Customers,0.022027923309375336
16714.0,2011-05-05 11:09:00,2011-01-26 13:40:00,3,1161.53,316,218,1,At Risk,0.3706033886508898
16715.0,2011-09-22 18:15:00,2011-09-22 18:15:00,1,301.72,77,77,0,At Risk,0.02859749729717051
16716.0,2011-03-18 10:03:00,2011-02-01 15:35:00,2,901.2,310,266,1,At Risk,0.5084222712196859
16717.0,2011-11-16 12:16:00,2010-12-08 16:48:00,6,3858.38,365,23,0,Loyal Customers,0.0633617005893802
16718.0,2010-12-05 13:03:00,2010-12-05 13:03:00,1,623.75,368,368,1,At Risk,0.8977196558989159
16719.0,2011-11-25 09:27:00,2010-12-06 12:06:00,7,1790.42,368,14,0,Loyal Customers,0.07585506634407177
16720.0,2011-11-13 16:22:00,2011-11-13 16:22:00,1,155.24,25,25,0,Potential Loyalist,0.043599120890594596
16721.0,2011-03-22 16:08:00,2011-03-22 16:08:00,1,292.47,261,261,1,At Risk,0.9543263188839383
16722.0,2011-11-22 13:28:00,2010-12-06 12:59:00,13,4730.81,367,16,0,Loyal Customers,0.026856762060948305
16723.0,2011-09-09 13:01:00,2011-08-24 11:31:00,2,589.15,107,90,0,At Risk,0.28728666274766934
16725.0,2011-02-10 16:52:00,2010-12-03 16:02:00,7,781.02,370,301,1,At Risk,0.23918533817398127
16726.0,2011-11-13 14:53:00,2010-12-13 13:28:00,5,1382.02,360,25,0,Loyal Customers,0.1428299843296867
16727.0,2010-12-10 13:48:00,2010-12-10 13:48:00,1,272.82,363,363,1,At Risk,0.9567212733694036
16728.0,2011-10-24 14:36:00,2011-03-20 13:28:00,4,1054.67,263,45,0,Others,0.2122629577972152
16729.0,2011-11-01 14:29:00,2011-04-12 14:22:00,21,7239.92,240,37,0,Others,0.037539189893817985
16730.0,2011-10-18 14:11:00,2011-01-24 14:01:00,3,743.11,318,51,0,Others,0.4184082872600397
16732.0,2011-11-08 09:54:00,2011-11-08 09:54:00,1,603.75,31,31,0,Potential Loyalist,0.03561818564365134
16734.0,2011-10-18 13:44:00,2011-08-17 15:00:00,3,650.51,113,51,0,Others,0.1636194704745713
16735.0,2011-09-22 11:49:00,2011-01-09 12:53:00,5,2300.56,333,78,0,At Risk,0.11782457919978497
16737.0,2011-10-17 13:03:00,2011-10-17 13:03:00,1,417.6,52,52,0,Others,0.0323679106966485
16738.0,2011-02-15 09:46:00,2011-02-15 09:46:00,1,3.75,297,297,1,At Risk,0.975018171210182
16739.0,2011-06-16 09:17:00,2011-06-16 09:17:00,1,323.0,176,176,1,At Risk,0.9350181411174334
16742.0,2011-10-24 12:02:00,2011-10-24 12:02:00,1,464.9,46,46,0,Others,0.03157540024662637
16743.0,2011-11-10 13:13:00,2010-12-16 12:15:00,7,2238.09,358,28,0,Loyal Customers,0.08402917428240919
16744.0,2011-11-28 13:06:00,2011-06-19 15:13:00,7,1304.76,172,10,0,Loyal Customers,0.06269424415048713
16745.0,2011-09-14 11:58:00,2011-02-01 11:31:00,17,7194.3,311,86,0,At Risk,0.03598404379927032
16746.0,2011-12-05 12:33:00,2010-12-16 11:43:00,18,6697.66,358,4,0,Champions,0.03453353596654098
16747.0,2011-11-02 11:37:00,2011-10-03 10:18:00,2,836.0600000000001,67,37,0,Others,0.01980480431125571
16748.0,2011-11-22 10:17:00,2011-01-09 13:50:00,5,1515.9,333,17,0,Loyal Customers,0.13783578821706588
16750.0,2011-10-26 12:48:00,2011-04-21 16:53:00,5,623.93,231,44,0,Others,0.2956197760621976
16751.0,2011-11-09 10:48:00,2011-11-09 10:48:00,1,1764.72,30,30,0,Potential Loyalist,0.030076942634704354
16752.0,2010-12-02 12:18:00,2010-12-02 12:18:00,1,207.5,372,372,1,At Risk,0.9641220414058932
16753.0,2011-10-12 13:14:00,2011-10-12 13:14:00,1,223.92,57,57,0,Others,0.02523278045532235
16754.0,2010-12-02 17:38:00,2010-12-02 17:38:00,1,2002.4,371,371,1,At Risk,0.8173075589348328
16755.0,2011-08-17 13:21:00,2011-01-28 10:47:00,3,1496.83,315,113,1,At Risk,0.3588239374569531
16756.0,2011-05-09 09:33:00,2011-05-09 09:33:00,1,239.4,214,214,1,At Risk,0.9558228029033381
16757.0,2011-01-25 11:59:00,2011-01-25 11:59:00,1,106.83,318,318,1,At Risk,0.9690162653656951
16758.0,2011-10-05 14:47:00,2011-10-05 14:47:00,1,369.34,64,64,0,Others,0.030681603579566636
16759.0,2011-12-02 12:42:00,2011-11-09 09:06:00,3,789.79,30,7,0,Loyal Customers,0.026089470898577827
16761.0,2011-09-04 11:15:00,2011-09-04 11:15:00,1,316.62,96,96,1,At Risk,0.9188657864469019
16762.0,2011-11-20 11:43:00,2011-07-18 12:52:00,3,1501.38,143,19,0,Loyal Customers,0.13475546376874456
16763.0,2011-05-25 11:52:00,2011-05-25 11:52:00,1,611.8499999999999,198,198,1,At Risk,0.9101177834355796
16764.0,2011-12-06 11:41:00,2011-07-19 17:17:00,13,2799.25,142,3,0,Champions,0.04352185159439249
16765.0,2011-02-18 15:41:00,2011-02-18 15:41:00,1,34.0,293,293,1,At Risk,0.9749986906907014
16766.0,2011-03-11 15:22:00,2011-03-11 13:34:00,2,1145.6,272,272,1,At Risk,0.4969837149962463
16767.0,2011-11-09 09:42:00,2011-01-27 13:38:00,11,5580.6,315,30,0,Loyal Customers,0.03972195366065424
16768.0,2011-10-23 10:38:00,2011-03-13 10:25:00,3,478.09,271,47,0,Others,0.4618283222035919
16769.0,2011-03-24 13:41:00,2011-03-24 13:41:00,1,380.39,259,259,1,At Risk,0.9441534502766019
16770.0,2011-10-13 12:21:00,2010-12-02 15:49:00,5,770.1,371,57,0,Others,0.22322691128428396
16771.0,2011-11-06 13:28:00,2011-01-05 13:57:00,5,2246.81,337,32,0,Loyal Customers,0.13553277168319064
16773.0,2011-10-13 14:37:00,2011-10-13 14:37:00,1,171.59,56,56,0,Others,0.0277526834648491
16774.0,2011-10-03 12:41:00,2011-06-14 12:45:00,4,661.52,178,67,0,Others,0.15918771865203327
16775.0,2011-11-29 15:22:00,2010-12-07 15:15:00,11,1695.66,366,9,0,Loyal Customers,0.08588511391347105
16776.0,2011-10-10 13:04:00,2011-10-10 13:04:00,1,388.28,59,59,0,Others,0.03311883301679608
16777.0,2011-09-20 13:41:00,2011-03-27 14:34:00,2,226.35,256,79,0,At Risk,0.5309643383436048
16778.0,2011-09-26 13:48:00,2011-03-10 15:21:00,2,245.94,273,73,0,At Risk,0.5295867133719405
16779.0,2011-12-07 14:54:00,2010-12-08 09:56:00,22,10629.72,366,1,0,Champions,0.016576782499840983
16780.0,2011-08-31 16:09:00,2011-03-25 17:34:00,2,425.19,258,99,1,At Risk,0.5578316133663511
16781.0,2010-12-02 14:26:00,2010-12-02 14:26:00,1,311.25,371,371,1,At Risk,0.9567074122134531
16782.0,2011-11-29 13:20:00,2010-12-09 11:28:00,13,2279.9,365,9,0,Champions,0.06256477192400697
16784.0,2011-11-20 12:20:00,2011-11-20 12:20:00,1,107.6,19,19,0,Potential Loyalist,0.028183635995173612
16788.0,2011-08-08 14:53:00,2011-03-30 13:05:00,2,597.48,253,122,1,At Risk,0.515543133589837
16789.0,2011-12-01 15:12:00,2011-12-01 15:12:00,1,80.80000000000001,7,7,0,Potential Loyalist,0.02699752339861371
16790.0,2011-12-06 11:53:00,2011-11-02 11:23:00,6,1545.62,37,3,0,Loyal Customers,0.021495717197213188
16791.0,2011-11-10 19:12:00,2011-01-11 15:42:00,7,1721.78,331,28,0,Loyal Customers,0.0809455129721293
16792.0,2011-03-02 14:41:00,2011-03-02 14:39:00,2,110.38,281,281,1,At Risk,0.7237507584170997
16793.0,2011-10-13 15:08:00,2011-10-13 15:08:00,1,243.84,56,56,0,Others,0.028778147854021198
16794.0,2011-12-08 17:54:00,2011-06-12 14:15:00,10,1222.71,179,0,0,Loyal Customers,0.060462550593734024
16795.0,2010-12-09 14:08:00,2010-12-09 14:08:00,1,414.88,364,364,1,At Risk,0.9350561451304542
16796.0,2011-09-11 14:01:00,2011-09-11 14:01:00,1,305.62,88,88,0,At Risk,0.02859749729717051
16800.0,2011-11-28 14:06:00,2011-11-28 14:06:00,1,1201.49,10,10,0,Potential Loyalist,0.02462650011327177
16801.0,2011-06-29 15:33:00,2011-03-11 13:56:00,4,1619.73,272,162,1,At Risk,0.20031045178341236
16803.0,2011-10-05 14:28:00,2011-10-05 14:28:00,1,332.3,64,64,0,Others,0.0306601604825491
16804.0,2011-11-16 16:43:00,2011-03-14 15:48:00,3,536.99,269,22,0,Loyal Customers,0.4286102142831153
16805.0,2011-06-19 11:23:00,2010-12-14 13:35:00,2,460.59,359,173,1,At Risk,0.5682229189635146
16806.0,2011-08-28 15:27:00,2011-04-14 19:59:00,4,801.49,238,102,1,At Risk,0.22122318113248413
16807.0,2011-07-20 12:00:00,2011-03-14 09:46:00,3,1121.59,270,142,1,At Risk,0.34190216377001337
16808.0,2011-09-01 19:34:00,2011-03-10 19:05:00,2,288.42,273,98,1,At Risk,0.5441324159513402
16809.0,2011-11-16 15:45:00,2011-03-22 15:20:00,5,914.69,261,22,0,Loyal Customers,0.17218626588353106
16810.0,2011-05-31 15:32:00,2011-05-31 15:32:00,1,309.54,191,191,1,At Risk,0.9478322528707263
16811.0,2011-12-05 11:39:00,2011-11-22 17:19:00,2,547.07,16,4,0,Potential Loyalist,0.033435633502058325
16812.0,2010-12-14 12:35:00,2010-12-14 12:35:00,1,479.35,360,360,1,At Risk,0.9209912038596444
16813.0,2011-12-01 14:03:00,2011-05-19 13:28:00,10,1692.98,203,7,0,Loyal Customers,0.06179732373761409
16814.0,2011-11-25 13:27:00,2010-12-05 11:45:00,21,6509.1,369,13,0,Loyal Customers,0.020274992557478735
16816.0,2011-08-28 14:16:00,2010-12-16 17:01:00,4,417.06,357,102,1,At Risk,0.478705811647618
16817.0,2011-12-07 11:03:00,2010-12-06 14:19:00,9,1604.75,367,2,0,Loyal Customers,0.10068937028036724
16818.0,2011-11-29 10:41:00,2011-05-18 11:42:00,11,3349.57,205,10,0,Champions,0.047684394253807966
16820.0,2011-09-05 12:06:00,2011-09-05 12:06:00,1,497.61,95,95,1,At Risk,0.8950587997594869
16823.0,2011-04-26 15:00:00,2011-04-26 15:00:00,1,358.38,226,226,1,At Risk,0.9478309947359977
16824.0,2011-11-24 12:38:00,2011-06-28 13:36:00,2,460.64,163,15,0,Potential Loyalist,0.41398704878217657
16825.0,2011-11-01 11:51:00,2011-06-07 09:44:00,2,775.18,185,38,0,Others,0.36458593133079165
16826.0,2011-10-19 14:05:00,2011-10-19 14:05:00,1,341.7,50,50,0,Others,0.021541167787968055
16828.0,2011-09-07 15:10:00,2011-08-19 13:24:00,2,128.5,111,92,1,At Risk,0.6349011295801197
16829.0,2011-07-06 10:48:00,2011-07-06 10:48:00,1,197.22,156,156,1,At Risk,0.9542957303447942
16830.0,2011-11-01 11:35:00,2011-11-01 11:35:00,1,325.91,38,38,0,Others,0.02859749729717051
16832.0,2011-06-08 15:36:00,2011-05-06 14:12:00,3,199.15,216,183,1,At Risk,0.5804128402380944
16833.0,2011-12-08 14:39:00,2011-01-09 13:02:00,4,1106.53,333,0,0,Loyal Customers,0.22596619801605897
16834.0,2011-04-26 09:37:00,2011-04-26 09:37:00,1,413.46,227,227,1,At Risk,0.9367395592671356
16835.0,2011-08-03 13:50:00,2010-12-01 17:15:00,2,180.85,372,127,1,At Risk,0.6113429201017123
16836.0,2011-10-31 10:05:00,2011-08-15 12:38:00,2,251.87,116,39,0,Others,0.2894366208139473
16837.0,2011-11-08 14:27:00,2011-04-08 08:48:00,11,3170.98,245,30,0,Loyal Customers,0.05715124539117857
16838.0,2011-05-26 13:13:00,2011-02-24 15:01:00,2,588.85,287,196,1,At Risk,0.5045694367194763
16839.0,2011-12-01 09:03:00,2010-12-05 11:15:00,34,16594.35,369,8,0,Champions,0.020914050230087283
16841.0,2011-11-03 11:51:00,2011-02-25 12:40:00,6,1869.82,287,36,0,Others,0.0972571873399271
16842.0,2011-08-31 10:42:00,2011-02-10 14:51:00,3,1264.19,301,100,1,At Risk,0.373597117981686
16843.0,2011-10-28 09:06:00,2011-01-16 16:10:00,16,10196.57,326,42,0,Others,0.027299094991583023
16846.0,2011-10-20 13:55:00,2011-10-20 13:55:00,1,214.32,49,49,0,Others,0.02017325664579854
16847.0,2011-10-27 13:29:00,2011-10-27 13:29:00,1,193.44,42,42,0,Others,0.030735043368838633
16848.0,2011-10-18 08:42:00,2011-10-18 08:42:00,1,281.42,52,52,0,Others,0.02783295172322777
16849.0,2011-06-06 09:16:00,2011-06-06 09:16:00,1,124.57,186,186,1,At Risk,0.9635997828079038
16850.0,2011-01-10 11:09:00,2011-01-10 11:09:00,1,332.41,333,333,1,At Risk,0.9571746968998228
16851.0,2011-12-05 13:32:00,2011-10-19 09:48:00,3,342.45,51,3,0,Loyal Customers,0.03599729922998957
16852.0,2011-11-29 13:22:00,2011-06-16 15:49:00,2,144.91,175,9,0,Potential Loyalist,0.6221999064204534
16855.0,2011-11-16 12:03:00,2011-10-27 16:31:00,2,328.40000000000003,42,23,0,Potential Loyalist,0.019465006197136626
16856.0,2011-11-25 08:59:00,2011-11-25 08:59:00,1,35.400000000000006,14,14,0,Potential Loyalist,0.025028121797352428
16858.0,2010-12-06 09:52:00,2010-12-06 09:52:00,1,375.69000000000005,368,368,1,At Risk,0.9365103127705813
16859.0,2011-07-18 12:19:00,2011-03-23 13:39:00,2,747.81,260,144,1,At Risk,0.4870645669443271
16861.0,2011-10-11 09:05:00,2011-07-04 15:38:00,2,173.76,157,59,0,Others,0.4768028969727387
16863.0,2011-11-08 15:26:00,2010-12-08 08:58:00,2,502.8,366,30,0,Potential Loyalist,0.5047357198517433
16866.0,2011-07-22 10:06:00,2011-07-01 12:34:00,3,207.74,161,140,1,At Risk,0.48503618113996055
16869.0,2011-11-17 12:02:00,2011-06-17 13:01:00,4,825.4200000000001,174,22,0,Loyal Customers,0.11312637447768319
16871.0,2011-11-17 19:27:00,2011-03-14 10:31:00,6,2812.34,270,21,0,Loyal Customers,0.08272442179743489
16872.0,2011-09-23 16:05:00,2011-06-08 14:32:00,3,680.02,183,76,0,At Risk,0.23085258025221264
16873.0,2011-12-05 12:05:00,2010-12-10 15:45:00,6,7123.62,363,4,0,Champions,0.07211224388951401
16875.0,2011-10-03 13:39:00,2011-01-04 10:37:00,5,2095.53,339,66,0,Others,0.1295847185149635
16877.0,2011-11-27 13:47:00,2011-05-15 16:13:00,6,853.72,207,11,0,Loyal Customers,0.11439606855778361
16878.0,2011-09-16 17:39:00,2011-09-16 17:39:00,1,13.3,83,83,0,At Risk,0.025047602316832947
16880.0,2011-11-09 11:33:00,2011-06-03 16:45:00,7,1519.08,188,30,0,Loyal Customers,0.060860447664010754
16881.0,2011-10-04 10:33:00,2011-10-04 10:33:00,1,432.0,66,66,0,Others,0.025664191985844062
16882.0,2011-10-04 10:42:00,2011-01-26 17:43:00,3,705.12,316,66,0,Others,0.4189005614830824
16883.0,2011-06-05 12:51:00,2010-12-03 10:33:00,2,276.73,371,186,1,At Risk,0.5885352712353187
16884.0,2011-11-02 11:52:00,2011-11-02 10:16:00,2,429.84,37,37,0,Others,0.020935044596677846
16885.0,2011-11-24 13:40:00,2010-12-17 17:23:00,3,471.51,356,14,0,Loyal Customers,0.5245995095326184
16887.0,2011-11-04 14:07:00,2011-11-04 14:07:00,1,194.88,34,34,0,Others,0.025735043368838632
16889.0,2011-05-29 11:05:00,2011-01-07 10:47:00,3,1578.67,336,194,1,At Risk,0.3622232808435365
16891.0,2011-12-08 11:15:00,2010-12-03 11:35:00,5,809.7,371,1,0,Loyal Customers,0.22021027829193152
16892.0,2011-12-08 13:18:00,2011-06-09 11:35:00,5,525.54,183,0,0,Loyal Customers,0.2249456589434057
16893.0,2010-12-08 12:06:00,2010-12-08 12:06:00,1,145.93,366,366,1,At Risk,0.9618838736170404
16895.0,2011-10-06 12:15:00,2011-10-06 12:15:00,1,219.14,64,64,0,Others,0.02017325664579854
16897.0,2011-02-13 15:02:00,2011-01-30 11:52:00,2,289.78,313,298,1,At Risk,0.569109085621372
16898.0,2011-11-13 15:44:00,2010-12-06 12:23:00,3,508.81,368,25,0,Loyal Customers,0.4536743984593782
16899.0,2011-12-02 12:03:00,2010-12-14 13:11:00,6,1281.56,359,7,0,Loyal Customers,0.12966076447981723
16900.0,2011-11-23 10:32:00,2011-10-07 13:17:00,3,887.11,62,16,0,Loyal Customers,0.025957682270045176
16902.0,2011-08-15 14:17:00,2011-08-15 14:17:00,1,1706.88,115,115,1,At Risk,0.8454679528948081
16903.0,2011-11-10 15:32:00,2011-11-10 15:32:00,1,373.24,28,28,0,Potential Loyalist,0.030681603579566636
16904.0,2011-12-05 13:10:00,2010-12-07 13:29:00,16,3754.27,366,3,0,Champions,0.02434547219871301
16905.0,2011-12-04 14:01:00,2010-12-03 10:43:00,7,3102.43,371,4,0,Champions,0.05086343262882258
16906.0,2011-09-19 11:49:00,2011-04-05 12:30:00,4,579.77,248,81,0,At Risk,0.384298217395645
16907.0,2011-11-10 18:04:00,2010-12-09 16:52:00,5,981.65,364,28,0,Loyal Customers,0.1885790812441475
16909.0,2011-09-28 16:45:00,2011-09-28 16:45:00,1,379.14,71,71,0,Others,0.030681603579566636
16910.0,2011-12-05 12:51:00,2011-09-09 14:14:00,8,1510.06,90,3,0,Loyal Customers,0.01780306700070891
16912.0,2011-11-11 12:18:00,2011-01-20 15:42:00,11,2575.38,322,28,0,Loyal Customers,0.06113883956094342
16913.0,2011-02-22 12:56:00,2011-02-22 12:56:00,1,113.44,289,289,1,At Risk,0.969372545215458
16914.0,2011-11-03 15:27:00,2011-11-03 15:27:00,1,208.46,35,35,0,Others,0.04187325664579854
16915.0,2011-11-30 16:39:00,2011-03-01 09:52:00,6,621.6800000000001,283,8,0,Loyal Customers,0.3085165758392146
16916.0,2011-11-16 12:08:00,2010-12-02 13:14:00,2,576.26,371,23,0,Potential Loyalist,0.5073307818267461
16917.0,2011-03-08 11:55:00,2011-03-08 11:55:00,1,391.52,276,276,1,At Risk,0.9386074252684671
16918.0,2011-10-21 12:50:00,2011-01-26 17:37:00,6,1068.82,316,49,0,Others,0.16856767184824897
16919.0,2011-07-06 13:35:00,2010-12-06 12:52:00,11,2596.45,367,155,1,At Risk,0.05587992388708218
16921.0,2011-10-09 16:22:00,2011-10-09 16:22:00,1,169.79,60,60,0,Others,0.0294526834648491
16923.0,2011-11-27 13:00:00,2010-12-12 11:06:00,19,7247.61,362,11,0,Champions,0.02470185638551943
16924.0,2011-11-18 12:53:00,2011-09-16 12:54:00,3,846.75,83,20,0,Loyal Customers,0.024695418324476984
16926.0,2010-12-03 13:42:00,2010-12-03 13:42:00,1,230.25,370,370,1,At Risk,0.9553448721203637
16927.0,2011-08-16 11:10:00,2010-12-13 11:57:00,3,543.05,361,115,1,At Risk,0.47777639795091514
16928.0,2011-09-20 15:10:00,2010-12-01 15:21:00,17,2847.6,372,79,0,At Risk,0.04704827985543484
16929.0,2011-12-06 08:37:00,2011-07-07 12:39:00,7,1295.39,155,3,0,Loyal Customers,0.060927735148313296
16930.0,2011-11-13 16:13:00,2011-10-02 14:25:00,3,380.55,67,25,0,Loyal Customers,0.044274941097166336
16931.0,2011-12-04 13:15:00,2010-12-05 11:40:00,21,4604.22,369,4,0,Champions,0.02157963049685932
16932.0,2011-10-17 14:12:00,2011-10-17 14:12:00,1,161.94,52,52,0,Others,0.0294526834648491
16933.0,2011-12-08 12:54:00,2011-04-14 13:33:00,2,563.23,238,0,0,Potential Loyalist,0.513078454183464
16934.0,2011-10-16 12:40:00,2011-10-16 12:25:00,2,950.93,54,54,0,Others,0.023692652126466235
16936.0,2011-11-14 11:04:00,2011-11-14 11:04:00,1,262.68,25,25,0,Potential Loyalist,0.02783295172322777
16938.0,2011-12-01 10:20:00,2011-02-04 09:34:00,4,2736.38,308,8,0,Loyal Customers,0.16525178159391132
16940.0,2011-10-18 13:15:00,2011-02-23 12:27:00,3,3049.88,289,51,0,Others,0.323921021008765
16942.0,2011-11-27 12:40:00,2011-04-26 11:59:00,9,1920.59,227,12,0,Loyal Customers,0.06976814050155061
16943.0,2011-05-12 11:57:00,2011-01-25 14:00:00,3,816.73,317,211,1,At Risk,0.41516526996822584
16945.0,2011-11-18 11:39:00,2010-12-16 17:49:00,19,4345.5,357,21,0,Loyal Customers,0.04079912779405152
16947.0,2011-04-18 09:38:00,2011-04-18 09:38:00,1,406.48,235,235,1,At Risk,0.9357591671102728
16948.0,2011-07-24 12:46:00,2011-01-18 10:58:00,3,435.02,325,138,1,At Risk,0.5814552410477909
16949.0,2011-12-06 11:07:00,2011-01-27 12:11:00,6,1286.27,316,3,0,Loyal Customers,0.13270411449611347
16950.0,2011-10-14 09:06:00,2010-12-07 15:20:00,3,1178.56,366,56,0,Others,0.32790293524718517
16951.0,2011-07-28 12:05:00,2011-02-08 14:58:00,3,1277.75,303,134,1,At Risk,0.37613810158824335
16952.0,2011-08-22 13:03:00,2011-08-22 12:58:00,2,167.61,108,108,1,At Risk,0.6274482632254444
16953.0,2011-11-09 15:54:00,2011-11-09 15:54:00,1,20.8,29,29,0,Potential Loyalist,0.025028121797352428
16954.0,2011-12-09 09:46:00,2010-12-15 10:41:00,9,2085.08,359,0,0,Champions,0.08537290205664665
16955.0,2011-06-08 10:36:00,2010-12-01 13:31:00,4,518.67,372,184,1,At Risk,0.46833881012940126
16956.0,2011-11-22 08:56:00,2011-11-22 08:56:00,1,308.74,17,17,0,Potential Loyalist,0.02859749729717051
16957.0,2011-04-14 13:56:00,2011-03-03 09:25:00,2,416.64,281,238,1,At Risk,0.5455432582101531
16959.0,2011-09-13 15:03:00,2011-09-13 15:03:00,1,117.35,86,86,0,At Risk,0.06922871030620538
16960.0,2011-11-01 11:35:00,2011-04-01 11:54:00,3,507.05,252,38,0,Others,0.4636891048994763
16961.0,2011-08-15 13:46:00,2011-08-15 13:46:00,1,234.17,115,115,1,At Risk,0.9419065508115182
16963.0,2011-06-05 13:48:00,2011-06-05 13:48:00,1,110.55,186,186,1,At Risk,0.9702380806802442
16965.0,2011-04-27 12:08:00,2011-04-27 12:08:00,1,201.19,226,226,1,At Risk,0.9675521516621386
16966.0,2011-12-01 13:40:00,2011-04-13 14:17:00,7,2154.97,239,7,0,Champions,0.07244719814883978
16967.0,2011-06-03 14:24:00,2011-06-03 14:24:00,1,319.02,188,188,1,At Risk,0.9353038840764001
16968.0,2011-12-05 15:02:00,2011-08-24 10:51:00,2,439.43,107,3,0,Potential Loyalist,0.2722172947345251
16969.0,2011-10-31 13:12:00,2011-06-01 12:10:00,3,650.41,191,38,0,Others,0.22987148112082548
16971.0,2011-11-01 15:06:00,2011-11-01 15:06:00,1,357.21,37,37,0,Others,0.02848685388481694
16976.0,2011-03-17 16:33:00,2011-03-17 16:33:00,1,251.52,266,266,1,At Risk,0.9529831868708327
16978.0,2011-09-23 12:50:00,2011-09-23 12:50:00,1,344.33,77,77,0,At Risk,0.023913260811223868
16979.0,2011-12-06 12:21:00,2011-02-15 09:20:00,6,1852.0,297,3,0,Loyal Customers,0.09851353501544093
16980.0,2011-03-29 16:36:00,2011-02-21 12:58:00,2,1078.96,290,254,1,At Risk,0.4920916056444471
16982.0,2011-10-10 12:28:00,2011-10-10 12:28:00,1,384.06,60,60,0,Others,0.031166452064415123
16983.0,2011-11-27 12:10:00,2010-12-05 12:34:00,7,1931.25,369,12,0,Loyal Customers,0.07359280013091939
16984.0,2011-09-12 13:43:00,2011-08-01 17:37:00,2,4481.35,129,87,0,At Risk,0.25480050163674456
16985.0,2011-11-22 13:33:00,2010-12-16 10:38:00,10,5464.12,358,16,0,Loyal Customers,0.04319067840897135
16986.0,2011-11-10 11:55:00,2011-11-09 15:52:00,2,1873.2,29,29,0,Potential Loyalist,0.03021253723454135
16987.0,2011-12-06 17:26:00,2011-05-18 15:55:00,7,1625.05,204,2,0,Loyal Customers,0.06434836300228128
16988.0,2011-12-04 16:02:00,2011-12-04 16:02:00,1,126.12,4,4,0,Potential Loyalist,0.03448123555873063
16989.0,2011-12-02 16:39:00,2011-07-12 09:11:00,6,1133.25,150,6,0,Loyal Customers,0.08015492542916831
16990.0,2011-05-05 08:30:00,2011-05-05 08:30:00,1,179.0,218,218,1,At Risk,0.9695705803739355
16992.0,2011-11-29 11:50:00,2011-02-28 10:37:00,5,1614.31,284,10,0,Loyal Customers,0.12699827441316738
16996.0,2011-11-09 16:43:00,2010-12-21 13:22:00,6,1456.96,352,29,0,Loyal Customers,0.1274661639600188
16997.0,2011-02-24 17:28:00,2011-01-18 11:51:00,3,702.0,325,287,1,At Risk,0.4451306137662987
16998.0,2011-07-13 09:44:00,2011-02-08 15:42:00,4,295.0,303,149,1,At Risk,0.4740075248748637
16999.0,2011-11-16 13:53:00,2011-09-26 15:43:00,2,484.82,73,22,0,Potential Loyalist,0.01821640324404797
17001.0,2011-12-09 09:38:00,2010-12-16 09:35:00,11,3989.57,358,0,0,Champions,0.047401348224537336
17002.0,2011-09-15 12:40:00,2011-02-22 11:46:00,3,1493.73,290,85,0,At Risk,0.34469606602877106
17004.0,2011-10-24 14:25:00,2011-09-08 12:16:00,2,1412.94,92,45,0,Others,0.09533287260118527
17006.0,2011-12-05 12:09:00,2011-09-25 12:15:00,4,781.78,75,4,0,Loyal Customers,0.027302466707709173
17007.0,2011-10-20 10:47:00,2010-12-17 13:57:00,6,889.9300000000001,356,50,0,Others,0.1716489822578735
17010.0,2011-11-21 14:49:00,2011-11-21 14:49:00,1,195.36,17,17,0,Potential Loyalist,0.025735043368838632
17011.0,2011-11-09 13:30:00,2011-11-09 13:30:00,1,270.9,29,29,0,Potential Loyalist,0.02783295172322777
17014.0,2011-12-01 14:09:00,2011-10-04 11:36:00,3,586.33,66,7,0,Loyal Customers,0.025515527051148013
17015.0,2011-11-11 10:45:00,2011-06-07 13:19:00,3,1842.56,184,28,0,Loyal Customers,0.13883634038591997
17017.0,2011-12-07 09:32:00,2010-12-02 10:17:00,20,8694.26,372,2,0,Champions,0.027069731105724165
17018.0,2011-10-30 11:42:00,2011-01-18 08:46:00,2,920.1,325,40,0,Others,0.5133929956348604
17019.0,2011-11-28 13:06:00,2010-12-06 12:55:00,4,1272.61,367,10,0,Loyal Customers,0.22637237975564567
17022.0,2011-11-08 17:09:00,2011-11-08 17:09:00,1,71.0,30,30,0,Potential Loyalist,0.027972798123888438
17024.0,2011-10-25 13:47:00,2011-07-05 09:31:00,3,95.85,157,44,0,Others,0.3989260482777528
17025.0,2011-10-10 09:06:00,2010-12-01 15:45:00,3,357.77,372,60,0,Others,0.5388915608181108
17026.0,2011-06-07 14:28:00,2010-12-05 12:47:00,2,154.83,369,184,1,At Risk,0.7389027146727863
17027.0,2011-09-22 12:24:00,2011-01-26 14:19:00,6,890.29,316,78,0,At Risk,0.17431768234079953
17029.0,2011-08-21 11:06:00,2011-04-17 10:57:00,2,716.0,236,110,1,At Risk,0.45909385186308244
17030.0,2011-10-07 08:49:00,2011-10-07 08:49:00,1,146.87,63,63,0,Others,0.045448897047119206
17031.0,2011-11-28 10:23:00,2011-07-08 09:38:00,2,380.35,154,11,0,Potential Loyalist,0.4012888088384333
17033.0,2011-09-14 14:34:00,2010-12-15 13:21:00,3,1030.14,358,85,0,At Risk,0.39146923312469367
17034.0,2011-11-23 15:14:00,2011-02-25 10:10:00,3,745.52,287,15,0,Loyal Customers,0.37993754761124715
17035.0,2011-04-08 11:23:00,2011-02-01 12:27:00,2,433.53,311,245,1,At Risk,0.5564005736875027
17037.0,2011-09-13 12:49:00,2011-09-13 12:49:00,1,1267.32,87,87,0,At Risk,0.029626500113271767
17038.0,2011-11-09 13:50:00,2011-11-09 13:50:00,1,112.4,29,29,0,Potential Loyalist,0.03111953343107105
17040.0,2011-07-25 10:19:00,2011-07-25 10:19:00,1,449.73,137,137,1,At Risk,0.9166554898082541
17041.0,2011-11-13 11:21:00,2010-12-14 11:43:00,3,1081.57,360,26,0,Loyal Customers,0.36493142361852704
17042.0,2011-12-07 12:26:00,2011-04-06 14:53:00,5,1044.38,246,2,0,Loyal Customers,0.15629533582314237
17043.0,2011-11-07 15:33:00,2011-03-18 14:53:00,4,1735.18,265,31,0,Loyal Customers,0.18211881408950756
17044.0,2011-11-14 14:28:00,2011-11-14 14:28:00,1,948.48,24,24,0,Potential Loyalist,0.02075476469526722
17045.0,2011-08-18 17:09:00,2011-04-06 12:08:00,3,339.44,247,112,1,At Risk,0.5396344423782984
17046.0,2011-07-05 14:24:00,2011-07-05 14:24:00,1,642.02,156,156,1,At Risk,0.8675039756739276
17047.0,2011-09-15 13:27:00,2011-05-18 16:50:00,3,1100.9,204,84,0,At Risk,0.18816573772780415
17048.0,2011-08-14 11:49:00,2011-01-12 16:51:00,3,925.35,330,117,1,At Risk,0.4048535126269783
17049.0,2011-12-07 10:48:00,2011-03-09 08:33:00,9,5659.9800000000005,275,2,0,Champions,0.050014051220850446
17050.0,2011-09-04 13:48:00,2011-02-13 12:41:00,6,3228.84,299,95,1,At Risk,0.11483443493139717
17051.0,2011-05-29 14:13:00,2011-05-29 14:13:00,1,247.14,193,193,1,At Risk,0.9470979092119767
17052.0,2011-11-11 14:50:00,2011-11-11 14:50:00,1,413.75,27,27,0,Potential Loyalist,0.0323679106966485
17053.0,2011-08-01 10:23:00,2011-08-01 10:23:00,1,498.48,130,130,1,At Risk,0.9168458771976437
17054.0,2011-11-11 12:56:00,2011-04-08 13:14:00,5,1356.33,244,27,0,Loyal Customers,0.12220472675526257
17058.0,2011-09-19 10:13:00,2011-04-14 09:18:00,3,1179.89,239,81,0,At Risk,0.2627199578110995
17059.0,2011-11-10 12:27:00,2010-12-05 12:35:00,5,3095.04,369,29,0,Loyal Customers,0.0866807117997827
17060.0,2011-03-18 13:27:00,2011-03-18 13:27:00,1,234.24,265,265,1,At Risk,0.9562000808713603
17061.0,2011-09-27 11:24:00,2011-04-21 13:29:00,11,5232.2300000000005,231,73,0,At Risk,0.040127920128561326
17062.0,2011-01-30 11:01:00,2010-12-05 11:59:00,4,538.37,369,313,1,At Risk,0.4383752603041753
17063.0,2011-11-18 16:19:00,2011-02-23 13:44:00,7,1461.14,288,20,0,Loyal Customers,0.10176380430214253
17064.0,2011-10-12 10:18:00,2011-01-16 16:10:00,3,859.35,326,58,0,Others,0.392273026144952
17068.0,2011-11-27 13:14:00,2010-12-06 13:58:00,21,4552.14,367,11,0,Champions,0.021901866272841387
17069.0,2011-11-11 17:13:00,2010-12-01 16:49:00,9,2709.7000000000003,372,27,0,Loyal Customers,0.08055246456955657
17070.0,2011-08-17 17:01:00,2011-08-17 17:01:00,1,312.14,113,113,1,At Risk,0.940325069827618
17071.0,2011-11-11 16:31:00,2011-02-03 08:18:00,9,2429.03,309,27,0,Loyal Customers,0.06887545251268566
17073.0,2011-11-22 11:47:00,2011-08-22 14:37:00,4,1446.09,108,17,0,Loyal Customers,0.07476425083666681
17075.0,2011-11-22 11:58:00,2011-01-26 13:20:00,4,834.12,316,17,0,Loyal Customers,0.2296729196782017
17076.0,2011-11-03 17:53:00,2010-12-10 10:08:00,3,841.0799999999999,364,35,0,Others,0.3965561359067211
17078.0,2011-11-03 19:17:00,2011-11-03 18:49:00,2,378.2,35,35,0,Others,0.023968471797345344
17079.0,2011-09-22 15:34:00,2011-09-22 15:34:00,1,118.8,77,77,0,At Risk,0.036849656611362205
17080.0,2011-11-17 12:59:00,2011-03-15 12:05:00,2,287.62,269,21,0,Potential Loyalist,0.545237759488621
17081.0,2011-11-14 12:56:00,2011-10-24 13:08:00,2,290.16,45,24,0,Potential Loyalist,0.021858113300924756
17082.0,2011-11-06 15:17:00,2011-01-25 14:36:00,2,2003.85,317,32,0,Potential Loyalist,0.4226083304051751
17083.0,2011-08-22 15:43:00,2011-02-09 11:38:00,3,1405.78,303,108,1,At Risk,0.37023611421996494
17084.0,2011-11-04 14:54:00,2011-11-04 14:49:00,2,2949.75,34,34,0,Others,0.042971613247206504
17085.0,2011-08-08 14:15:00,2010-12-12 12:24:00,5,1566.65,362,122,1,At Risk,0.14773773183439934
17086.0,2011-12-02 13:54:00,2011-10-07 11:22:00,6,2050.08,63,6,0,Loyal Customers,0.022565085736977467
17088.0,2011-11-11 14:23:00,2011-03-31 09:48:00,4,1991.01,253,27,0,Loyal Customers,0.15415539543207488
17090.0,2011-12-05 13:44:00,2010-12-20 13:52:00,7,2043.95,353,3,0,Loyal Customers,0.08216915637141868
17091.0,2011-12-07 10:43:00,2010-12-07 09:55:00,9,3827.76,367,2,0,Champions,0.0443480247214105
17092.0,2011-10-20 19:51:00,2011-03-07 14:51:00,4,1777.78,276,49,0,Others,0.16339375968368677
17094.0,2011-01-21 13:09:00,2011-01-21 13:09:00,1,302.0,321,321,1,At Risk,0.9554097426343638
17095.0,2011-11-17 12:21:00,2011-01-09 11:05:00,3,1324.16,334,22,0,Loyal Customers,0.34904198575747314
17096.0,2011-11-24 15:01:00,2011-03-23 12:05:00,4,1022.13,261,14,0,Loyal Customers,0.21975237620480714
17097.0,2011-12-07 17:05:00,2010-12-09 14:55:00,8,954.42,364,1,0,Loyal Customers,0.14835579034814322
17100.0,2011-11-21 16:36:00,2011-11-21 16:36:00,2,971.74,17,17,0,Potential Loyalist,0.0251436755182791
17101.0,2011-11-29 13:57:00,2011-06-14 14:49:00,4,1621.73,177,9,0,Loyal Customers,0.09759407050206816
17102.0,2011-03-23 10:08:00,2011-03-23 10:08:00,1,25.5,261,261,1,At Risk,0.9749856698036479
17105.0,2011-07-03 15:53:00,2011-02-06 14:46:00,2,665.78,305,158,1,At Risk,0.48980993598883305
17107.0,2011-11-06 14:14:00,2011-03-06 15:17:00,6,10815.43,277,32,0,Loyal Customers,0.06976793227601435
17109.0,2011-11-10 16:59:00,2011-04-21 15:46:00,6,885.04,231,28,0,Loyal Customers,0.13969510331986093
17110.0,2011-06-27 12:58:00,2011-06-27 12:58:00,1,163.29999999999998,164,164,1,At Risk,0.9555891030691939
17111.0,2011-10-23 15:59:00,2011-10-23 15:59:00,1,248.61,46,46,0,Others,0.028778147854021198
17114.0,2011-12-04 12:17:00,2011-01-09 11:39:00,8,808.62,334,5,0,Loyal Customers,0.18874603779080193
17115.0,2011-12-01 14:30:00,2011-04-20 14:46:00,3,837.5,232,7,0,Loyal Customers,0.2573610692913395
17117.0,2011-02-24 13:54:00,2011-02-24 13:54:00,1,116.2,287,287,1,At Risk,0.9744616778986732
17118.0,2011-01-26 12:19:00,2011-01-26 12:19:00,1,157.02,317,317,1,At Risk,0.9645692506124496
17119.0,2011-12-06 14:40:00,2011-10-11 11:03:00,2,606.91,59,2,0,Potential Loyalist,0.03266270472883971
17120.0,2011-04-20 15:21:00,2011-04-20 15:21:00,1,307.46,232,232,1,At Risk,0.9577086979090214
17122.0,2011-08-12 14:33:00,2011-08-12 14:33:00,1,138.32,118,118,1,At Risk,0.9686941868056688
17123.0,2011-07-01 10:47:00,2011-07-01 10:47:00,1,345.3,161,161,1,At Risk,0.9294235198634508
17124.0,2011-06-07 14:02:00,2011-06-07 14:02:00,1,298.89,184,184,1,At Risk,0.9488322528707261
17125.0,2011-10-20 14:41:00,2011-10-20 14:41:00,1,259.35,49,49,0,Others,0.02783295172322777
17126.0,2011-07-10 13:52:00,2010-12-12 11:26:00,5,1004.75,362,151,1,At Risk,0.19210453299354938
17128.0,2011-01-09 12:02:00,2011-01-09 12:02:00,1,157.09,334,334,1,At Risk,0.9673782262321602
17131.0,2011-12-04 12:52:00,2011-09-25 12:42:00,5,2463.17,75,4,0,Loyal Customers,0.02086294070266936
17133.0,2011-11-24 12:27:00,2011-03-18 13:47:00,7,4892.240000000001,265,15,0,Loyal Customers,0.0491245623917499
17134.0,2011-08-25 09:53:00,2011-03-20 11:56:00,2,425.0,264,106,1,At Risk,0.5510436297589166
17135.0,2011-11-23 16:48:00,2010-12-03 09:31:00,7,1139.73,371,15,0,Loyal Customers,0.13539171568132377
17138.0,2011-03-09 11:54:00,2011-03-09 11:54:00,1,380.5,275,275,1,At Risk,0.9417937064295068
17139.0,2011-11-24 10:12:00,2011-02-24 09:32:00,12,10668.47,288,15,0,Loyal Customers,0.04222041579308424
17140.0,2011-04-06 13:33:00,2011-04-06 13:33:00,1,465.32,246,246,1,At Risk,0.934243220584701
17142.0,2011-04-14 18:22:00,2011-04-14 18:22:00,1,579.0,238,238,1,At Risk,0.9185015335466266
17144.0,2011-12-08 17:57:00,2011-09-16 12:50:00,2,984.57,84,0,0,Potential Loyalist,0.02600851863975939
17146.0,2011-08-26 12:44:00,2010-12-16 12:20:00,3,749.78,358,105,1,At Risk,0.44019332052208815
17147.0,2011-11-17 12:32:00,2011-02-01 09:36:00,4,1714.59,311,22,0,Loyal Customers,0.1900505376339251
17148.0,2011-10-19 09:59:00,2011-10-19 09:59:00,1,124.88,51,51,0,Others,0.03448123555873063
17152.0,2011-05-29 12:19:00,2011-03-21 16:20:00,3,1689.5,262,194,1,At Risk,0.35835099612448573
17153.0,2011-11-15 13:42:00,2011-11-15 13:42:00,1,213.78,23,23,0,Potential Loyalist,0.02017325664579854
17154.0,2011-09-25 13:42:00,2011-09-25 13:42:00,1,329.34,74,74,0,At Risk,0.02859749729717051
17155.0,2011-11-22 12:38:00,2011-06-15 10:22:00,2,251.7,177,17,0,Potential Loyalist,0.40561118093637716
17157.0,2011-12-02 09:10:00,2011-06-16 15:08:00,2,319.0,175,7,0,Potential Loyalist,0.4141818076933662
17158.0,2011-11-07 15:15:00,2010-12-14 13:03:00,3,1266.97,359,31,0,Loyal Customers,0.3367302654746503
17159.0,2011-11-18 10:52:00,2011-06-21 09:49:00,3,1538.88,171,21,0,Loyal Customers,0.1672333987643503
17160.0,2011-11-08 14:05:00,2011-04-12 12:00:00,6,3518.03,241,30,0,Loyal Customers,0.07554334872333593
17162.0,2011-11-11 11:34:00,2011-02-07 12:27:00,10,1715.46,305,28,0,Loyal Customers,0.08002823303925037
17163.0,2011-11-18 08:57:00,2011-09-22 15:54:00,2,293.1,77,21,0,Potential Loyalist,0.021858113300924756
17164.0,2011-11-07 09:14:00,2011-03-11 14:26:00,7,2467.35,272,32,0,Loyal Customers,0.06172708370511229
17165.0,2011-02-28 16:39:00,2011-02-28 16:39:00,1,158.68,283,283,1,At Risk,0.9659064627122399
17166.0,2011-11-01 09:46:00,2011-05-20 08:18:00,2,206.34,203,38,0,Others,0.5229464551365567
17169.0,2011-10-13 10:25:00,2011-06-09 13:16:00,2,835.78,182,57,0,Others,0.35755042067600357
17171.0,2011-02-23 16:37:00,2011-02-23 16:37:00,1,224.91,288,288,1,At Risk,0.9518871958318837
17172.0,2011-09-22 09:36:00,2011-09-22 09:36:00,1,317.76,78,78,0,At Risk,0.02859749729717051
17173.0,2011-12-04 14:40:00,2011-07-31 15:26:00,8,3766.6,130,4,0,Champions,0.05538102739514197
17174.0,2011-05-06 11:47:00,2011-05-06 11:47:00,1,59.9,217,217,1,At Risk,0.9829876942265032
17175.0,2011-10-26 15:31:00,2011-02-16 14:56:00,4,1443.69,295,43,0,Others,0.20463936562858628
17176.0,2011-05-22 12:41:00,2011-05-22 12:41:00,1,306.13,201,201,1,At Risk,0.9486209008703831
17179.0,2011-06-14 16:48:00,2010-12-13 14:24:00,3,711.79,360,177,1,At Risk,0.45518292236536306
17180.0,2011-10-14 15:46:00,2011-01-27 18:05:00,4,796.03,315,55,0,Others,0.2517875626968942
17181.0,2011-10-13 14:48:00,2010-12-01 12:38:00,2,239.92,373,56,0,Others,0.5309779659010254
17183.0,2011-12-02 10:07:00,2011-08-26 15:25:00,6,3347.31,104,7,0,Champions,0.05661739379739576
17186.0,2011-10-24 10:20:00,2011-10-10 12:52:00,2,144.0,59,46,0,Others,0.051097904448952944
17187.0,2011-04-27 12:39:00,2011-04-27 12:39:00,1,203.95,226,226,1,At Risk,0.9667863858963729
17188.0,2011-11-28 13:53:00,2010-12-12 12:56:00,7,2474.23,361,10,0,Champions,0.055119447132851294
17189.0,2011-08-25 19:39:00,2010-12-15 17:28:00,2,384.4,358,105,1,At Risk,0.5758509025639824
17190.0,2011-10-12 11:33:00,2011-05-16 15:29:00,2,444.74,206,58,0,Others,0.48076090416865447
17191.0,2011-11-11 16:58:00,2010-12-06 14:36:00,7,2095.13,367,27,0,Loyal Customers,0.0710773795951668
17193.0,2011-11-04 12:47:00,2011-06-16 10:04:00,7,1699.3,176,35,0,Others,0.06295501819745307
17194.0,2011-03-11 12:05:00,2010-12-14 12:06:00,2,262.62,360,273,1,At Risk,0.6013208195367094
17197.0,2011-11-10 10:32:00,2011-11-10 10:32:00,1,1013.01,29,29,0,Potential Loyalist,0.022205788087080083
17198.0,2011-11-16 10:39:00,2010-12-03 14:54:00,3,692.22,370,23,0,Loyal Customers,0.39745035927665767
17201.0,2011-10-17 11:55:00,2011-10-17 11:55:00,1,342.63,53,53,0,Others,0.021541167787968055
17203.0,2011-11-04 12:27:00,2011-10-10 14:37:00,6,3563.85,59,35,0,Others,0.023718335550180023
17204.0,2011-06-17 14:46:00,2011-03-21 12:42:00,4,1564.56,263,174,1,At Risk,0.19811161633535246
17205.0,2011-10-17 12:46:00,2011-10-17 12:46:00,1,384.08,53,53,0,Others,0.031166452064415123
17206.0,2011-10-17 13:25:00,2011-10-17 13:25:00,1,204.24,52,52,0,Others,0.046821743705538967
17211.0,2011-11-13 12:03:00,2010-12-05 12:44:00,8,2317.2200000000003,369,26,0,Loyal Customers,0.06563411980130486
17212.0,2011-03-31 19:42:00,2011-03-31 19:42:00,1,226.85,252,252,1,At Risk,0.9568650173324739
17213.0,2011-10-30 14:53:00,2010-12-08 13:03:00,7,2781.23,365,39,0,Others,0.05169593224899519
17214.0,2011-10-10 13:17:00,2010-12-15 15:14:00,6,1069.12,358,59,0,Others,0.1672819484851221
17217.0,2011-04-19 17:19:00,2011-04-19 17:19:00,1,113.5,233,233,1,At Risk,0.9729606320122258
17218.0,2011-12-05 13:52:00,2010-12-06 15:25:00,10,1960.72,367,3,0,Loyal Customers,0.06659077165063648
17219.0,2011-11-08 11:25:00,2011-11-08 11:25:00,1,114.23,31,31,0,Potential Loyalist,0.03111953343107105
17220.0,2011-11-15 13:47:00,2010-12-10 14:54:00,14,3198.25,363,23,0,Loyal Customers,0.03841465582898386
17221.0,2011-12-02 13:35:00,2011-11-03 17:39:00,2,335.13,35,6,0,Potential Loyalist,0.021369768101898532
17222.0,2011-10-05 13:58:00,2011-10-05 13:58:00,1,354.15,64,64,0,Others,0.02848685388481694
17223.0,2011-02-02 15:57:00,2010-12-06 14:08:00,2,426.79,367,309,1,At Risk,0.5757674959907078
17226.0,2011-02-04 11:52:00,2011-02-04 11:52:00,1,393.49,308,308,1,At Risk,0.9349378415259016
17227.0,2011-11-21 10:51:00,2010-12-06 11:16:00,6,939.32,368,18,0,Loyal Customers,0.17437509107273222
17228.0,2011-11-24 10:24:00,2010-12-02 16:00:00,8,1906.09,371,15,0,Loyal Customers,0.08372679429711892
17229.0,2011-09-04 13:56:00,2011-07-20 12:38:00,2,318.76,142,95,1,At Risk,0.4003885509532688
17230.0,2011-03-20 16:12:00,2010-12-15 11:22:00,8,3638.41,359,263,1,At Risk,0.07418437639564292
17231.0,2011-11-27 15:18:00,2010-12-13 14:16:00,10,3174.32,360,11,0,Champions,0.04791013079616219
17232.0,2011-12-07 12:21:00,2011-11-25 12:24:00,2,421.52,14,2,0,Potential Loyalist,0.020935044596677846
17233.0,2011-11-04 14:06:00,2011-11-04 14:06:00,1,190.88,34,34,0,Others,0.035735043368838634
17234.0,2011-06-10 11:20:00,2011-06-10 11:20:00,1,149.89,182,182,1,At Risk,0.9610079348014098
17235.0,2011-11-14 15:51:00,2010-12-02 13:38:00,2,550.0600000000001,371,24,0,Potential Loyalist,0.5075930795683434
17236.0,2011-11-27 12:00:00,2010-12-12 11:49:00,6,916.13,362,12,0,Loyal Customers,0.1740281049148986
17237.0,2011-11-28 15:02:00,2011-11-17 12:55:00,2,314.69,21,10,0,Potential Loyalist,0.021636685395131618
17238.0,2011-12-07 11:35:00,2010-12-03 15:05:00,17,3744.65,370,2,0,Champions,0.02500911593727035
17239.0,2011-01-31 09:41:00,2011-01-31 09:41:00,1,382.5,312,312,1,At Risk,0.9403282158574525
17242.0,2011-08-23 14:55:00,2011-06-12 13:04:00,2,1135.04,179,107,1,At Risk,0.35485324932781637
17243.0,2011-12-08 13:26:00,2010-12-05 10:03:00,26,8676.85,369,0,0,Champions,0.017717676453524952
17244.0,2011-10-17 15:19:00,2011-10-17 15:19:00,1,954.9,52,52,0,Others,0.02075476469526722
17245.0,2011-05-19 10:43:00,2011-05-19 10:43:00,1,171.45000000000002,204,204,1,At Risk,0.9517905306783292
17247.0,2011-11-24 15:21:00,2011-11-24 15:21:00,1,282.19,14,14,0,Potential Loyalist,0.02783295172322777
17248.0,2011-08-11 13:34:00,2011-08-11 13:34:00,1,318.65,119,119,1,At Risk,0.9352584031609514
17250.0,2011-12-06 12:15:00,2011-03-23 16:45:00,2,384.52,260,3,0,Potential Loyalist,0.5477323558947331
17251.0,2010-12-12 11:06:00,2010-12-12 11:06:00,1,283.28000000000003,362,362,1,At Risk,0.956566634194146
17252.0,2011-08-15 09:45:00,2011-06-06 16:41:00,2,353.86,185,116,1,At Risk,0.45515489857426816
17253.0,2011-11-21 12:59:00,2011-11-21 12:59:00,1,178.26,17,17,0,Potential Loyalist,0.030244530212525565
17254.0,2011-12-05 12:46:00,2011-11-24 14:09:00,2,272.44,14,4,0,Potential Loyalist,0.020465256158067616
17255.0,2011-10-30 12:18:00,2011-02-13 15:18:00,2,298.41,298,40,0,Others,0.5621006668296253
17256.0,2011-08-24 13:30:00,2011-01-31 14:53:00,2,240.0,311,106,1,At Risk,0.5660028569775771
17259.0,2011-07-14 15:01:00,2010-12-06 12:55:00,2,603.37,367,147,1,At Risk,0.5193624436799363
17262.0,2011-10-18 12:56:00,2010-12-08 13:30:00,5,1253.36,365,51,0,Others,0.1386088122418032
17263.0,2011-05-15 14:32:00,2011-05-15 14:32:00,1,63.440000000000005,207,207,1,At Risk,0.9754256304197394
17265.0,2011-07-24 10:49:00,2011-06-12 12:00:00,2,562.9,180,138,1,At Risk,0.4353249837382323
17266.0,2011-12-07 14:12:00,2011-07-15 11:57:00,3,310.64,147,1,0,Loyal Customers,0.29033260392735316
17267.0,2011-08-04 17:22:00,2011-08-04 17:19:00,2,317.62,126,126,1,At Risk,0.37177589726172655
17268.0,2011-08-24 10:06:00,2011-04-08 13:20:00,4,763.64,244,107,1,At Risk,0.22827610835154996
17272.0,2011-10-28 16:37:00,2011-03-22 12:05:00,4,2148.63,262,41,0,Others,0.18895371953230544
17274.0,2011-11-04 13:16:00,2011-11-04 13:16:00,1,111.98,34,34,0,Others,0.03111953343107105
17277.0,2011-04-26 12:47:00,2011-01-21 12:37:00,2,1065.35,322,227,1,At Risk,0.507026009332251
17278.0,2011-04-12 13:10:00,2011-04-12 13:10:00,1,246.04,240,240,1,At Risk,0.9568879629661332
17279.0,2011-10-13 11:58:00,2011-10-13 11:58:00,1,187.83,57,57,0,Others,0.03188282808486599
17282.0,2011-08-01 14:29:00,2011-02-13 11:36:00,3,1703.41,299,129,1,At Risk,0.3991729236811609
17284.0,2011-10-10 14:38:00,2011-01-07 14:31:00,6,1652.58,335,59,0,Others,0.12604434326941433
17286.0,2011-11-18 12:47:00,2011-11-18 12:47:00,1,153.92,21,21,0,Potential Loyalist,0.04188132947955164
17287.0,2011-11-13 13:27:00,2010-12-02 12:22:00,7,1064.11,372,25,0,Loyal Customers,0.27204464225829755
17288.0,2011-11-30 16:09:00,2010-12-16 13:33:00,7,1419.73,357,8,0,Loyal Customers,0.10156552067809173
17289.0,2011-11-08 12:01:00,2011-06-12 13:51:00,3,944.41,179,31,0,Loyal Customers,0.19639638376493943
17290.0,2011-12-06 12:38:00,2011-11-23 15:53:00,2,525.24,15,3,0,Potential Loyalist,0.030285412561506832
17291.0,2011-02-04 13:04:00,2011-02-04 13:04:00,1,550.8000000000001,307,307,1,At Risk,0.9207403339568065
17293.0,2011-12-01 14:37:00,2010-12-13 14:55:00,9,1875.11,360,7,0,Loyal Customers,0.07539891992594489
17295.0,2011-11-11 10:49:00,2011-10-06 12:22:00,3,556.95,64,28,0,Loyal Customers,0.02650691426023726
17297.0,2011-11-22 14:43:00,2011-11-22 14:43:00,1,131.78,16,16,0,Potential Loyalist,0.03827753185502692
17298.0,2011-08-30 16:43:00,2011-08-07 12:21:00,2,498.42,124,100,1,At Risk,0.3736866612344365
17299.0,2011-11-28 12:01:00,2011-06-19 16:04:00,4,669.11,172,11,0,Loyal Customers,0.15514981008205364
17301.0,2011-11-18 13:43:00,2011-11-18 13:43:00,1,197.63,20,20,0,Potential Loyalist,0.025735043368838632
17302.0,2011-11-25 09:36:00,2011-02-07 10:14:00,5,1135.63,305,14,0,Loyal Customers,0.16292640510528023
17303.0,2010-12-13 13:32:00,2010-12-13 13:32:00,1,250.04,360,360,1,At Risk,0.956950111336826
17306.0,2011-11-29 12:14:00,2010-12-21 13:34:00,19,8631.31,352,10,0,Champions,0.030089848335526196
17309.0,2011-09-05 15:20:00,2011-09-05 15:20:00,1,82.75,94,94,1,At Risk,0.9655167659238783
17311.0,2011-09-22 14:11:00,2011-01-27 10:56:00,2,1384.85,316,77,0,At Risk,0.4615038670631769
17312.0,2011-07-24 11:52:00,2011-07-03 13:12:00,3,644.3,158,138,1,At Risk,0.3359526159042862
17313.0,2011-11-08 15:45:00,2011-11-08 15:45:00,1,2328.84,30,30,0,Potential Loyalist,0.05221590333783199
17314.0,2011-11-15 09:41:00,2011-01-31 11:25:00,8,2527.92,312,24,0,Loyal Customers,0.06841530333534757
17315.0,2011-12-08 12:15:00,2010-12-17 12:24:00,38,6292.26,357,1,0,Champions,0.036030487065377745
17317.0,2011-10-24 17:19:00,2011-09-11 12:45:00,3,2600.34,89,45,0,Others,0.035207722273115846
17320.0,2011-08-31 13:31:00,2010-12-06 15:38:00,3,1200.62,367,99,1,At Risk,0.32692736384405763
17321.0,2011-12-01 13:41:00,2011-10-03 11:34:00,2,700.86,67,7,0,Potential Loyalist,0.023001527634191627
17323.0,2011-11-24 17:29:00,2011-02-20 14:38:00,7,921.07,291,14,0,Loyal Customers,0.15480893389847228
17324.0,2011-11-22 10:34:00,2010-12-08 12:45:00,4,990.23,366,17,0,Loyal Customers,0.24895930872505934
17325.0,2011-03-04 13:09:00,2011-03-04 13:09:00,1,96.8,279,279,1,At Risk,0.9754481654391141
17329.0,2011-11-25 14:24:00,2011-01-28 15:29:00,2,523.11,314,13,0,Potential Loyalist,0.5093458005989304
17330.0,2011-11-17 08:56:00,2011-10-03 11:26:00,2,363.9,67,22,0,Potential Loyalist,0.020530140162270588
17331.0,2011-08-08 11:55:00,2011-08-08 11:55:00,1,175.2,123,123,1,At Risk,0.9594608798605365
17333.0,2011-09-15 10:11:00,2011-09-15 10:11:00,1,494.25,85,85,0,At Risk,0.03157540024662637
17334.0,2011-02-10 14:59:00,2011-02-04 09:03:00,2,307.02000000000004,308,301,1,At Risk,0.5753030069307187
17337.0,2011-07-11 14:55:00,2011-02-02 17:06:00,4,2027.87,309,150,1,At Risk,0.20623180462726
17338.0,2011-11-22 14:23:00,2010-12-13 12:57:00,8,6643.93,360,16,0,Loyal Customers,0.04848535840600686
17339.0,2011-09-06 13:29:00,2010-12-09 14:44:00,2,243.36,364,93,1,At Risk,0.5917474295840867
17340.0,2011-11-10 10:45:00,2010-12-08 15:56:00,11,12353.29,365,29,0,Loyal Customers,0.029790548865225773
17341.0,2011-07-06 12:33:00,2010-12-08 12:46:00,3,781.36,366,156,1,At Risk,0.40233894388131924
17343.0,2010-12-19 15:07:00,2010-12-19 15:07:00,1,193.64,354,354,1,At Risk,0.963575938386318
17344.0,2011-10-24 12:56:00,2011-10-24 12:56:00,1,160.57,45,45,0,Others,0.03826847293853331
17345.0,2011-11-24 15:03:00,2011-05-27 12:26:00,4,537.74,196,14,0,Loyal Customers,0.27744380401070434
17346.0,2011-12-06 12:18:00,2010-12-01 14:34:00,15,2676.56,372,3,0,Champions,0.04915214458973437
17347.0,2011-09-14 13:12:00,2011-09-14 13:12:00,1,228.96,85,85,0,At Risk,0.030015300892397477
17348.0,2011-11-25 11:25:00,2011-02-15 10:49:00,5,1159.52,297,14,0,Loyal Customers,0.14325034318949867
17349.0,2011-06-13 14:29:00,2011-06-13 14:29:00,1,110.75,178,178,1,At Risk,0.9649213780686662
17350.0,2011-12-01 15:47:00,2011-10-19 16:05:00,4,1286.07,50,7,0,Loyal Customers,0.024394073210508887
17351.0,2011-11-03 18:45:00,2011-03-11 16:05:00,3,587.15,272,35,0,Others,0.4179548727273394
17353.0,2011-08-02 17:19:00,2011-07-08 16:17:00,2,1740.0,153,128,1,At Risk,0.3685192540079788
17354.0,2011-10-20 10:34:00,2011-10-20 10:34:00,1,1393.06,50,50,0,Others,0.028059955969637077
17356.0,2011-02-01 11:07:00,2011-02-01 11:07:00,1,178.22,311,311,1,At Risk,0.9661190844384757
17357.0,2011-11-15 16:30:00,2011-11-15 16:29:00,2,388.14,23,23,0,Potential Loyalist,0.02592085274972631
17358.0,2011-02-09 16:57:00,2010-12-19 14:16:00,2,365.85,354,302,1,At Risk,0.5840838057600565
17359.0,2011-11-28 14:37:00,2011-11-28 14:37:00,1,127.86,10,10,0,Potential Loyalist,0.03827753185502692
17360.0,2011-11-22 13:11:00,2011-06-08 17:09:00,3,585.79,183,16,0,Loyal Customers,0.3151574912050394
17361.0,2011-10-21 15:43:00,2011-02-21 09:55:00,3,488.2,291,48,0,Others,0.45439390099856536
17362.0,2011-04-14 14:43:00,2011-02-03 10:26:00,2,312.23,309,238,1,At Risk,0.5815976728560018
17364.0,2011-12-09 09:00:00,2011-01-12 16:57:00,11,4481.18,330,0,0,Champions,0.03828299469880102
17365.0,2011-11-27 12:13:00,2011-01-11 12:11:00,8,4801.56,332,12,0,Champions,0.051672162208760024
17367.0,2011-04-15 14:21:00,2011-04-15 14:21:00,1,168.4,237,237,1,At Risk,0.9596414156874243
17368.0,2011-11-16 15:26:00,2011-01-06 11:57:00,8,1912.67,337,22,0,Loyal Customers,0.08482170765107018
17370.0,2011-09-28 10:14:00,2011-06-23 11:50:00,4,446.18,169,72,0,At Risk,0.2656122227318723
17371.0,2011-11-22 13:30:00,2010-12-13 15:20:00,3,423.89,360,16,0,Loyal Customers,0.583004215304876
17372.0,2011-10-30 11:37:00,2010-12-12 12:00:00,8,1342.68,362,40,0,Others,0.10132137542975075
17373.0,2011-10-30 15:28:00,2011-01-31 11:46:00,4,646.92,312,39,0,Others,0.2803746756976196
17374.0,2011-05-05 09:05:00,2011-03-03 12:53:00,2,495.77,280,218,1,At Risk,0.5066713313324445
17375.0,2011-05-24 15:45:00,2010-12-13 15:16:00,3,400.1,360,198,1,At Risk,0.5752245441248427
17376.0,2011-09-30 12:36:00,2011-02-01 14:12:00,2,203.2,310,70,0,Others,0.5817305356335105
17377.0,2011-11-16 11:17:00,2010-12-01 12:35:00,20,4100.92,373,23,0,Loyal Customers,0.04792813236764415
17379.0,2011-11-28 13:56:00,2011-11-28 13:56:00,1,404.66,10,10,0,Potential Loyalist,0.0323679106966485
17381.0,2011-12-01 11:59:00,2010-12-02 12:58:00,29,20275.61,371,8,0,Champions,0.017747539041443806
17382.0,2011-10-05 13:05:00,2011-10-05 13:05:00,1,65.4,64,64,0,Others,0.03519482016911939
17383.0,2011-12-05 17:36:00,2011-12-05 17:36:00,1,199.29,3,3,0,Potential Loyalist,0.0325925770388723
17384.0,2011-11-20 15:48:00,2011-05-04 16:07:00,2,336.4,218,18,0,Potential Loyalist,0.5608050841414609
17385.0,2011-11-25 11:02:00,2011-11-25 11:02:00,1,261.11,14,14,0,Potential Loyalist,0.02783295172322777
17386.0,2011-12-02 11:28:00,2011-06-27 12:11:00,6,2686.42,165,7,0,Champions,0.05984158195357168
17387.0,2011-11-20 11:00:00,2011-11-06 11:25:00,2,784.11,33,19,0,Potential Loyalist,0.019021334659942754
17388.0,2011-09-23 10:31:00,2011-02-25 12:28:00,4,1259.56,287,77,0,At Risk,0.19912835250636968
17389.0,2011-12-09 09:38:00,2011-01-12 15:48:00,34,31833.68,330,0,0,Champions,0.03183589574548105
17391.0,2011-06-29 09:58:00,2011-06-28 12:21:00,2,508.8,164,163,1,At Risk,0.42081922838661506
17392.0,2011-02-06 12:48:00,2010-12-16 19:04:00,2,457.91,357,306,1,At Risk,0.574291099716005
17394.0,2011-05-04 13:22:00,2011-05-04 13:22:00,1,203.87,218,218,1,At Risk,0.9667863858963729
17396.0,2011-10-31 14:12:00,2010-12-03 09:45:00,8,7330.8,371,38,0,Others,0.05166443203486718
17397.0,2011-11-17 14:08:00,2011-11-17 13:58:00,2,696.41,21,21,0,Potential Loyalist,0.023001527634191627
17398.0,2011-08-17 09:48:00,2011-03-29 13:04:00,3,653.38,254,114,1,At Risk,0.3920254999763562
17400.0,2011-08-05 15:38:00,2010-12-21 17:16:00,5,2129.96,352,125,1,At Risk,0.13800366025031152
17402.0,2011-12-05 10:15:00,2010-12-05 13:53:00,13,2633.85,368,4,0,Champions,0.043496228789788115
17403.0,2011-11-03 15:18:00,2011-11-03 15:18:00,1,281.62,35,35,0,Others,0.02783295172322777
17404.0,2011-12-05 16:26:00,2010-12-14 13:28:00,15,31906.82,359,3,0,Champions,0.03139620886900468
17405.0,2011-12-08 17:12:00,2011-07-12 14:17:00,3,1031.41,149,0,0,Loyal Customers,0.16499004110699977
17406.0,2011-01-10 15:07:00,2010-12-08 10:35:00,3,2200.42,366,332,1,At Risk,0.35478417774101184
17408.0,2011-06-29 12:53:00,2011-06-29 12:53:00,1,32.65,162,162,1,At Risk,0.976651778427536
17409.0,2011-06-08 10:36:00,2011-04-05 16:42:00,2,771.85,247,184,1,At Risk,0.46644666988394784
17410.0,2011-11-23 15:46:00,2011-05-08 15:21:00,5,1214.72,214,15,0,Loyal Customers,0.09434931846406773
17411.0,2011-11-27 14:25:00,2011-03-23 13:44:00,3,778.94,260,11,0,Loyal Customers,0.3688645937805732
17412.0,2011-12-07 11:36:00,2010-12-02 16:29:00,7,1258.06,371,2,0,Loyal Customers,0.10360319178082883
17414.0,2011-10-27 12:13:00,2011-06-08 11:43:00,2,778.0,184,43,0,Others,0.36458593133079165
17415.0,2011-09-21 12:50:00,2011-09-21 12:50:00,1,507.84,79,79,0,At Risk,0.03339358206480819
17416.0,2011-11-10 12:47:00,2011-03-03 13:45:00,7,6893.42,280,29,0,Loyal Customers,0.04709408869292677
17418.0,2011-10-28 13:00:00,2011-01-20 11:39:00,2,463.46,323,41,0,Others,0.518402359522299
17419.0,2011-11-28 13:47:00,2010-12-07 15:03:00,12,4226.57,366,10,0,Champions,0.028853235874162105
17420.0,2011-10-20 14:52:00,2010-12-01 09:56:00,3,598.83,373,49,0,Others,0.4378545268056696
17422.0,2011-11-23 13:27:00,2011-02-16 14:44:00,6,1979.37,295,15,0,Loyal Customers,0.09743283742325665
17423.0,2011-10-24 13:36:00,2011-05-06 09:14:00,2,698.41,217,45,0,Others,0.41865143332924987
17425.0,2011-11-20 15:30:00,2011-10-10 11:37:00,2,759.1700000000001,60,18,0,Potential Loyalist,0.020621334659942755
17426.0,2011-12-01 18:07:00,2011-03-02 16:34:00,6,5037.26,281,7,0,Champions,0.062190275008290455
17427.0,2011-09-29 11:29:00,2011-09-29 11:29:00,1,100.8,71,71,0,Others,0.028183635995173612
17428.0,2011-12-09 09:45:00,2010-12-06 09:37:00,28,17256.85,368,0,0,Champions,0.017377562479325794
17429.0,2011-08-03 13:22:00,2011-05-05 09:53:00,3,524.9200000000001,218,127,1,At Risk,0.4494045804982494
17430.0,2011-11-07 09:24:00,2010-12-09 13:05:00,2,265.76,364,32,0,Potential Loyalist,0.5994314785951765
17431.0,2011-01-30 14:36:00,2011-01-30 14:36:00,1,403.3,312,312,1,At Risk,0.9320145229745345
17432.0,2011-11-21 17:33:00,2011-11-02 17:30:00,2,365.76,36,17,0,Potential Loyalist,0.020530140162270588
17433.0,2011-09-12 14:24:00,2011-09-12 14:24:00,1,303.16,87,87,0,At Risk,0.02859749729717051
17434.0,2011-12-07 13:16:00,2011-09-15 13:54:00,7,2373.82,84,1,0,Champions,0.012247180226011069
17436.0,2011-12-08 12:30:00,2011-04-27 11:33:00,2,216.3,226,1,0,Potential Loyalist,0.5171988639651048
17438.0,2011-03-31 10:26:00,2011-03-31 10:26:00,1,388.4500000000001,253,253,1,At Risk,0.938882346380498
17440.0,2011-07-06 11:54:00,2011-04-06 12:05:00,3,186.42,247,156,1,At Risk,0.5562596087959506
17442.0,2011-11-03 09:17:00,2011-02-22 13:02:00,6,2248.56,289,36,0,Others,0.09550024264937595
17443.0,2011-05-04 10:47:00,2011-05-04 10:47:00,1,534.24,219,219,1,At Risk,0.9254510688688907
17444.0,2011-07-15 12:05:00,2011-06-20 09:04:00,3,2940.04,172,147,1,At Risk,0.20222006507721815
17446.0,2011-06-16 10:42:00,2011-02-02 14:40:00,2,120.9,309,176,1,At Risk,0.7360274176316066
17447.0,2011-10-30 14:18:00,2011-09-29 10:10:00,2,541.53,71,39,0,Others,0.033229447935048013
17449.0,2011-12-07 16:56:00,2010-12-15 10:57:00,7,2520.86,359,1,0,Champions,0.06621383501657654
17450.0,2011-12-01 13:29:00,2010-12-07 09:23:00,46,194550.79,367,7,0,Champions,0.019655076400960217
17451.0,2011-12-08 15:02:00,2011-08-26 11:54:00,7,1721.4,105,0,0,Loyal Customers,0.04588346553331966
17453.0,2011-11-22 09:42:00,2011-10-06 17:02:00,2,486.72,63,17,0,Potential Loyalist,0.01821640324404797
17454.0,2011-05-31 13:58:00,2010-12-15 10:54:00,4,517.53,359,191,1,At Risk,0.4255687043250152
17455.0,2011-05-20 12:31:00,2011-05-20 12:31:00,1,131.7,203,203,1,At Risk,0.966011996236118
17456.0,2010-12-09 15:23:00,2010-12-09 15:23:00,1,249.86,364,364,1,At Risk,0.9571047505120837
17457.0,2011-08-05 12:48:00,2011-01-04 14:33:00,5,1737.7,338,126,1,At Risk,0.13200836563613938
17458.0,2011-11-24 13:01:00,2011-11-24 13:01:00,1,316.5,14,14,0,Potential Loyalist,0.02859749729717051
17459.0,2011-10-27 13:25:00,2011-10-10 17:00:00,2,657.3,59,42,0,Others,0.0237707584034224
17460.0,2011-09-06 15:04:00,2010-12-01 16:24:00,6,622.4300000000001,372,93,1,At Risk,0.5102773285265868
17461.0,2011-11-17 10:21:00,2011-11-10 12:01:00,3,757.46,29,22,0,Loyal Customers,0.030214470898577827
17462.0,2011-10-10 13:56:00,2011-02-28 17:01:00,2,675.69,283,59,0,Others,0.47245690134583457
17463.0,2011-11-23 13:40:00,2011-01-30 15:48:00,5,1896.41,312,15,0,Loyal Customers,0.11301645588675044
17464.0,2011-07-04 13:19:00,2011-07-04 13:19:00,1,289.96000000000004,157,157,1,At Risk,0.9377130474992279
17466.0,2011-11-29 13:15:00,2011-09-22 09:16:00,2,763.28,78,9,0,Potential Loyalist,0.020621334659942755
17468.0,2011-11-29 15:33:00,2011-11-25 12:52:00,2,137.0,13,9,0,Potential Loyalist,0.051097904448952944
17469.0,2011-11-23 13:15:00,2011-05-19 08:55:00,5,1870.97,204,15,0,Loyal Customers,0.06701864198572328
17470.0,2011-10-26 12:42:00,2010-12-07 09:57:00,5,1125.07,367,44,0,Others,0.16103782503551797
17472.0,2011-06-01 14:57:00,2011-02-13 14:40:00,3,710.29,298,190,1,At Risk,0.4563323318052583
17475.0,2011-09-21 14:55:00,2011-09-21 14:55:00,1,194.37,78,78,0,At Risk,0.025735043368838632
17480.0,2011-09-23 11:39:00,2011-09-23 11:39:00,1,511.82,77,77,0,At Risk,0.03157540024662637
17481.0,2011-12-06 12:28:00,2011-09-07 09:57:00,4,1255.59,93,3,0,Loyal Customers,0.05451430098394476
17483.0,2011-10-05 13:10:00,2011-06-09 19:40:00,3,414.04,182,64,0,Others,0.3750863241103361
17486.0,2011-03-23 14:00:00,2011-03-23 14:00:00,1,396.87,260,260,1,At Risk,0.9363002837094732
17489.0,2011-10-12 08:56:00,2011-05-11 11:34:00,2,376.64,212,58,0,Others,0.4835332118785221
17490.0,2011-12-09 09:08:00,2011-06-16 09:15:00,7,2092.32,176,0,0,Champions,0.05810573330333222
17491.0,2011-12-08 16:18:00,2010-12-07 12:18:00,10,3558.87,367,0,0,Champions,0.048543679946120175
17492.0,2011-04-05 15:21:00,2011-04-05 15:21:00,1,374.57,247,247,1,At Risk,0.9429225431002449
17495.0,2011-12-02 12:08:00,2011-11-01 12:06:00,2,497.56,38,7,0,Potential Loyalist,0.02202463617577488
17496.0,2010-12-16 08:39:00,2010-12-16 08:39:00,1,271.05,358,358,1,At Risk,0.956566634194146
17498.0,2011-09-25 12:25:00,2011-09-25 12:25:00,1,272.22,75,75,0,At Risk,0.02783295172322777
17499.0,2011-02-23 09:14:00,2011-02-23 09:14:00,1,622.88,289,289,1,At Risk,0.9029045383922342
17500.0,2011-11-22 14:25:00,2011-11-10 09:08:00,3,1138.0,29,16,0,Loyal Customers,0.026974123861004867
17501.0,2011-05-03 09:47:00,2011-05-03 09:46:00,2,288.6,220,220,1,At Risk,0.5561874029828081
17502.0,2011-11-30 13:13:00,2011-11-10 16:39:00,4,689.1,28,8,0,Loyal Customers,0.02563206808853631
17503.0,2011-12-07 09:18:00,2011-11-01 11:12:00,2,558.96,38,2,0,Potential Loyalist,0.02482166790282846
17504.0,2011-05-17 12:59:00,2011-01-21 11:09:00,9,2997.03,322,205,1,At Risk,0.07258607843002021
17505.0,2011-07-01 12:50:00,2011-05-18 09:01:00,2,1145.84,205,161,1,At Risk,0.3862133538214345
17506.0,2011-09-25 11:39:00,2011-09-25 11:39:00,1,302.2,75,75,0,At Risk,0.02859749729717051
17507.0,2011-03-23 11:48:00,2011-02-03 18:08:00,2,605.58,308,261,1,At Risk,0.5095758204227914
17508.0,2011-03-04 08:10:00,2011-03-04 08:10:00,1,387.31,280,280,1,At Risk,0.9419620853143036
17509.0,2011-10-13 10:26:00,2011-10-07 13:14:00,8,6115.14,62,57,0,Others,0.019987678459427945
17510.0,2011-11-15 10:00:00,2011-11-15 10:00:00,1,308.48,24,24,0,Potential Loyalist,0.02859749729717051
17511.0,2011-12-07 10:12:00,2010-12-01 10:19:00,31,91062.38,373,2,0,Champions,0.029114309262620566
17512.0,2011-11-11 12:11:00,2011-02-11 12:22:00,10,2924.99,301,28,0,Loyal Customers,0.06309690768554725
17513.0,2011-09-28 16:42:00,2011-09-28 16:42:00,1,513.2,71,71,0,Others,0.03157540024662637
17514.0,2011-08-03 15:45:00,2011-08-03 15:45:00,1,208.65,127,127,1,At Risk,0.9434596800701897
17515.0,2011-11-08 14:04:00,2011-01-25 14:33:00,4,639.02,317,30,0,Loyal Customers,0.31519581284098463
17516.0,2011-11-24 16:51:00,2011-02-27 12:41:00,5,768.08,285,14,0,Loyal Customers,0.1890599489555369
17517.0,2011-02-04 11:48:00,2011-02-04 11:48:00,1,153.94,308,308,1,At Risk,0.9630083692487794
17519.0,2011-11-22 16:43:00,2010-12-06 15:18:00,6,1844.02,367,16,0,Loyal Customers,0.10038083879525779
17520.0,2011-10-17 12:04:00,2011-10-17 12:04:00,1,546.81,53,53,0,Others,0.028922615369134368
17521.0,2011-11-10 11:22:00,2011-05-24 15:14:00,3,723.21,198,29,0,Loyal Customers,0.24918545667186703
17522.0,2011-12-08 12:31:00,2011-05-05 16:31:00,5,1070.71,217,1,0,Loyal Customers,0.11921662373499445
17523.0,2011-11-28 13:20:00,2011-11-20 13:40:00,4,652.74,18,10,0,Loyal Customers,0.027425138575750685
17524.0,2010-12-13 14:32:00,2010-12-13 14:32:00,1,145.0,360,360,1,At Risk,0.9623349884355141
17525.0,2010-12-15 12:05:00,2010-12-15 12:05:00,1,422.7,359,359,1,At Risk,0.9370690591466858
17526.0,2011-12-05 11:05:00,2010-12-09 12:20:00,4,1195.9,365,4,0,Loyal Customers,0.21823626317117548
17527.0,2011-10-17 12:32:00,2011-05-05 13:43:00,4,939.37,217,53,0,Others,0.1443393126844077
17528.0,2011-12-08 13:27:00,2011-09-29 13:04:00,8,3628.5,70,0,0,Champions,0.02635594907839513
17530.0,2011-12-08 18:42:00,2010-12-09 20:01:00,10,2385.0,364,0,0,Champions,0.04837816031143414
17531.0,2011-06-02 19:17:00,2011-06-02 19:17:00,1,296.7,189,189,1,At Risk,0.9480677072967835
17534.0,2011-10-17 12:47:00,2011-10-17 12:47:00,1,223.36,53,53,0,Others,0.02523278045532235
17535.0,2011-03-04 15:20:00,2011-03-04 15:20:00,1,164.4,279,279,1,At Risk,0.9610387387311932
17536.0,2011-06-15 13:23:00,2011-06-15 13:23:00,1,76.5,176,176,1,At Risk,0.9704253755322857
17537.0,2011-11-10 10:56:00,2011-02-09 13:37:00,2,897.62,302,29,0,Potential Loyalist,0.5065319558298941
17538.0,2011-11-14 12:12:00,2011-11-14 12:12:00,1,98.42,25,25,0,Potential Loyalist,0.022209743814190507
17540.0,2011-11-15 11:56:00,2011-01-27 14:35:00,2,578.9,315,24,0,Potential Loyalist,0.5056097303915805
17542.0,2011-03-15 11:45:00,2011-03-15 11:45:00,1,170.75,269,269,1,At Risk,0.9551693161106496
17545.0,2011-10-27 14:04:00,2011-10-27 13:48:00,3,645.96,42,42,0,Others,0.02760886845879644
17548.0,2011-04-20 12:01:00,2011-04-20 12:01:00,1,103.3,233,233,1,At Risk,0.9750247345763284
17549.0,2011-11-16 09:59:00,2011-10-19 10:05:00,2,148.86,51,23,0,Potential Loyalist,0.06469512667117516
17550.0,2011-05-26 14:09:00,2011-04-10 15:19:00,3,267.16,242,196,1,At Risk,0.5521737031656049
17551.0,2010-12-15 14:12:00,2010-12-15 14:12:00,1,306.84,358,358,1,At Risk,0.9580738765827445
17552.0,2011-10-10 17:00:00,2010-12-02 18:45:00,4,930.41,371,59,0,Others,0.2536828604348644
17553.0,2011-08-02 10:00:00,2011-08-02 10:00:00,1,1487.6,129,129,1,At Risk,0.8107829672222134
17554.0,2011-12-08 14:15:00,2011-07-14 20:01:00,5,1952.45,147,0,0,Loyal Customers,0.0611820761209868
17555.0,2011-11-20 12:22:00,2011-01-09 12:31:00,2,483.26,334,19,0,Potential Loyalist,0.5281414587831678
17556.0,2011-05-18 10:48:00,2011-05-18 10:48:00,1,157.9,205,205,1,At Risk,0.9620257452068478
17557.0,2011-11-25 12:57:00,2011-09-19 14:23:00,3,541.46,80,13,0,Loyal Customers,0.0287530194924536
17560.0,2011-09-06 09:18:00,2011-02-02 11:14:00,4,854.95,310,94,1,At Risk,0.22957210926300006
17561.0,2011-11-20 12:53:00,2011-11-20 12:53:00,1,167.62,18,18,0,Potential Loyalist,0.0294526834648491
17562.0,2011-11-25 14:21:00,2011-06-19 13:06:00,7,1122.38,172,13,0,Loyal Customers,0.08203606837142477
17564.0,2011-11-15 13:27:00,2011-09-20 14:00:00,3,454.01,79,23,0,Loyal Customers,0.04436268077387517
17566.0,2011-12-01 19:54:00,2011-11-14 13:42:00,2,901.21,24,7,0,Potential Loyalist,0.022334653241293436
17567.0,2011-12-02 15:48:00,2010-12-02 15:18:00,8,4331.48,371,6,0,Champions,0.0452964466268749
17569.0,2011-01-11 14:15:00,2011-01-11 14:15:00,1,344.14,331,331,1,At Risk,0.9501743230190521
17571.0,2011-10-20 15:57:00,2011-02-14 15:15:00,4,1498.51,297,49,0,Others,0.21111147530207203
17572.0,2011-09-29 17:53:00,2010-12-01 12:51:00,4,226.75000000000003,372,70,0,Others,0.5179173848491189
17573.0,2011-11-10 13:01:00,2011-09-07 10:36:00,3,380.6,93,28,0,Loyal Customers,0.21496591050348024
17574.0,2011-04-11 09:47:00,2011-04-11 09:47:00,1,185.65,242,242,1,At Risk,0.9719535590973397
17576.0,2011-12-01 17:56:00,2010-12-09 16:57:00,19,3622.68,364,7,0,Champions,0.047149511413042786
17578.0,2011-05-05 18:38:00,2011-05-05 18:38:00,1,143.45999999999998,217,217,1,At Risk,0.9690160818767828
17579.0,2011-12-05 12:28:00,2011-06-13 14:12:00,3,448.9,178,4,0,Loyal Customers,0.382689436682774
17580.0,2011-04-01 12:41:00,2010-12-16 15:27:00,3,215.72,357,252,1,At Risk,0.5721899148823986
17581.0,2011-12-09 12:21:00,2010-12-02 14:47:00,25,11045.04,371,0,0,Champions,0.017747539041443806
17582.0,2011-04-17 13:18:00,2011-04-17 13:18:00,1,175.27,235,235,1,At Risk,0.9652825454519375
17584.0,2011-12-02 17:12:00,2011-08-04 14:12:00,2,1242.3,126,6,0,Potential Loyalist,0.2346113102566686
17585.0,2011-08-22 13:30:00,2011-01-05 15:09:00,4,1133.07,337,108,1,At Risk,0.24987795174458327
17588.0,2011-08-31 13:37:00,2011-04-21 10:31:00,3,1240.2,232,99,1,At Risk,0.24449625695020225
17589.0,2011-10-10 16:58:00,2011-04-13 13:47:00,4,2404.17,239,59,0,Others,0.12353882740241168
17590.0,2011-12-07 12:55:00,2011-10-30 14:05:00,3,1479.22,39,1,0,Loyal Customers,0.024801085901184555
17591.0,2011-09-27 13:42:00,2010-12-07 15:39:00,7,2225.9700000000003,366,72,0,At Risk,0.07085656461831878
17593.0,2011-12-06 10:30:00,2010-12-22 10:29:00,5,3927.34,352,3,0,Loyal Customers,0.08645827424914457
17594.0,2011-09-15 16:34:00,2011-03-30 10:32:00,2,993.18,254,84,0,At Risk,0.47818887574255214
17595.0,2011-11-27 16:08:00,2011-11-02 16:19:00,2,388.79,36,11,0,Potential Loyalist,0.02592085274972631
17596.0,2011-11-16 14:11:00,2010-12-06 12:34:00,7,2827.93,368,22,0,Loyal Customers,0.04904623164338418
17597.0,2011-05-10 11:54:00,2011-05-10 11:54:00,1,2044.37,213,213,1,At Risk,0.8133533494264081
17600.0,2011-11-22 09:43:00,2011-11-22 09:43:00,1,161.67000000000002,17,17,0,Potential Loyalist,0.0294526834648491
17601.0,2011-04-14 18:02:00,2011-04-14 18:02:00,1,116.01,238,238,1,At Risk,0.9713223341398854
17602.0,2011-12-07 13:53:00,2011-01-19 16:18:00,6,5102.97,323,1,0,Champions,0.07064032337083291
17603.0,2011-09-22 14:18:00,2011-09-22 14:18:00,1,394.72,77,77,0,At Risk,0.0323679106966485
17604.0,2011-05-06 13:43:00,2011-01-31 15:09:00,2,309.36,311,216,1,At Risk,0.5759196267920335
17608.0,2011-11-06 13:06:00,2011-11-06 13:00:00,2,193.42,32,32,0,Potential Loyalist,0.022538473824893254
17609.0,2011-10-30 12:28:00,2011-01-16 16:23:00,5,1112.22,326,40,0,Others,0.15863252931894356
17611.0,2011-12-02 13:29:00,2010-12-13 13:52:00,15,3984.22,360,6,0,Champions,0.02692583232956712
17612.0,2011-10-17 14:59:00,2011-02-15 10:40:00,6,2048.45,297,52,0,Others,0.09772223280864933
17613.0,2011-11-17 10:51:00,2011-02-07 11:20:00,14,4559.150000000001,305,22,0,Loyal Customers,0.04029248577561459
17614.0,2011-10-13 16:01:00,2011-10-13 16:01:00,1,390.07,56,56,0,Others,0.030965471672258257
17615.0,2011-08-01 14:06:00,2011-05-01 15:33:00,3,329.6,221,129,1,At Risk,0.5311611315372494
17616.0,2011-06-19 10:11:00,2010-12-07 10:04:00,3,571.1999999999999,367,173,1,At Risk,0.45434850210584976
17618.0,2011-12-04 11:50:00,2010-12-12 16:05:00,3,971.58,361,5,0,Loyal Customers,0.3908714433498642
17619.0,2011-01-31 14:18:00,2011-01-31 14:18:00,1,218.52,311,311,1,At Risk,0.9448199465070597
17620.0,2011-10-11 12:08:00,2011-10-11 12:08:00,1,81.44,59,59,0,Others,0.02699752339861371
17621.0,2011-11-18 17:11:00,2010-12-20 13:31:00,3,1379.9,353,20,0,Loyal Customers,0.33226269708477174
17623.0,2011-11-07 11:32:00,2011-11-07 11:32:00,1,527.05,32,32,0,Potential Loyalist,0.028966704594452455
17624.0,2011-11-25 10:52:00,2011-05-05 17:59:00,2,843.48,217,14,0,Potential Loyalist,0.38381023839977146
17625.0,2011-11-21 13:36:00,2011-03-27 12:21:00,4,2047.0,257,17,0,Loyal Customers,0.1783680747477005
17628.0,2011-09-19 15:21:00,2011-09-19 15:21:00,1,75.75,80,80,0,At Risk,0.027972798123888438
17629.0,2011-12-04 10:56:00,2010-12-15 09:58:00,8,1814.12,359,5,0,Loyal Customers,0.08409547593496035
17630.0,2011-06-23 11:58:00,2011-04-21 14:03:00,2,503.6,231,169,1,At Risk,0.5160014704656218
17631.0,2011-12-08 09:47:00,2011-04-21 13:22:00,3,528.33,231,1,0,Loyal Customers,0.4400519669084759
17633.0,2011-11-08 13:25:00,2011-08-11 15:43:00,4,1324.84,119,30,0,Loyal Customers,0.0737875673645213
17634.0,2011-11-03 13:09:00,2011-01-06 12:45:00,9,2361.9700000000003,337,35,0,Others,0.08086213003925183
17636.0,2011-11-20 14:40:00,2011-11-20 14:40:00,1,285.56,18,18,0,Potential Loyalist,0.02783295172322777
17637.0,2011-11-08 12:51:00,2011-08-16 13:25:00,2,547.0600000000001,114,30,0,Potential Loyalist,0.29282700110598464
17639.0,2011-03-08 15:22:00,2011-03-08 15:22:00,1,108.5,275,275,1,At Risk,0.9682928059194169
17640.0,2011-09-14 09:13:00,2011-09-14 09:13:00,1,621.66,86,86,0,At Risk,0.03225692367866597
17642.0,2011-08-12 09:11:00,2011-06-16 12:55:00,2,712.29,175,119,1,At Risk,0.3968392784766685
17643.0,2010-12-01 14:38:00,2010-12-01 14:38:00,1,101.55,372,372,1,At Risk,0.9745858203722898
17644.0,2011-12-08 13:43:00,2011-03-24 09:44:00,11,2895.64,260,0,0,Champions,0.0660509971303151
17646.0,2011-05-04 13:17:00,2010-12-09 14:28:00,3,1008.39,364,218,1,At Risk,0.3932324164087058
17647.0,2011-10-05 15:38:00,2011-10-05 15:38:00,1,133.06,64,64,0,Others,0.03827753185502692
17648.0,2011-10-10 09:41:00,2011-04-04 10:29:00,4,1797.5,249,60,0,Others,0.14869826164747202
17649.0,2011-07-24 15:53:00,2011-07-24 15:53:00,1,868.49,137,137,1,At Risk,0.8072012936326511
17650.0,2011-11-18 14:52:00,2011-11-18 14:52:00,1,166.07999999999998,20,20,0,Potential Loyalist,0.0294526834648491
17651.0,2011-11-28 10:29:00,2011-06-15 15:57:00,10,3945.0,176,11,0,Champions,0.05245506602162665
17652.0,2011-11-14 12:55:00,2011-03-03 14:05:00,12,4867.72,280,24,0,Loyal Customers,0.03824146985389638
17653.0,2011-11-03 12:46:00,2011-08-11 15:24:00,4,1207.56,119,36,0,Others,0.07669230072037846
17654.0,2011-03-07 13:17:00,2011-03-07 13:17:00,1,117.55,276,276,1,At Risk,0.9729237388163073
17655.0,2011-11-29 11:34:00,2010-12-08 16:45:00,7,2638.94,365,10,0,Champions,0.051371391944180195
17656.0,2011-09-27 13:04:00,2011-08-03 10:45:00,5,1674.69,128,72,0,At Risk,0.07039956575450575
17658.0,2011-11-14 12:07:00,2011-05-12 15:23:00,2,595.42,210,25,0,Potential Loyalist,0.4562278795690715
17659.0,2011-11-22 13:29:00,2010-12-02 16:46:00,12,2999.46,371,16,0,Loyal Customers,0.04397533098996946
17660.0,2011-07-21 13:37:00,2011-07-21 13:37:00,1,196.0,140,140,1,At Risk,0.9562992972356124
17663.0,2011-11-14 08:56:00,2011-02-25 14:11:00,7,1802.91,286,25,0,Loyal Customers,0.07385734612728581
17664.0,2011-11-21 11:29:00,2011-05-11 14:17:00,2,604.64,211,18,0,Potential Loyalist,0.45369250519428433
17666.0,2011-12-06 09:06:00,2011-10-05 11:06:00,2,728.16,65,3,0,Potential Loyalist,0.021836600275894104
17667.0,2011-10-04 14:32:00,2011-02-14 09:24:00,5,2055.51,298,65,0,Others,0.11205747410563274
17668.0,2011-12-08 13:25:00,2011-11-01 14:45:00,2,347.75,37,0,0,Potential Loyalist,0.02398491961705005
17669.0,2011-10-28 08:53:00,2011-04-04 10:11:00,7,3406.7200000000003,249,42,0,Others,0.05898597404393228
17670.0,2011-04-26 09:12:00,2011-04-26 09:12:00,1,205.7,227,227,1,At Risk,0.9634703548229264
17671.0,2011-11-24 12:21:00,2010-12-09 14:27:00,4,1572.71,364,15,0,Loyal Customers,0.22432835779608618
17672.0,2011-10-20 14:18:00,2011-02-03 13:29:00,2,3178.17,308,49,0,Others,0.4082056877948987
17673.0,2011-12-08 12:50:00,2011-01-23 15:16:00,6,1629.12,319,1,0,Loyal Customers,0.12851060692051453
17674.0,2011-09-26 13:35:00,2010-12-06 10:20:00,2,551.04,368,73,0,At Risk,0.5078278031156607
17675.0,2011-12-08 18:03:00,2010-12-07 13:22:00,31,20374.28,366,0,0,Champions,0.016576782499840983
17676.0,2011-12-05 15:16:00,2010-12-08 13:49:00,6,1387.68,365,3,0,Loyal Customers,0.12162330430568152
17677.0,2011-12-08 09:56:00,2010-12-06 08:42:00,30,16363.23,368,1,0,Champions,0.017377562479325794
17678.0,2011-03-21 11:52:00,2011-03-21 11:52:00,1,298.11,263,263,1,At Risk,0.9550690156985943
17679.0,2011-10-18 07:43:00,2011-09-15 10:35:00,2,1992.11,85,52,0,Others,0.031499373859770106
17680.0,2011-11-16 12:42:00,2011-11-16 12:42:00,1,184.4,23,23,0,Potential Loyalist,0.03524453021252556
17682.0,2011-11-29 15:59:00,2010-12-06 13:35:00,6,2474.33,367,9,0,Champions,0.07803656126868105
17684.0,2011-10-27 11:10:00,2011-10-27 11:10:00,1,239.41,43,43,0,Others,0.028778147854021198
17685.0,2011-11-23 11:36:00,2010-12-02 14:42:00,7,3191.53,371,16,0,Loyal Customers,0.05030292253961491
17686.0,2011-12-02 15:39:00,2011-02-10 10:18:00,7,5739.46,302,6,0,Champions,0.04978292973843947
17690.0,2011-11-09 15:17:00,2010-12-01 16:15:00,15,4757.95,372,29,0,Loyal Customers,0.035715935572090435
17691.0,2010-12-16 17:20:00,2010-12-06 11:10:00,2,290.40000000000003,368,357,1,At Risk,0.5926550347450416
17692.0,2011-08-04 14:01:00,2010-12-15 13:37:00,4,740.94,358,126,1,At Risk,0.2817013900935784
17693.0,2011-07-25 15:48:00,2011-07-25 15:48:00,1,200.47,136,136,1,At Risk,0.9604901642389794
17694.0,2011-07-21 12:00:00,2011-07-21 12:00:00,1,283.12,141,141,1,At Risk,0.9379722531948452
17695.0,2011-07-31 10:40:00,2011-06-21 12:35:00,2,765.34,171,131,1,At Risk,0.36724224440089315
17696.0,2011-11-01 13:43:00,2010-12-10 09:51:00,8,2285.71,364,37,0,Others,0.0695470358066744
17697.0,2011-04-17 15:40:00,2011-04-17 15:40:00,1,338.95,235,235,1,At Risk,0.9524223098032507
17698.0,2011-03-24 11:34:00,2011-03-24 11:34:00,1,154.95,260,260,1,At Risk,0.9651662680910882
17700.0,2011-11-23 11:51:00,2011-03-03 16:34:00,4,2534.64,280,16,0,Loyal Customers,0.1408225115787243
17701.0,2011-04-01 12:25:00,2011-04-01 12:25:00,1,417.95,252,252,1,At Risk,0.934073856373833
17702.0,2011-11-09 16:03:00,2011-05-17 16:23:00,4,1824.37,205,29,0,Loyal Customers,0.09228878593082618
17703.0,2011-11-04 15:51:00,2011-07-24 13:30:00,3,798.74,137,34,0,Others,0.17343378964481684
17704.0,2011-06-24 09:40:00,2011-04-14 09:28:00,2,885.19,239,168,1,At Risk,0.45743469761402156
17705.0,2011-12-06 13:45:00,2011-02-11 10:57:00,9,1823.52,301,2,0,Loyal Customers,0.08071807953909542
17706.0,2011-12-05 13:34:00,2010-12-08 11:02:00,17,10504.49,366,3,0,Champions,0.016576782499840983
17707.0,2011-06-07 15:03:00,2011-01-07 13:30:00,2,152.4,335,184,1,At Risk,0.7439691450220436
17708.0,2011-06-05 10:12:00,2011-01-19 10:09:00,2,267.08,324,187,1,At Risk,0.584253802316372
17709.0,2011-06-23 11:55:00,2011-06-23 11:55:00,1,137.45,169,169,1,At Risk,0.9653871248931273
17711.0,2011-11-29 11:40:00,2011-02-23 11:32:00,2,385.1,289,10,0,Potential Loyalist,0.5361705654760982
17712.0,2011-10-26 12:28:00,2011-10-26 12:28:00,1,522.91,44,44,0,Others,0.028966704594452455
17714.0,2011-01-23 10:32:00,2011-01-23 10:32:00,1,153.0,320,320,1,At Risk,0.9639153643642986
17715.0,2011-05-23 12:32:00,2011-05-23 12:32:00,1,326.4,200,200,1,At Risk,0.9443388420875665
17716.0,2011-11-17 12:00:00,2011-03-17 10:38:00,11,5655.99,267,22,0,Loyal Customers,0.04012792097413535
17718.0,2011-04-21 13:39:00,2011-04-21 13:39:00,1,139.35,231,231,1,At Risk,0.96803568971992
17719.0,2011-11-02 10:36:00,2011-03-29 11:29:00,15,5396.04,255,37,0,Others,0.03502555022541592
17720.0,2011-11-13 15:04:00,2010-12-07 10:43:00,4,1195.94,367,25,0,Loyal Customers,0.2242642227287341
17722.0,2011-09-04 15:22:00,2010-12-08 12:41:00,4,2424.04,366,95,1,At Risk,0.18053497642250974
17723.0,2011-08-04 18:37:00,2011-05-09 14:44:00,6,3276.4000000000005,213,126,1,At Risk,0.09508289158979931
17724.0,2011-09-29 15:26:00,2011-07-24 13:26:00,3,1033.0,137,70,0,Others,0.15818324606766054
17725.0,2011-11-23 16:34:00,2011-03-17 19:47:00,11,3439.08,266,15,0,Loyal Customers,0.05810138550163927
17727.0,2011-11-24 17:06:00,2011-11-24 17:06:00,1,1060.25,14,14,0,Potential Loyalist,0.022468945981816923
17728.0,2011-12-06 08:52:00,2011-09-14 11:39:00,3,2876.01,86,3,0,Loyal Customers,0.03329965960199353
17730.0,2011-12-06 15:43:00,2011-01-17 14:49:00,13,5298.4800000000005,325,2,0,Champions,0.04068271198253381
17731.0,2011-09-21 15:02:00,2011-06-09 14:18:00,4,1240.11,182,78,0,At Risk,0.09394864883261295
17732.0,2010-12-02 09:29:00,2010-12-02 09:29:00,1,303.97,372,372,1,At Risk,0.9565808855780885
17733.0,2011-11-01 08:16:00,2011-03-23 09:54:00,2,692.19,261,38,0,Others,0.4861988042388261
17734.0,2011-10-17 12:33:00,2011-04-20 10:04:00,3,700.63,233,53,0,Others,0.31312584152146156
17735.0,2011-12-07 16:47:00,2010-12-07 10:32:00,19,13110.02,367,1,0,Champions,0.017629448155360074
17736.0,2011-11-30 15:36:00,2011-08-18 14:33:00,3,377.44,112,8,0,Loyal Customers,0.2324898176170306
17737.0,2011-11-30 15:16:00,2011-10-12 14:42:00,2,168.24,57,8,0,Potential Loyalist,0.04322379846921407
17738.0,2011-11-20 15:05:00,2011-03-02 16:26:00,4,1879.05,281,18,0,Loyal Customers,0.16393808021731282
17739.0,2011-11-28 09:12:00,2010-12-14 14:26:00,7,2791.35,359,11,0,Champions,0.06467831177894777
17742.0,2011-08-18 15:28:00,2011-01-11 10:04:00,2,355.11,332,112,1,At Risk,0.5837279855928087
17744.0,2011-12-06 12:11:00,2010-12-16 14:17:00,6,2322.4,357,3,0,Champions,0.09891050404260206
17746.0,2011-04-13 14:31:00,2011-04-13 14:31:00,1,110.25,239,239,1,At Risk,0.9666914012429951
17747.0,2011-08-19 08:13:00,2011-08-19 08:13:00,1,71.4,112,112,1,At Risk,0.9799248343414806
17749.0,2011-06-14 15:45:00,2011-03-28 13:39:00,2,674.52,255,177,1,At Risk,0.48942857427055514
17750.0,2011-12-04 14:09:00,2011-06-28 15:44:00,9,1797.57,163,4,0,Loyal Customers,0.052697911491422916
17752.0,2010-12-15 16:19:00,2010-12-15 16:19:00,1,80.64,358,358,1,At Risk,0.9789222947713406
17754.0,2011-12-09 11:20:00,2011-03-24 13:54:00,5,1772.26,259,0,0,Loyal Customers,0.09847108841901317
17757.0,2011-12-08 15:31:00,2010-12-02 17:17:00,30,5605.29,371,0,0,Champions,0.021243354382610206
17758.0,2011-11-20 14:45:00,2011-04-03 15:22:00,8,3456.7,249,18,0,Loyal Customers,0.06509201026490351
17759.0,2011-11-22 16:02:00,2011-06-23 13:35:00,3,834.99,168,16,0,Loyal Customers,0.19486423594841823
17760.0,2011-11-18 10:56:00,2010-12-01 15:08:00,2,287.59,372,21,0,Potential Loyalist,0.5882160093867906
17761.0,2011-11-07 10:23:00,2011-11-07 10:23:00,1,712.78,32,32,0,Potential Loyalist,0.015256754713031822
17763.0,2011-03-21 14:25:00,2011-03-21 14:25:00,1,15.0,262,262,1,At Risk,0.9790765788945569
17764.0,2011-10-20 11:03:00,2011-05-12 16:11:00,2,818.82,210,50,0,Others,0.37065404772399063
17765.0,2011-07-04 12:41:00,2011-03-28 11:58:00,3,371.88,256,158,1,At Risk,0.54114342014732
17767.0,2011-11-24 14:42:00,2011-11-24 14:42:00,1,271.2,14,14,0,Potential Loyalist,0.02783295172322777
17768.0,2011-12-01 13:22:00,2011-06-26 13:46:00,3,2273.1800000000003,165,7,0,Loyal Customers,0.1674788189701091
17769.0,2011-11-27 11:18:00,2011-01-23 11:15:00,10,3997.98,320,12,0,Champions,0.0441615299696171
17770.0,2011-05-25 12:34:00,2011-03-02 13:35:00,5,1143.27,281,198,1,At Risk,0.1593779751163807
17771.0,2011-10-14 11:43:00,2011-01-20 14:13:00,2,245.81,322,56,0,Others,0.5629915649097639
17772.0,2011-11-29 11:05:00,2011-11-29 10:57:00,2,182.77,10,10,0,Potential Loyalist,0.02004227312586934
17774.0,2011-09-04 12:49:00,2011-02-07 13:13:00,4,1225.41,304,96,1,At Risk,0.2146081837767182
17775.0,2011-03-30 10:50:00,2011-03-30 10:50:00,1,56.4,254,254,1,At Risk,0.9816514662534311
17777.0,2011-11-15 12:02:00,2011-08-31 14:35:00,3,665.86,99,24,0,Loyal Customers,0.12033565842713462
17779.0,2011-11-18 14:15:00,2011-07-19 12:19:00,3,658.57,143,20,0,Loyal Customers,0.19280424697304427
17781.0,2011-07-03 16:00:00,2011-03-31 19:54:00,2,188.02,252,158,1,At Risk,0.5977949678037305
17783.0,2011-09-28 16:07:00,2011-04-06 10:07:00,2,283.47,247,71,0,Others,0.5460786366518076
17785.0,2011-10-17 13:43:00,2011-10-17 13:43:00,1,131.94,52,52,0,Others,0.03827753185502692
17786.0,2011-09-15 12:51:00,2011-01-26 14:35:00,2,278.74,316,84,0,At Risk,0.5711728211613225
17787.0,2011-07-10 11:24:00,2010-12-03 13:43:00,4,1865.19,370,152,1,At Risk,0.24287740619849546
17788.0,2011-09-27 10:09:00,2011-08-02 10:38:00,2,1117.9,129,73,0,At Risk,0.2734693413492694
17789.0,2011-03-03 13:14:00,2011-03-03 13:14:00,1,225.9,280,280,1,At Risk,0.9591670555893782
17790.0,2011-11-13 11:30:00,2010-12-10 10:47:00,14,1965.55,364,26,0,Loyal Customers,0.06008270095213103
17791.0,2011-11-10 12:09:00,2011-11-10 12:09:00,1,106.1,29,29,0,Potential Loyalist,0.028183635995173612
17793.0,2011-11-14 14:24:00,2011-11-14 14:24:00,1,323.04,24,24,0,Potential Loyalist,0.02859749729717051
17795.0,2011-06-13 12:36:00,2011-03-20 12:02:00,2,350.39,264,179,1,At Risk,0.5486857702380719
17796.0,2011-10-30 15:38:00,2010-12-05 12:23:00,4,697.9,369,39,0,Others,0.30280172698500657
17797.0,2011-11-17 13:21:00,2011-06-10 11:29:00,3,780.43,182,21,0,Loyal Customers,0.20430995008983305
17799.0,2011-11-17 15:16:00,2010-12-13 13:10:00,10,3055.93,360,21,0,Loyal Customers,0.04706512249072101
17800.0,2011-11-02 12:57:00,2011-01-09 13:50:00,9,1199.01,333,36,0,Others,0.10199312321990128
17802.0,2011-09-18 14:56:00,2010-12-02 13:44:00,3,1285.04,371,81,0,At Risk,0.32157865442561573
17805.0,2011-09-27 11:49:00,2011-09-27 11:49:00,1,512.31,73,73,0,At Risk,0.03157540024662637
17806.0,2011-11-28 14:12:00,2011-11-28 14:12:00,1,546.04,10,10,0,Potential Loyalist,0.028922615369134368
17809.0,2011-11-23 12:59:00,2010-12-01 09:41:00,12,5411.91,373,15,0,Loyal Customers,0.04854797071222184
17811.0,2011-12-05 13:46:00,2011-01-10 10:58:00,39,7837.73,333,3,0,Champions,0.03206700970797764
17812.0,2011-11-27 11:47:00,2010-12-06 15:27:00,4,732.16,367,12,0,Loyal Customers,0.29309627229274404
17813.0,2011-11-25 16:13:00,2011-09-29 15:57:00,5,1770.88,70,13,0,Loyal Customers,0.02206586594163226
17816.0,2011-11-03 11:34:00,2010-12-09 14:10:00,4,36.56,364,36,0,Others,0.5582816131852908
17817.0,2011-12-05 14:39:00,2011-03-07 17:30:00,3,387.68,276,3,0,Loyal Customers,0.5223732159890053
17819.0,2011-09-29 10:52:00,2010-12-03 14:26:00,7,3704.87,370,71,0,Others,0.06423191284154807
17824.0,2011-10-19 14:14:00,2011-10-19 14:14:00,1,298.4,50,50,0,Others,0.02783295172322777
17827.0,2011-12-04 15:00:00,2010-12-10 10:18:00,5,1995.46,364,4,0,Loyal Customers,0.1226902625218999
17828.0,2011-11-17 08:41:00,2011-06-08 08:31:00,4,1820.09,184,22,0,Loyal Customers,0.08269171785113415
17829.0,2011-02-14 12:46:00,2011-02-14 12:46:00,1,889.24,298,298,1,At Risk,0.8220674356168289
17830.0,2011-12-08 12:28:00,2011-02-24 10:15:00,3,398.7,288,1,0,Loyal Customers,0.5210889311166986
17831.0,2011-11-06 15:09:00,2011-11-06 15:09:00,1,35.400000000000006,32,32,0,Potential Loyalist,0.025028121797352428
17832.0,2011-10-21 11:43:00,2011-10-21 11:43:00,1,155.37,49,49,0,Others,0.043599120890594596
17835.0,2011-12-07 11:48:00,2011-11-16 16:30:00,3,350.64,22,2,0,Loyal Customers,0.04200206113475148
17836.0,2011-10-23 16:13:00,2011-10-23 16:13:00,1,110.21,46,46,0,Others,0.02985030266184028
17837.0,2011-10-28 16:13:00,2011-06-29 16:44:00,8,1593.38,162,41,0,Others,0.06260955751073091
17838.0,2011-11-13 11:20:00,2010-12-02 15:55:00,5,2779.3,371,26,0,Loyal Customers,0.08437123113475634
17839.0,2011-10-28 17:27:00,2011-10-28 17:27:00,1,338.8,41,41,0,Others,0.021541167787968055
17841.0,2011-12-08 12:07:00,2010-12-01 14:41:00,124,40991.57,372,1,0,Champions,0.028269998465507644
17843.0,2011-02-09 15:33:00,2011-02-09 15:33:00,1,205.48,302,302,1,At Risk,0.9576610073561891
17844.0,2011-08-25 11:27:00,2011-08-25 11:27:00,1,51.56,106,106,1,At Risk,0.9775581944230836
17846.0,2011-09-15 15:20:00,2011-09-15 15:20:00,1,2033.1,84,84,0,At Risk,0.04405800860098988
17848.0,2011-09-19 16:49:00,2010-12-16 18:38:00,9,901.2,357,80,0,At Risk,0.16175430746430267
17849.0,2011-05-05 13:46:00,2011-01-10 11:59:00,4,605.8000000000001,333,217,1,At Risk,0.40888758521315827
17850.0,2010-12-02 15:27:00,2010-12-01 08:26:00,34,5391.21,373,371,1,At Risk,0.10946669863672703
17852.0,2011-11-28 12:36:00,2011-11-28 12:31:00,2,114.34,11,11,0,Potential Loyalist,0.06721190036016247
17854.0,2011-06-07 16:21:00,2011-04-26 16:53:00,2,311.26,226,184,1,At Risk,0.5700620139712471
17855.0,2010-12-02 09:44:00,2010-12-02 09:44:00,1,208.97,372,372,1,At Risk,0.9606766632546326
17856.0,2011-12-08 09:40:00,2011-03-03 11:40:00,4,1418.03,281,1,0,Loyal Customers,0.19132687537763896
17857.0,2011-12-05 13:13:00,2010-12-09 11:35:00,23,26879.04,365,3,0,Champions,0.01891232239300324
17858.0,2011-12-04 11:56:00,2010-12-05 13:08:00,12,5155.66,368,5,0,Champions,0.029142999200487237
17859.0,2011-02-08 10:32:00,2011-02-08 10:32:00,1,148.21,304,304,1,At Risk,0.9618589723855496
17860.0,2010-12-06 12:41:00,2010-12-06 12:41:00,1,252.8,368,368,1,At Risk,0.9504729521625443
17861.0,2011-12-06 16:21:00,2011-01-24 11:34:00,8,2100.8,319,2,0,Champions,0.0842076283815079
17862.0,2011-01-20 12:23:00,2011-01-20 12:23:00,1,330.9,323,323,1,At Risk,0.954430818081395
17863.0,2011-10-11 13:45:00,2010-12-05 13:21:00,6,3160.0,368,58,0,Others,0.07548138884323027
17864.0,2011-11-27 11:15:00,2011-03-09 11:44:00,3,597.5,275,12,0,Loyal Customers,0.41155450545012884
17865.0,2011-11-09 12:08:00,2010-12-10 14:53:00,20,10526.32,363,30,0,Loyal Customers,0.019729941493268142
17866.0,2011-07-20 11:07:00,2011-07-20 11:07:00,1,329.65000000000003,142,142,1,At Risk,0.9336281282071726
17867.0,2011-11-09 14:15:00,2011-02-24 12:25:00,6,1197.1,288,29,0,Loyal Customers,0.1336987092064222
17869.0,2011-08-24 16:16:00,2010-12-06 17:16:00,5,428.18,367,106,1,At Risk,0.4904182908856811
17870.0,2011-12-07 15:07:00,2010-12-08 08:12:00,12,1894.35,366,1,0,Loyal Customers,0.06906929787463799
17871.0,2011-05-19 11:32:00,2011-05-19 11:32:00,1,155.9,204,204,1,At Risk,0.9636141497529563
17873.0,2011-09-20 16:41:00,2010-12-01 14:54:00,5,1859.16,372,79,0,At Risk,0.31500717537758605
17874.0,2011-06-07 12:54:00,2011-03-29 11:25:00,6,683.46,255,184,1,At Risk,0.3033765002114921
17877.0,2011-06-22 13:00:00,2011-06-22 13:00:00,1,237.61,169,169,1,At Risk,0.9370940443384879
17878.0,2011-10-27 11:24:00,2011-10-27 11:24:00,1,379.45,43,43,0,Others,0.030681603579566636
17879.0,2011-06-19 12:36:00,2011-06-19 12:36:00,1,178.52,173,173,1,At Risk,0.9594549495700921
17880.0,2010-12-10 10:21:00,2010-12-10 10:21:00,1,458.92,364,364,1,At Risk,0.9442671304209665
17881.0,2011-02-08 17:16:00,2011-02-08 17:16:00,1,133.35,303,303,1,At Risk,0.9696876071934573
17883.0,2011-12-06 17:49:00,2011-04-07 19:16:00,4,671.77,245,2,0,Loyal Customers,0.25525200193774256
17884.0,2011-12-06 11:33:00,2010-12-03 12:11:00,4,717.45,371,3,0,Loyal Customers,0.3150489334100084
17885.0,2011-11-27 14:40:00,2011-11-27 14:40:00,1,190.19,11,11,0,Potential Loyalist,0.035735043368838634
17886.0,2011-11-08 10:09:00,2011-04-04 12:34:00,3,899.61,249,31,0,Loyal Customers,0.32979685178366575
17887.0,2011-08-02 17:29:00,2011-08-02 17:29:00,1,111.35,128,128,1,At Risk,0.973810582187658
17888.0,2011-11-18 13:45:00,2010-12-17 13:56:00,8,726.05,356,20,0,Loyal Customers,0.18182676176721516
17889.0,2011-05-11 16:26:00,2011-01-21 17:14:00,2,203.87,321,211,1,At Risk,0.5965867788619282
17890.0,2011-01-21 11:19:00,2010-12-13 15:12:00,2,602.09,360,322,1,At Risk,0.5287539283584812
17891.0,2011-06-30 20:08:00,2011-06-30 20:08:00,1,203.86,161,161,1,At Risk,0.9634935509912802
17892.0,2011-10-14 16:49:00,2011-07-07 12:56:00,3,244.1,154,55,0,Others,0.3203407712276045
17893.0,2011-04-28 13:50:00,2011-04-28 13:50:00,1,112.25,224,224,1,At Risk,0.9739410241690887
17894.0,2011-09-29 09:23:00,2010-12-08 14:50:00,8,1119.81,365,71,0,Others,0.12020076093259821
17895.0,2011-10-26 17:00:00,2011-10-26 17:00:00,1,98.0,43,43,0,Others,0.022209743814190507
17896.0,2011-11-16 13:59:00,2011-11-16 13:59:00,1,256.32,22,22,0,Potential Loyalist,0.028778147854021198
17897.0,2011-06-20 11:23:00,2010-12-01 12:31:00,3,566.6,373,172,1,At Risk,0.44055802901286384
17898.0,2011-09-15 14:56:00,2011-05-16 17:13:00,2,152.06,206,84,0,At Risk,0.6342066580459138
17899.0,2011-07-03 14:58:00,2011-07-03 14:58:00,1,155.8,158,158,1,At Risk,0.9685544010605034
17900.0,2011-06-02 14:38:00,2011-06-02 14:28:00,2,112.2,189,189,1,At Risk,0.6857726258237418
17901.0,2011-11-10 17:29:00,2011-11-10 17:29:00,1,110.38,28,28,0,Potential Loyalist,0.028183635995173612
17904.0,2011-11-18 12:57:00,2011-11-18 12:57:00,1,191.67,20,20,0,Potential Loyalist,0.035735043368838634
17905.0,2011-09-29 17:33:00,2010-12-01 13:21:00,4,800.24,372,70,0,Others,0.3509088635051893
17906.0,2011-04-06 17:25:00,2011-04-06 17:25:00,1,72.9,246,246,1,At Risk,0.9807222017123672
17908.0,2010-12-01 11:45:00,2010-12-01 11:45:00,1,243.28,373,373,1,At Risk,0.9516443327949707
17911.0,2011-11-30 14:52:00,2011-11-30 14:52:00,1,366.23,8,8,0,Potential Loyalist,0.02866237281033587
17912.0,2011-02-02 14:25:00,2010-12-10 11:11:00,5,311.01,364,309,1,At Risk,0.47752980867734024
17913.0,2011-10-12 10:45:00,2010-12-19 11:35:00,2,411.6,355,58,0,Others,0.5805891727849664
17914.0,2011-12-06 11:58:00,2011-12-06 11:58:00,1,336.43,3,3,0,Potential Loyalist,0.019111097857898125
17917.0,2011-10-25 13:20:00,2010-12-12 12:08:00,3,341.28,362,44,0,Others,0.5691329238510415
17919.0,2011-09-12 13:41:00,2011-09-12 13:41:00,1,1304.04,87,87,0,At Risk,0.030908892139849837
17920.0,2011-12-05 14:29:00,2010-12-01 11:49:00,17,4204.1,373,3,0,Champions,0.04792813236764415
17921.0,2011-10-06 18:56:00,2011-03-18 13:19:00,4,826.52,265,63,0,Others,0.21930921741942228
17923.0,2011-03-02 15:15:00,2011-03-02 15:15:00,1,207.50000000000003,281,281,1,At Risk,0.9634663742046865
17924.0,2011-11-28 09:11:00,2010-12-01 10:51:00,7,2962.5,373,11,0,Champions,0.08041809360869971
17925.0,2010-12-02 10:10:00,2010-12-02 10:10:00,1,244.08,372,372,1,At Risk,0.9559767229100433
17926.0,2011-07-29 14:39:00,2011-05-20 09:24:00,2,397.29,203,132,1,At Risk,0.49579975455743297
17928.0,2011-10-25 13:52:00,2011-04-07 18:03:00,2,212.54,245,44,0,Others,0.5133426711056059
17929.0,2011-11-28 16:01:00,2011-02-04 11:40:00,4,843.0,308,10,0,Loyal Customers,0.2284084740378214
17930.0,2011-11-04 10:23:00,2011-04-14 15:46:00,5,1740.48,238,35,0,Others,0.10928181176321677
17931.0,2011-07-28 18:33:00,2011-03-29 12:31:00,2,408.36,255,133,1,At Risk,0.5517696477869642
17932.0,2011-11-10 19:49:00,2011-05-12 13:58:00,3,1331.57,210,28,0,Loyal Customers,0.17613156031857544
17934.0,2011-10-19 11:16:00,2011-10-12 10:50:00,2,704.25,58,51,0,Others,0.023001527634191627
17935.0,2011-07-24 13:18:00,2011-07-21 11:23:00,2,145.79,141,137,1,At Risk,0.6666927016663283
17936.0,2011-12-04 13:32:00,2011-12-04 13:32:00,1,389.84,4,4,0,Potential Loyalist,0.030965471672258257
17937.0,2011-12-01 11:45:00,2010-12-12 14:43:00,7,4301.22,361,8,0,Champions,0.04326712407566099
17939.0,2011-07-03 12:27:00,2011-07-03 12:27:00,1,99.14,159,159,1,At Risk,0.9772561545095053
17940.0,2011-10-21 13:27:00,2011-02-10 09:29:00,10,4106.4400000000005,302,48,0,Others,0.041882069598865354
17941.0,2011-08-01 08:30:00,2011-08-01 08:30:00,1,304.56,130,130,1,At Risk,0.9394794955834439
17942.0,2011-12-02 10:45:00,2011-12-02 10:45:00,1,77.50000000000001,7,7,0,Potential Loyalist,0.023901369552459868
17946.0,2011-04-20 17:00:00,2011-03-25 14:34:00,2,149.57999999999998,258,232,1,At Risk,0.704290095779269
17947.0,2011-11-02 13:05:00,2011-11-02 13:05:00,1,176.68,36,36,0,Others,0.03193688744739031
17948.0,2011-07-15 12:58:00,2011-07-15 12:58:00,1,358.56000000000006,146,146,1,At Risk,0.9287749800133386
17949.0,2011-12-08 18:46:00,2010-12-03 13:12:00,45,58510.48,370,0,0,Champions,0.019802152794290324
17950.0,2011-09-28 15:18:00,2010-12-09 15:16:00,3,482.2,364,71,0,Others,0.49735267584320186
17951.0,2011-10-31 12:30:00,2010-12-01 12:40:00,3,1008.54,373,39,0,Others,0.40596785222932574
17954.0,2011-12-04 14:15:00,2010-12-03 14:18:00,12,2332.72,370,4,0,Champions,0.0546656847126257
17955.0,2011-05-25 12:00:00,2011-05-04 12:29:00,4,557.3,219,198,1,At Risk,0.3538477332777912
17956.0,2011-04-04 13:47:00,2011-04-04 13:47:00,1,12.75,248,248,1,At Risk,0.9754870563208216
17957.0,2011-10-04 14:58:00,2011-10-04 14:58:00,1,111.68,65,65,0,Others,0.03111953343107105
17958.0,2011-08-15 12:19:00,2011-08-15 12:19:00,1,508.46,116,116,1,At Risk,0.9112043967615254
17960.0,2011-06-21 14:15:00,2011-06-21 14:15:00,1,73.78,170,170,1,At Risk,0.9766177724289389
17961.0,2011-11-18 16:55:00,2010-12-02 19:18:00,39,1296.44,371,20,0,Loyal Customers,0.09704277571122435
17962.0,2011-07-20 14:16:00,2011-07-20 14:16:00,1,102.83,141,141,1,At Risk,0.9758746847517605
17964.0,2011-11-08 10:44:00,2010-12-02 13:32:00,2,471.7,371,31,0,Potential Loyalist,0.5251781235951962
17965.0,2011-11-02 09:31:00,2010-12-05 15:54:00,14,2622.57,368,37,0,Others,0.03581635771680083
17966.0,2011-11-02 10:26:00,2011-03-23 17:25:00,5,1098.43,260,37,0,Others,0.16232543473943545
17967.0,2010-12-03 11:19:00,2010-12-03 11:19:00,1,123.07,371,371,1,At Risk,0.9660065727520482
17968.0,2010-12-01 12:23:00,2010-12-01 12:23:00,1,277.35,373,373,1,At Risk,0.9557412530744175
17969.0,2011-06-26 13:00:00,2010-12-13 15:34:00,2,228.2,360,165,1,At Risk,0.5907017528064652
17970.0,2011-05-12 20:03:00,2011-05-12 20:03:00,1,582.59,210,210,1,At Risk,0.9160298565267895
17972.0,2011-04-12 12:16:00,2011-04-12 12:16:00,1,136.04,241,241,1,At Risk,0.97078568971992
17973.0,2011-10-19 10:34:00,2011-10-19 10:34:00,1,337.04,51,51,0,Others,0.019111097857898125
17974.0,2011-11-15 11:37:00,2011-05-04 11:50:00,3,740.79,219,24,0,Loyal Customers,0.2620526558227699
17975.0,2011-11-24 13:27:00,2010-12-08 11:38:00,13,4488.81,366,14,0,Loyal Customers,0.02612818288805228
17976.0,2010-12-02 13:49:00,2010-12-02 13:49:00,1,353.19,371,371,1,At Risk,0.9444492971948758
17977.0,2011-11-10 13:28:00,2011-11-10 13:28:00,1,288.14,28,28,0,Potential Loyalist,0.02783295172322777
17978.0,2010-12-09 14:05:00,2010-12-09 14:05:00,1,300.92,364,364,1,At Risk,0.9582285157580023
17979.0,2011-11-04 12:05:00,2011-03-25 11:34:00,4,757.71,259,35,0,Others,0.2395125013051654
17980.0,2011-06-27 12:01:00,2010-12-15 15:50:00,3,811.45,358,165,1,At Risk,0.40914497186934734
17984.0,2011-07-17 15:59:00,2011-07-17 15:59:00,1,152.68,144,144,1,At Risk,0.9596105122970882
17985.0,2011-11-17 14:24:00,2011-11-17 14:24:00,1,634.95,21,21,0,Potential Loyalist,0.02285710040187619
17986.0,2011-10-14 14:22:00,2011-10-14 14:22:00,1,20.8,55,55,0,Others,0.025028121797352428
17987.0,2011-06-07 14:22:00,2011-06-07 14:22:00,1,198.57,184,184,1,At Risk,0.9578251992994014
17988.0,2011-11-28 11:00:00,2011-01-17 11:59:00,7,201.12,326,11,0,Loyal Customers,0.30509471436391034
17990.0,2011-04-17 11:44:00,2010-12-13 12:10:00,3,630.84,361,236,1,At Risk,0.4828608216925901
17991.0,2011-04-28 15:58:00,2011-04-27 16:39:00,2,93.35,225,224,1,At Risk,0.6521440278790095
17994.0,2011-08-10 11:41:00,2011-02-22 11:02:00,4,678.49,290,121,1,At Risk,0.3071545274026064
17995.0,2011-03-03 12:30:00,2011-03-03 12:30:00,1,76.1,281,281,1,At Risk,0.9812836835169279
17997.0,2011-09-26 16:13:00,2011-06-28 17:28:00,8,1970.67,163,73,0,At Risk,0.053388595430698835
17999.0,2011-11-02 15:56:00,2010-12-08 15:17:00,2,382.06,365,36,0,Others,0.5680552032870346
18001.0,2011-11-27 16:02:00,2011-09-14 11:21:00,2,417.23,86,11,0,Potential Loyalist,0.02376749140518849
18004.0,2010-12-12 13:47:00,2010-12-12 13:47:00,1,169.47,361,361,1,At Risk,0.9584717924721781
18005.0,2011-12-06 11:51:00,2011-10-23 14:40:00,2,249.72,46,3,0,Potential Loyalist,0.020465256158067616
18006.0,2011-11-16 16:52:00,2011-11-16 16:52:00,1,444.68,22,22,0,Potential Loyalist,0.025957752999993314
18008.0,2011-09-30 15:17:00,2011-01-25 12:26:00,9,2116.19,318,69,0,Others,0.08103665020379605
18009.0,2011-04-18 13:36:00,2011-04-18 13:36:00,1,257.34,234,234,1,At Risk,0.9571466516512163
18010.0,2011-03-28 12:27:00,2011-03-28 12:27:00,1,174.8,256,256,1,At Risk,0.964099898671706
18011.0,2010-12-01 17:35:00,2010-12-01 17:35:00,1,102.79,372,372,1,At Risk,0.9745858203722898
18013.0,2011-07-07 14:11:00,2011-07-07 14:08:00,2,187.29,154,154,1,At Risk,0.4730776023115567
18014.0,2011-11-11 15:28:00,2011-11-11 15:28:00,1,166.42,27,27,0,Potential Loyalist,0.0294526834648491
18015.0,2011-12-05 14:49:00,2011-12-05 14:49:00,1,120.03,3,3,0,Potential Loyalist,0.036849656611362205
18016.0,2011-11-07 13:25:00,2010-12-10 17:14:00,5,1483.56,363,31,0,Loyal Customers,0.14413462876811742
18017.0,2011-09-19 16:15:00,2011-02-02 13:57:00,3,523.0,309,80,0,At Risk,0.46324389317393255
18018.0,2011-08-23 17:37:00,2011-05-24 13:22:00,2,122.14,198,107,1,At Risk,0.6972762739348087
18019.0,2011-10-19 12:10:00,2011-10-19 12:10:00,1,38.45,51,51,0,Others,0.02411903088826152
18022.0,2011-11-04 12:45:00,2011-11-04 12:45:00,1,668.11,35,35,0,Others,0.016620391076668184
18024.0,2011-07-10 12:40:00,2011-07-10 12:28:00,2,389.78,152,152,1,At Risk,0.41030437269375625
18027.0,2011-09-02 10:38:00,2011-09-02 10:38:00,1,115.31,98,98,1,At Risk,0.9719808312256345
18030.0,2011-12-05 16:37:00,2011-10-28 13:55:00,2,230.65,41,3,0,Potential Loyalist,0.020868115157417842
18032.0,2011-01-09 15:32:00,2011-01-09 15:32:00,1,73.5,333,333,1,At Risk,0.9816868668822366
18033.0,2011-10-05 17:28:00,2011-10-05 17:28:00,1,97.97,64,64,0,Others,0.022209743814190507
18034.0,2011-11-18 12:22:00,2011-11-18 12:08:00,2,422.88,21,21,0,Potential Loyalist,0.020935044596677846
18035.0,2011-11-04 12:39:00,2011-10-27 17:48:00,3,730.4,42,35,0,Others,0.03380670646113998
18036.0,2011-11-07 14:40:00,2011-04-08 11:26:00,3,405.62,245,31,0,Loyal Customers,0.5500960318055226
18037.0,2011-07-08 13:39:00,2010-12-12 16:20:00,6,70.02,361,153,1,At Risk,0.5508568611066162
18040.0,2011-11-20 14:20:00,2011-04-08 08:27:00,2,357.20000000000005,245,18,0,Potential Loyalist,0.5571998052322443
18041.0,2011-11-28 11:39:00,2010-12-02 11:21:00,21,4183.39,372,11,0,Champions,0.030536397260501596
18042.0,2011-10-17 11:49:00,2011-10-17 11:49:00,1,165.04999999999998,53,53,0,Others,0.0294526834648491
18043.0,2011-11-15 12:48:00,2010-12-08 12:35:00,3,559.51,366,24,0,Loyal Customers,0.45138234942761246
18044.0,2011-12-05 14:26:00,2010-12-14 12:25:00,10,2088.6,360,3,0,Champions,0.06615852195497783
18045.0,2011-10-25 13:07:00,2011-10-25 13:07:00,1,189.4,44,44,0,Others,0.03688282808486599
18048.0,2011-05-20 14:58:00,2011-05-20 14:54:00,2,172.29000000000002,202,202,1,At Risk,0.5887421991806161
18050.0,2010-12-15 14:25:00,2010-12-15 14:25:00,1,74.4,358,358,1,At Risk,0.9798975694966154
18053.0,2011-09-30 09:05:00,2011-09-30 09:05:00,1,300.02,70,70,0,Others,0.02859749729717051
18055.0,2011-12-02 14:25:00,2010-12-05 10:52:00,10,6784.1900000000005,369,6,0,Champions,0.02852958819982801
18056.0,2011-02-24 14:27:00,2011-02-24 14:27:00,1,363.65,287,287,1,At Risk,0.94424112302139
18058.0,2011-11-30 08:38:00,2011-11-30 08:38:00,1,170.16,9,9,0,Potential Loyalist,0.0277526834648491
18059.0,2011-11-16 16:49:00,2011-10-03 09:30:00,3,306.46,67,22,0,Loyal Customers,0.040002218696731075
18061.0,2011-11-18 11:20:00,2010-12-08 13:03:00,10,2119.41,365,21,0,Loyal Customers,0.06626326145068838
18062.0,2011-06-19 14:47:00,2011-01-06 10:03:00,3,720.52,337,172,1,At Risk,0.45366270949676557
18064.0,2011-07-29 16:39:00,2011-04-18 15:08:00,2,814.0,234,132,1,At Risk,0.4354547042055359
18065.0,2011-12-04 10:30:00,2010-12-10 12:44:00,14,2392.83,364,5,0,Champions,0.040265315109608686
18066.0,2011-09-25 15:30:00,2011-09-25 15:30:00,1,318.0,74,74,0,At Risk,0.02859749729717051
18067.0,2011-10-30 15:58:00,2011-10-30 15:58:00,1,396.33,39,39,0,Others,0.0323679106966485
18068.0,2011-02-23 14:50:00,2011-02-23 14:50:00,1,101.7,288,288,1,At Risk,0.9714366477795605
18069.0,2011-11-13 16:03:00,2011-01-16 15:50:00,5,2036.67,326,25,0,Loyal Customers,0.1128918428513287
18071.0,2011-03-27 11:59:00,2010-12-09 10:33:00,2,453.0,365,257,1,At Risk,0.5772922220897013
18072.0,2011-06-07 10:44:00,2011-06-07 10:44:00,1,247.44,185,185,1,At Risk,0.9450126755730665
18073.0,2011-08-17 14:02:00,2011-05-26 19:38:00,12,3877.52,196,113,1,At Risk,0.04227189529310537
18074.0,2010-12-01 09:53:00,2010-12-01 09:53:00,1,489.6,373,373,1,At Risk,0.9036715959430586
18075.0,2011-11-16 15:21:00,2010-12-14 10:48:00,10,2611.75,360,22,0,Loyal Customers,0.04755034966687398
18077.0,2011-12-01 13:32:00,2010-12-08 10:21:00,11,2633.01,366,7,0,Champions,0.043754305563949464
18078.0,2011-05-06 14:32:00,2011-03-25 15:08:00,2,336.13,258,216,1,At Risk,0.5547098499653323
18079.0,2011-10-25 15:27:00,2011-04-15 12:14:00,4,3651.97,238,44,0,Others,0.1122829784222035
18080.0,2011-11-21 08:02:00,2011-04-11 10:10:00,2,1231.5,242,18,0,Potential Loyalist,0.42883922100999433
18081.0,2011-11-03 16:30:00,2011-07-29 11:56:00,3,343.45,133,35,0,Others,0.27541482882857937
18082.0,2011-11-14 12:45:00,2011-11-14 12:45:00,1,703.37,25,25,0,Potential Loyalist,0.015256754713031822
18084.0,2011-11-23 13:57:00,2011-11-23 13:57:00,1,90.48,15,15,0,Potential Loyalist,0.020157316051306978
18085.0,2011-01-13 15:17:00,2010-12-01 12:08:00,2,689.95,373,329,1,At Risk,0.5048348830887989
18086.0,2011-03-10 13:34:00,2011-03-10 13:34:00,1,101.34,273,273,1,At Risk,0.9750636392527503
18087.0,2011-09-02 15:12:00,2011-02-22 10:43:00,2,4055.72,290,97,1,At Risk,0.4172784022766065
18088.0,2011-10-09 13:41:00,2011-10-09 13:41:00,1,167.67000000000002,60,60,0,Others,0.0294526834648491
18092.0,2011-12-07 13:14:00,2010-12-09 10:00:00,11,9068.26,365,1,0,Champions,0.030201012939372707
18093.0,2011-09-07 15:43:00,2011-02-10 12:15:00,4,2106.52,302,92,1,At Risk,0.20815495836460332
18094.0,2011-09-19 09:28:00,2011-02-21 08:50:00,7,3017.3,291,81,0,At Risk,0.0670844291994716
18095.0,2011-01-31 12:50:00,2011-01-11 12:37:00,2,580.05,332,312,1,At Risk,0.5330652661614571
18096.0,2011-11-28 12:44:00,2011-10-07 11:55:00,3,911.15,63,11,0,Loyal Customers,0.025957682270045176
18097.0,2011-12-02 11:16:00,2010-12-20 14:49:00,6,2697.8,353,7,0,Champions,0.09533907291319003
18099.0,2011-08-04 15:52:00,2011-08-04 15:52:00,1,168.31,126,126,1,At Risk,0.9590876180714187
18101.0,2011-11-28 13:37:00,2011-07-19 13:05:00,2,223.65,142,10,0,Potential Loyalist,0.3503028139697453
18102.0,2011-12-09 11:50:00,2010-12-07 16:42:00,60,259657.3,366,0,0,Champions,0.018602410745441125
18104.0,2011-11-02 14:07:00,2011-11-02 14:07:00,1,754.64,36,36,0,Others,0.01961338560049353
18105.0,2011-11-02 12:04:00,2011-11-02 12:04:00,1,113.48000000000002,37,37,0,Others,0.03111953343107105
18106.0,2011-01-14 12:23:00,2011-01-14 12:23:00,1,430.7,329,329,1,At Risk,0.9399870846300128
18108.0,2011-03-30 13:56:00,2011-03-30 13:56:00,1,271.0,253,253,1,At Risk,0.9543263188839383
18109.0,2011-12-08 11:36:00,2010-12-05 10:58:00,26,8052.97,369,1,0,Champions,0.017717676453524952
18110.0,2011-11-20 12:34:00,2011-11-20 12:34:00,1,236.3,19,19,0,Potential Loyalist,0.0337781478540212
18112.0,2011-11-27 14:43:00,2011-06-26 13:56:00,2,352.69,165,11,0,Potential Loyalist,0.41202962428370526
18113.0,2010-12-06 12:31:00,2010-12-06 12:31:00,1,76.32000000000001,368,368,1,At Risk,0.9728586913342206
18114.0,2011-02-22 13:20:00,2011-02-22 13:20:00,1,220.1,289,289,1,At Risk,0.9420451515852849
18116.0,2011-10-03 11:00:00,2010-12-10 12:14:00,8,1418.03,364,67,0,Others,0.09602016502001307
18117.0,2011-11-14 12:47:00,2011-11-14 12:47:00,1,320.72,25,25,0,Potential Loyalist,0.02859749729717051
18118.0,2011-11-29 11:32:00,2010-12-05 12:13:00,26,5653.82,369,10,0,Champions,0.02080302772054441
18119.0,2010-12-07 11:59:00,2010-12-07 11:59:00,1,181.12,367,367,1,At Risk,0.9663555385754948
18120.0,2011-05-09 13:45:00,2011-05-09 13:45:00,1,111.15,213,213,1,At Risk,0.9733955333470615
18121.0,2011-07-13 12:53:00,2011-07-08 12:14:00,2,673.1,154,148,1,At Risk,0.370785377829906
18122.0,2011-12-01 13:08:00,2011-07-12 11:37:00,6,1826.21,150,7,0,Loyal Customers,0.05676497801934379
18123.0,2011-11-15 14:23:00,2011-11-08 13:31:00,2,589.4399999999999,30,23,0,Potential Loyalist,0.026488334569495123
18125.0,2011-11-10 12:29:00,2011-01-27 15:02:00,4,1142.99,315,29,0,Loyal Customers,0.22612673340220216
18126.0,2011-10-10 12:19:00,2011-10-10 12:19:00,1,206.83,60,60,0,Others,0.03395836414724415
18127.0,2011-11-20 14:05:00,2011-07-29 10:06:00,3,348.73,133,18,0,Loyal Customers,0.28127838788856707
18129.0,2011-04-10 14:16:00,2011-04-10 14:16:00,1,112.55,242,242,1,At Risk,0.9739410241690887
18130.0,2011-11-24 14:40:00,2011-10-13 15:58:00,3,1059.39,56,14,0,Loyal Customers,0.024408474558753914
18133.0,2011-05-11 14:14:00,2011-05-11 14:14:00,1,931.5,211,211,1,At Risk,0.809323437225987
18135.0,2011-11-10 19:32:00,2011-06-02 14:04:00,5,681.91,189,28,0,Loyal Customers,0.1803654748502873
18136.0,2011-10-07 15:40:00,2011-01-24 12:08:00,3,784.33,319,62,0,Others,0.41538919314788225
18138.0,2011-02-17 14:51:00,2011-02-17 14:51:00,1,152.65,294,294,1,At Risk,0.9634742889264148
18139.0,2011-11-22 10:44:00,2011-11-21 14:06:00,6,8438.34,17,17,0,Loyal Customers,0.027630049187312135
18142.0,2011-07-05 13:19:00,2011-05-08 12:31:00,2,1019.52,215,156,1,At Risk,0.3987480892883134
18143.0,2011-08-15 12:07:00,2011-07-21 10:44:00,2,1000.16,141,116,1,At Risk,0.3565530181229766
18144.0,2011-12-02 12:46:00,2010-12-01 13:45:00,12,2888.75,372,7,0,Champions,0.06837601815079143
18145.0,2011-11-27 11:22:00,2011-01-31 12:10:00,4,2861.55,312,12,0,Loyal Customers,0.15833391215552792
18146.0,2011-07-22 12:08:00,2011-05-03 16:35:00,2,160.35,219,140,1,At Risk,0.7349048005368347
18147.0,2011-10-25 11:46:00,2011-08-23 12:22:00,2,179.34,108,45,0,Others,0.38611962250343845
18149.0,2011-10-20 12:04:00,2011-03-11 12:44:00,3,612.0799999999999,273,50,0,Others,0.4132334494011114
18150.0,2011-11-07 16:49:00,2011-05-22 10:47:00,3,566.58,201,31,0,Loyal Customers,0.35640816476363424
18151.0,2011-07-28 11:35:00,2011-02-23 08:29:00,2,653.35,289,134,1,At Risk,0.4842516312630398
18154.0,2011-12-06 16:41:00,2011-10-27 10:40:00,2,399.19,43,2,0,Potential Loyalist,0.02376749140518849
18155.0,2011-09-25 13:32:00,2011-02-21 10:36:00,3,371.62,291,74,0,At Risk,0.5206163596931502
18156.0,2011-11-27 12:24:00,2010-12-05 12:29:00,2,734.94,369,12,0,Potential Loyalist,0.47527089821115887
18158.0,2011-11-30 16:19:00,2011-09-12 09:03:00,2,453.4,88,8,0,Potential Loyalist,0.020935044596677846
18159.0,2011-02-11 14:26:00,2011-02-11 14:26:00,1,530.15,300,300,1,At Risk,0.9241171517103054
18160.0,2011-10-13 15:50:00,2011-05-23 13:41:00,2,638.0600000000001,199,56,0,Others,0.438636110726097
18161.0,2011-11-24 16:40:00,2011-01-24 11:56:00,5,1618.69,319,14,0,Loyal Customers,0.13652305224734682
18164.0,2011-11-02 12:56:00,2011-11-02 12:56:00,1,399.65,36,36,0,Others,0.0323679106966485
18165.0,2011-06-15 13:23:00,2011-06-15 13:23:00,1,302.46,176,176,1,At Risk,0.935656893930885
18167.0,2011-11-16 15:56:00,2011-08-26 11:40:00,3,1384.86,105,22,0,Loyal Customers,0.10615619648834315
18168.0,2011-06-16 19:21:00,2010-12-02 18:08:00,6,1169.94,371,175,1,At Risk,0.15717694165503085
18169.0,2011-10-10 12:18:00,2011-10-10 12:18:00,1,202.65,60,60,0,Others,0.044925910372205634
18170.0,2011-11-06 14:35:00,2011-05-06 15:13:00,3,980.31,216,32,0,Loyal Customers,0.22194702154306153
18171.0,2011-10-12 09:13:00,2011-01-10 09:55:00,5,1231.31,333,58,0,Others,0.14568067678747496
18172.0,2011-11-25 11:12:00,2011-02-23 10:44:00,20,7561.68,289,14,0,Loyal Customers,0.03655034827135231
18173.0,2011-09-14 11:26:00,2011-03-10 11:56:00,4,2106.84,274,86,0,At Risk,0.18153250705669544
18174.0,2011-12-02 16:56:00,2011-12-02 16:56:00,1,104.0,6,6,0,Potential Loyalist,0.028183635995173612
18176.0,2010-12-16 15:45:00,2010-12-16 15:45:00,1,476.35,357,357,1,At Risk,0.928703523119332
18177.0,2011-11-08 14:44:00,2011-03-29 08:46:00,6,1341.42,255,30,0,Loyal Customers,0.12417270053205393
18178.0,2011-08-03 09:30:00,2010-12-10 12:42:00,4,1590.81,364,128,1,At Risk,0.22611407208180048
18179.0,2011-11-30 16:23:00,2011-01-07 14:22:00,6,1793.17,335,8,0,Loyal Customers,0.11026615799903457
18180.0,2011-12-05 08:39:00,2011-07-20 08:59:00,6,1843.75,142,4,0,Loyal Customers,0.055800330177105784
18181.0,2011-11-15 15:08:00,2011-11-15 15:08:00,1,382.8,23,23,0,Potential Loyalist,0.030681603579566636
18183.0,2011-04-26 15:26:00,2011-03-10 10:08:00,2,632.07,274,226,1,At Risk,0.5103961272494327
18184.0,2011-11-24 15:28:00,2011-11-24 15:28:00,1,49.8,14,14,0,Potential Loyalist,0.027507460640327636
18185.0,2011-04-04 13:42:00,2011-04-04 13:42:00,1,304.25,248,248,1,At Risk,0.9546026540961801
18188.0,2011-11-24 16:46:00,2011-02-22 14:43:00,3,2001.04,289,14,0,Loyal Customers,0.3051710195428042
18189.0,2011-09-23 12:40:00,2011-03-17 09:49:00,2,1090.24,267,77,0,At Risk,0.46714065348022515
18190.0,2011-05-31 14:48:00,2011-01-13 10:35:00,2,284.46000000000004,330,191,1,At Risk,0.5909450833797393
18191.0,2011-03-23 12:08:00,2011-03-23 12:08:00,1,207.8,261,261,1,At Risk,0.9638255951936556
18192.0,2011-09-29 09:53:00,2011-09-29 09:53:00,1,957.97,71,71,0,Others,0.02075476469526722
18193.0,2011-06-27 13:58:00,2011-06-27 13:58:00,1,243.76,164,164,1,At Risk,0.9370940443384879
18194.0,2011-09-18 13:29:00,2011-09-18 13:29:00,1,973.84,81,81,0,At Risk,0.022205788087080083
18196.0,2011-09-05 16:22:00,2011-02-22 16:13:00,2,689.13,289,94,1,At Risk,0.48196822642067944
18198.0,2011-12-05 14:49:00,2011-01-07 13:39:00,17,5425.56,335,3,0,Champions,0.03142516592311146
18200.0,2011-08-25 18:45:00,2011-08-25 18:45:00,1,163.8,105,105,1,At Risk,0.9588961649817357
18202.0,2011-05-24 12:12:00,2011-02-01 13:36:00,3,1396.99,310,199,1,At Risk,0.35957233785980947
18203.0,2011-07-05 13:07:00,2011-07-05 13:07:00,1,160.42000000000002,156,156,1,At Risk,0.9583234181005131
18204.0,2011-09-29 16:44:00,2011-05-31 15:26:00,3,1993.7,191,70,0,Others,0.14316265018393382
18205.0,2011-11-03 13:22:00,2011-09-26 12:02:00,2,517.36,74,35,0,Others,0.02528541256150683
18209.0,2011-11-11 12:07:00,2011-11-11 12:07:00,1,139.10000000000002,28,28,0,Potential Loyalist,0.046160807354981265
18210.0,2011-12-08 11:02:00,2011-03-17 16:58:00,6,2621.38,266,1,0,Champions,0.08096037004079878
18211.0,2011-11-14 08:10:00,2011-03-06 12:09:00,5,600.07,278,25,0,Loyal Customers,0.30253873675948756
18212.0,2011-01-17 16:14:00,2011-01-17 16:14:00,1,248.42,325,325,1,At Risk,0.9565532132131874
18213.0,2011-04-17 10:21:00,2011-04-17 10:21:00,1,232.48,236,236,1,At Risk,0.959065747810875
18215.0,2011-09-11 16:05:00,2011-09-11 16:05:00,1,299.34000000000003,88,88,0,At Risk,0.02859749729717051
18216.0,2011-11-08 16:55:00,2011-11-08 16:55:00,1,481.75,30,30,0,Potential Loyalist,0.03157540024662637
18217.0,2011-11-10 13:18:00,2011-09-30 10:44:00,2,621.75,70,28,0,Potential Loyalist,0.036022761994408785
18218.0,2011-05-12 12:53:00,2011-03-03 12:24:00,2,662.08,281,210,1,At Risk,0.47235965459252394
18219.0,2011-12-07 11:43:00,2010-12-06 10:05:00,10,2069.77,368,2,0,Champions,0.06398993518013964
18220.0,2011-04-27 09:03:00,2011-04-27 09:03:00,1,305.28,226,226,1,At Risk,0.9586890900658842
18221.0,2011-11-17 14:40:00,2011-05-12 14:13:00,5,1041.61,210,21,0,Loyal Customers,0.11555573280969593
18222.0,2011-09-08 10:45:00,2011-09-08 10:45:00,1,443.0,92,92,1,At Risk,0.7426170610716535
18223.0,2011-12-05 09:11:00,2010-12-16 16:42:00,14,6484.54,357,4,0,Champions,0.03366502257560705
18224.0,2011-03-21 10:30:00,2011-03-21 10:30:00,1,158.95000000000002,263,263,1,At Risk,0.9648540614280193
18225.0,2011-12-06 13:27:00,2010-12-09 15:46:00,12,5509.12,364,2,0,Champions,0.030901561467764238
18226.0,2011-10-26 13:36:00,2011-01-06 09:00:00,11,5228.05,337,43,0,Others,0.04631488062366279
18227.0,2011-05-06 12:23:00,2011-05-06 12:23:00,1,93.75,217,217,1,At Risk,0.9799248515734846
18228.0,2011-10-14 09:21:00,2011-09-21 10:48:00,2,779.9,79,56,0,Others,0.019021334659942754
18229.0,2011-11-28 09:48:00,2010-12-01 16:25:00,20,7276.9,372,11,0,Champions,0.0316498679479493
18230.0,2011-11-30 13:22:00,2011-02-10 13:06:00,7,2810.2000000000003,301,8,0,Champions,0.06654883747809844
18231.0,2011-05-31 14:18:00,2011-02-24 09:08:00,5,2083.27,288,191,1,At Risk,0.11227545902817562
18232.0,2011-09-19 11:49:00,2011-05-26 16:30:00,4,592.97,196,81,0,At Risk,0.2913344962119529
18233.0,2011-01-18 08:44:00,2011-01-18 08:44:00,1,440.0,325,325,1,At Risk,0.9359151733179581
18235.0,2011-09-29 08:27:00,2011-05-06 13:35:00,3,1796.48,216,71,0,Others,0.17361263879877561
18236.0,2011-11-10 08:06:00,2011-04-13 09:52:00,6,882.24,240,29,0,Loyal Customers,0.1608536280508669
18237.0,2011-12-07 12:49:00,2011-07-28 13:05:00,5,987.1,133,2,0,Loyal Customers,0.10063738375822005
18239.0,2011-05-05 12:38:00,2010-12-02 17:48:00,5,1561.61,371,218,1,At Risk,0.1796123405061919
18240.0,2011-10-24 13:06:00,2011-10-24 13:06:00,1,422.58,45,45,0,Others,0.02953546388813787
18241.0,2011-11-30 12:10:00,2011-05-06 09:22:00,17,2073.09,217,9,0,Champions,0.05483227362601457
18242.0,2011-09-28 13:43:00,2011-05-10 11:20:00,4,2232.49,213,71,0,Others,0.1379576777057953
18245.0,2011-12-02 14:48:00,2010-12-19 14:58:00,7,2567.06,354,6,0,Champions,0.07432566611173633
18246.0,2011-11-16 11:49:00,2011-04-20 13:55:00,2,596.1,232,23,0,Potential Loyalist,0.5093295461656873
18248.0,2011-08-09 10:19:00,2011-06-06 13:18:00,2,804.02,185,122,1,At Risk,0.36458593133079165
18249.0,2011-11-22 15:07:00,2011-11-22 15:07:00,1,95.34,16,16,0,Potential Loyalist,0.022209743814190507
18250.0,2011-02-02 13:16:00,2011-02-02 13:16:00,1,349.27,309,309,1,At Risk,0.9407393846441111
18251.0,2011-09-13 15:03:00,2011-09-13 15:03:00,1,4314.72,86,86,0,At Risk,0.03478158439159353
18252.0,2011-10-20 12:43:00,2011-06-21 11:47:00,2,526.67,171,50,0,Others,0.4171717979157476
18255.0,2011-09-11 13:16:00,2011-09-11 13:16:00,1,103.3,88,88,0,At Risk,0.10293111074264834
18257.0,2011-10-31 14:48:00,2011-02-16 15:13:00,8,2337.63,295,38,0,Others,0.06716700335476145
18259.0,2011-11-15 12:34:00,2010-12-08 13:38:00,3,2338.6,365,24,0,Loyal Customers,0.3508527381343663
18260.0,2011-06-20 12:37:00,2010-12-16 18:23:00,6,2643.2000000000003,357,172,1,At Risk,0.10256142873657895
18261.0,2011-10-27 15:36:00,2011-09-05 09:34:00,2,324.24,95,42,0,Others,0.22801574435773464
18262.0,2011-07-22 16:04:00,2011-07-22 16:04:00,1,149.48,139,139,1,At Risk,0.9622384921832972
18263.0,2011-11-14 09:00:00,2011-04-01 11:48:00,3,1213.16,252,25,0,Loyal Customers,0.29875181359155045
18265.0,2011-09-28 14:10:00,2011-07-04 15:26:00,2,801.51,157,71,0,Others,0.3589428394502609
18268.0,2011-07-28 19:13:00,2011-07-28 19:13:00,1,25.5,133,133,1,At Risk,0.9752703086697915
18269.0,2010-12-08 13:53:00,2010-12-08 13:53:00,1,168.60000000000002,365,365,1,At Risk,0.9588106417367083
18270.0,2011-11-01 13:57:00,2011-03-18 12:41:00,2,283.15000000000003,266,37,0,Others,0.5459320972879786
18272.0,2011-12-07 12:43:00,2011-04-07 09:35:00,6,3078.58,246,2,0,Champions,0.08467128902887669
18273.0,2011-12-07 13:16:00,2011-03-27 11:22:00,3,204.0,257,1,0,Loyal Customers,0.5639393246982523
18274.0,2011-11-09 17:03:00,2011-11-09 17:03:00,1,175.92,29,29,0,Potential Loyalist,0.03193688744739031
18276.0,2011-10-27 10:54:00,2011-10-27 10:54:00,1,335.86,43,43,0,Others,0.022219793510072038
18277.0,2011-10-12 15:22:00,2011-10-12 15:22:00,1,110.38,57,57,0,Others,0.028183635995173612
18278.0,2011-09-27 11:58:00,2011-09-27 11:58:00,1,173.9,73,73,0,At Risk,0.03042812206134033
18280.0,2011-03-07 09:52:00,2011-03-07 09:52:00,1,180.6,277,277,1,At Risk,0.9701094627805361
18281.0,2011-06-12 10:53:00,2011-06-12 10:53:00,1,80.82,180,180,1,At Risk,0.9702518085868971
18282.0,2011-12-02 11:43:00,2011-08-05 13:35:00,2,178.05,125,7,0,Potential Loyalist,0.42526843906341794
18283.0,2011-12-06 12:02:00,2011-01-06 14:14:00,16,2094.88,336,3,0,Champions,0.06996070865633214
18287.0,2011-10-28 09:29:00,2011-05-22 10:39:00,3,1837.28,201,42,0,Others,0.1479100594289449
