CustomerID,LastPurchase,FirstPurchase,TotalOrders,Revenue,CustomerAge,DaysSinceLastPurchase,Churn,Segment
12346.0,2011-01-18 10:01:00,2011-01-18 10:01:00,1,77183.6,325,325,1,At Risk
12347.0,2011-12-07 15:52:00,2010-12-07 14:57:00,7,4310.0,366,1,0,Champions
12348.0,2011-09-25 13:13:00,2010-12-16 19:09:00,4,1797.24,357,74,0,At Risk
12349.0,2011-11-21 09:51:00,2011-11-21 09:51:00,1,1757.55,18,18,0,Potential Loyalist
12350.0,2011-02-02 16:01:00,2011-02-02 16:01:00,1,334.40000000000003,309,309,1,At Risk
12352.0,2011-11-03 14:37:00,2011-02-16 12:33:00,8,2506.04,296,35,0,Others
12353.0,2011-05-19 17:47:00,2011-05-19 17:47:00,1,89.0,203,203,1,At Risk
12354.0,2011-04-21 13:11:00,2011-04-21 13:11:00,1,1079.4,231,231,1,At Risk
12355.0,2011-05-09 13:49:00,2011-05-09 13:49:00,1,459.40000000000003,213,213,1,At Risk
12356.0,2011-11-17 08:40:00,2011-01-18 09:50:00,3,2811.43,325,22,0,Potential Loyalist
12357.0,2011-11-06 16:07:00,2011-11-06 16:07:00,1,6207.67,32,32,0,Potential Loyalist
12358.0,2011-12-08 10:26:00,2011-07-12 10:04:00,2,1168.06,150,1,0,Potential Loyalist
12359.0,2011-10-13 12:47:00,2011-01-12 12:43:00,4,6372.58,331,57,0,Others
12360.0,2011-10-18 15:22:00,2011-05-23 09:43:00,3,2662.06,200,51,0,Others
12361.0,2011-02-25 13:51:00,2011-02-25 13:51:00,1,189.9,286,286,1,At Risk
12362.0,2011-12-06 15:40:00,2011-02-17 10:30:00,10,5226.2300000000005,295,2,0,Champions
12363.0,2011-08-22 10:18:00,2011-04-11 13:29:00,2,552.0,241,109,1,At Risk
12364.0,2011-12-02 10:22:00,2011-08-19 15:24:00,4,1313.1,111,7,0,Loyal Customers
12365.0,2011-02-21 14:04:00,2011-02-21 13:51:00,2,641.38,290,290,1,At Risk
12367.0,2011-12-05 16:48:00,2011-12-05 16:48:00,1,168.9,3,3,0,Potential Loyalist
12370.0,2011-10-19 14:51:00,2010-12-14 12:58:00,4,3545.69,359,50,0,Others
12371.0,2011-10-26 10:16:00,2011-10-11 10:43:00,2,1887.96,59,44,0,Others
12372.0,2011-09-29 12:12:00,2011-02-16 12:46:00,3,1298.04,296,71,0,Others
12373.0,2011-02-01 13:10:00,2011-02-01 13:10:00,1,364.6,310,310,1,At Risk
12374.0,2011-11-14 15:37:00,2011-11-14 15:37:00,1,742.9300000000001,24,24,0,Potential Loyalist
12375.0,2011-11-29 10:36:00,2011-09-02 14:23:00,2,457.5,97,10,0,Potential Loyalist
12377.0,2011-01-28 15:45:00,2010-12-20 09:37:00,2,1628.1200000000001,354,314,1,At Risk
12378.0,2011-08-02 10:34:00,2011-08-02 10:34:00,1,4008.62,129,129,1,At Risk
12379.0,2011-09-19 10:09:00,2011-06-22 16:32:00,2,852.24,169,81,0,At Risk
12380.0,2011-11-18 11:27:00,2011-06-07 09:49:00,4,2724.81,185,21,0,Loyal Customers
12381.0,2011-12-05 12:44:00,2011-08-12 09:57:00,5,1845.31,119,4,0,Loyal Customers
12383.0,2011-06-08 08:02:00,2010-12-22 14:28:00,5,1850.56,351,184,1,At Risk
12384.0,2011-11-11 08:39:00,2011-08-10 11:23:00,2,585.27,121,28,0,Potential Loyalist
12386.0,2011-01-06 12:37:00,2010-12-08 09:53:00,2,401.9,366,337,1,At Risk
12388.0,2011-11-24 12:30:00,2011-01-17 11:12:00,6,2780.6600000000003,326,15,0,Loyal Customers
12390.0,2011-09-21 09:33:00,2011-09-21 09:33:00,1,549.84,79,79,0,At Risk
12391.0,2011-11-18 12:07:00,2011-11-18 12:07:00,1,460.89,21,21,0,Potential Loyalist
12393.0,2011-09-28 15:41:00,2011-01-11 09:47:00,4,1582.6000000000001,332,71,0,Others
12394.0,2011-10-07 08:08:00,2011-05-06 14:01:00,2,1272.48,216,63,0,Others
12395.0,2011-11-20 15:21:00,2010-12-03 16:35:00,12,3018.63,370,18,0,Loyal Customers
12397.0,2011-11-04 09:52:00,2011-07-27 14:21:00,2,2409.9,134,35,0,Others
12398.0,2011-10-25 10:27:00,2011-10-25 10:27:00,1,1635.6599999999999,45,45,0,Others
12399.0,2011-08-12 13:15:00,2011-03-23 09:42:00,4,1108.65,261,118,1,At Risk
12401.0,2011-02-09 13:50:00,2011-02-09 13:50:00,1,84.3,302,302,1,At Risk
12402.0,2011-01-20 13:49:00,2011-01-20 13:49:00,1,225.60000000000002,322,322,1,At Risk
12403.0,2011-10-21 10:51:00,2011-10-21 10:51:00,1,427.7,49,49,0,Others
12405.0,2011-07-14 08:52:00,2011-07-14 08:52:00,1,1710.39,148,148,1,At Risk
12406.0,2011-11-17 19:22:00,2011-06-09 10:23:00,2,3415.3,183,21,0,Potential Loyalist
12407.0,2011-10-21 10:11:00,2011-03-20 13:21:00,5,1708.12,263,49,0,Others
12408.0,2011-11-07 12:27:00,2011-03-24 14:46:00,5,2888.55,259,32,0,Loyal Customers
12409.0,2011-09-22 10:38:00,2011-06-10 12:19:00,3,11072.67,182,78,0,At Risk
12410.0,2011-02-04 10:39:00,2011-02-04 10:38:00,2,693.33,308,308,1,At Risk
12412.0,2011-09-26 10:16:00,2011-06-23 13:51:00,3,1226.88,168,74,0,At Risk
12413.0,2011-10-04 09:00:00,2011-01-06 16:12:00,3,758.1,336,66,0,Others
12414.0,2011-05-06 14:51:00,2011-02-02 14:51:00,3,562.4100000000001,309,216,1,At Risk
12415.0,2011-11-15 14:22:00,2011-01-06 11:12:00,21,124914.53,337,23,0,Loyal Customers
12417.0,2011-12-06 14:52:00,2010-12-17 11:51:00,9,3649.1,357,2,0,Champions
12418.0,2011-08-19 11:08:00,2011-08-19 11:08:00,1,668.58,112,112,1,At Risk
12420.0,2011-10-07 08:55:00,2011-10-07 08:55:00,1,600.39,63,63,0,Others
12421.0,2011-11-24 09:07:00,2011-01-24 15:09:00,4,807.04,318,15,0,Loyal Customers
12422.0,2011-09-05 09:48:00,2011-01-19 09:13:00,3,803.5600000000001,324,95,1,At Risk
12423.0,2011-12-09 10:10:00,2010-12-21 10:54:00,8,1859.31,353,0,0,Loyal Customers
12424.0,2011-06-30 12:06:00,2011-06-30 12:06:00,2,1760.96,162,162,1,At Risk
12425.0,2011-09-22 17:31:00,2011-09-22 17:31:00,1,777.2,77,77,0,At Risk
12426.0,2011-05-29 12:26:00,2011-05-29 12:26:00,1,582.73,194,194,1,At Risk
12427.0,2011-11-18 08:56:00,2010-12-03 10:44:00,3,825.8000000000001,371,21,0,Potential Loyalist
12428.0,2011-11-14 08:22:00,2011-03-01 09:33:00,9,7956.46,283,25,0,Loyal Customers
12429.0,2011-11-30 17:22:00,2010-12-09 12:05:00,4,3750.4,365,8,0,Loyal Customers
12430.0,2011-10-27 15:09:00,2011-10-27 15:09:00,1,256.4,42,42,0,Others
12431.0,2011-11-04 11:55:00,2010-12-01 10:03:00,15,6487.45,373,35,0,Others
12432.0,2011-10-28 11:43:00,2011-06-20 13:27:00,5,5059.32,171,42,0,Others
12433.0,2011-12-09 10:02:00,2010-12-01 13:24:00,7,13375.87,372,0,0,Champions
12434.0,2011-09-16 12:38:00,2011-03-24 13:05:00,2,806.14,259,84,0,At Risk
12435.0,2011-09-21 09:06:00,2011-03-17 07:40:00,2,7829.89,267,79,0,At Risk
12436.0,2011-09-01 12:09:00,2011-09-01 12:09:00,1,509.01,99,99,1,At Risk
12437.0,2011-12-08 11:35:00,2011-01-12 14:13:00,18,4951.41,330,1,0,Champions
12438.0,2011-11-25 13:28:00,2011-07-22 13:29:00,2,2906.85,139,13,0,Potential Loyalist
12441.0,2010-12-08 10:45:00,2010-12-08 10:45:00,1,173.55,366,366,1,At Risk
12442.0,2011-12-06 14:22:00,2011-12-06 14:22:00,1,172.06,2,2,0,Potential Loyalist
12444.0,2011-11-18 13:23:00,2011-06-21 14:00:00,5,5005.46,170,20,0,Loyal Customers
12445.0,2011-11-17 18:43:00,2011-11-17 18:43:00,1,133.4,21,21,0,Potential Loyalist
12446.0,2011-10-13 12:50:00,2011-10-13 12:50:00,1,1002.3100000000001,57,57,0,Others
12447.0,2011-04-10 13:25:00,2011-04-10 13:25:00,1,476.49,242,242,1,At Risk
12448.0,2011-10-26 13:46:00,2011-10-26 13:46:00,1,449.45,43,43,0,Others
12449.0,2011-11-17 13:46:00,2011-06-05 15:37:00,4,4067.29,186,21,0,Loyal Customers
12450.0,2011-07-06 14:41:00,2011-06-19 14:36:00,2,197.88,172,155,1,At Risk
12451.0,2011-11-29 08:40:00,2011-01-19 09:05:00,5,9035.52,324,10,0,Loyal Customers
12452.0,2011-11-23 10:28:00,2011-11-23 08:05:00,2,430.57000000000005,16,16,0,Potential Loyalist
12453.0,2011-07-28 14:08:00,2011-07-28 14:08:00,1,707.09,133,133,1,At Risk
12454.0,2011-10-14 17:13:00,2011-10-14 17:13:00,1,3528.34,55,55,0,Others
12455.0,2011-09-27 15:31:00,2011-02-16 09:56:00,6,2466.86,296,72,0,At Risk
12456.0,2011-10-26 14:41:00,2011-03-30 09:12:00,3,3181.04,254,43,0,Others
12457.0,2011-10-04 13:13:00,2011-04-14 18:57:00,7,2363.23,238,65,0,Others
12458.0,2011-09-29 15:25:00,2011-02-28 10:55:00,2,947.4,284,70,0,Others
12461.0,2011-09-06 16:57:00,2011-07-08 10:23:00,2,826.88,154,93,1,At Risk
12462.0,2011-11-21 09:11:00,2011-02-09 14:44:00,2,1189.59,302,18,0,Potential Loyalist
12463.0,2011-10-17 13:44:00,2011-04-12 12:47:00,4,1344.78,241,52,0,Others
12464.0,2011-11-29 13:33:00,2011-02-03 13:30:00,8,1212.05,308,9,0,Loyal Customers
12465.0,2011-11-22 16:34:00,2011-06-23 13:37:00,2,742.19,168,16,0,Potential Loyalist
12468.0,2011-06-05 11:36:00,2011-01-27 13:29:00,2,729.54,315,187,1,At Risk
12471.0,2011-12-07 15:43:00,2010-12-10 09:35:00,30,19824.05,364,1,0,Champions
12472.0,2011-11-07 14:01:00,2010-12-05 14:19:00,7,6572.11,368,31,0,Loyal Customers
12473.0,2011-11-10 13:46:00,2011-06-01 10:15:00,5,3938.55,191,28,0,Loyal Customers
12474.0,2011-11-22 14:39:00,2011-01-14 10:06:00,18,7375.79,329,16,0,Loyal Customers
12475.0,2011-10-17 10:10:00,2011-10-17 10:10:00,1,723.38,53,53,0,Others
12476.0,2011-11-24 12:40:00,2010-12-13 14:39:00,11,6816.42,360,15,0,Loyal Customers
12477.0,2011-11-17 09:51:00,2011-02-11 12:45:00,6,13219.74,301,22,0,Loyal Customers
12478.0,2011-12-06 09:56:00,2011-12-06 09:56:00,1,680.99,3,3,0,Potential Loyalist
12479.0,2011-11-28 13:26:00,2011-11-28 13:26:00,1,527.2,10,10,0,Potential Loyalist
12480.0,2011-11-11 14:52:00,2011-01-07 15:27:00,4,3281.63,335,27,0,Loyal Customers
12481.0,2011-11-17 08:29:00,2010-12-09 10:13:00,10,5596.32,365,22,0,Loyal Customers
12483.0,2011-11-22 17:02:00,2011-01-04 14:20:00,8,2484.98,338,16,0,Loyal Customers
12484.0,2011-11-07 11:37:00,2011-01-07 14:04:00,6,4541.72,335,32,0,Loyal Customers
12488.0,2011-11-30 08:50:00,2011-09-25 10:34:00,3,1298.66,75,9,0,Potential Loyalist
12489.0,2011-01-07 13:13:00,2011-01-07 13:13:00,1,334.93,335,335,1,At Risk
12490.0,2011-12-04 16:07:00,2011-01-14 09:13:00,10,5417.93,329,4,0,Champions
12491.0,2011-11-01 12:18:00,2011-11-01 12:18:00,1,460.40000000000003,38,38,0,Others
12492.0,2011-10-07 15:15:00,2011-08-26 14:51:00,2,263.21000000000004,104,62,0,Others
12493.0,2011-06-27 10:17:00,2011-05-26 14:53:00,2,433.74,196,165,1,At Risk
12494.0,2011-11-24 09:34:00,2010-12-09 11:31:00,7,1246.1,365,15,0,Loyal Customers
12497.0,2011-09-19 12:29:00,2011-09-19 12:29:00,1,1043.1,81,81,0,At Risk
12498.0,2011-11-18 12:53:00,2011-10-13 09:30:00,3,403.70000000000005,57,20,0,Potential Loyalist
12500.0,2011-11-16 16:20:00,2011-01-10 09:48:00,11,4257.82,333,22,0,Loyal Customers
12501.0,2011-01-07 12:28:00,2011-01-07 12:28:00,1,2169.39,336,336,1,At Risk
12502.0,2011-09-05 11:52:00,2011-02-03 10:41:00,5,3723.87,309,95,1,At Risk
12504.0,2011-11-21 16:02:00,2011-11-09 14:56:00,2,482.04999999999995,29,17,0,Potential Loyalist
12506.0,2011-04-21 08:54:00,2011-04-21 08:54:00,1,73.5,232,232,1,At Risk
12507.0,2011-07-28 17:09:00,2011-02-14 09:24:00,3,1304.81,298,133,1,At Risk
12508.0,2011-11-13 15:37:00,2011-11-10 16:27:00,2,398.27,28,25,0,Potential Loyalist
12509.0,2011-02-28 14:45:00,2011-02-28 14:45:00,1,176.5,283,283,1,At Risk
12510.0,2011-07-20 10:15:00,2011-01-18 14:04:00,2,982.5699999999999,324,142,1,At Risk
12512.0,2011-10-04 14:55:00,2011-10-04 14:53:00,2,138.03,65,65,0,Others
12513.0,2011-08-19 10:51:00,2011-08-19 10:51:00,1,612.29,112,112,1,At Risk
12514.0,2011-03-17 16:38:00,2011-03-17 16:38:00,1,1017.6800000000001,266,266,1,At Risk
12515.0,2010-12-21 15:43:00,2010-12-21 15:43:00,1,383.7,352,352,1,At Risk
12516.0,2011-09-23 09:13:00,2011-06-12 11:37:00,2,1312.06,180,77,0,At Risk
12517.0,2011-11-11 14:04:00,2011-06-02 15:13:00,5,2502.84,189,27,0,Loyal Customers
12518.0,2011-12-09 10:13:00,2011-08-21 13:18:00,5,2056.89,109,0,0,Loyal Customers
12519.0,2011-10-07 09:26:00,2011-10-07 09:26:00,1,340.84000000000003,63,63,0,Others
12520.0,2011-09-21 15:23:00,2011-03-11 11:35:00,5,2634.26,273,78,0,At Risk
12521.0,2011-07-20 10:51:00,2011-07-20 10:51:00,1,599.68,142,142,1,At Risk
12522.0,2011-10-31 15:30:00,2011-10-19 14:41:00,2,192.72,50,38,0,Others
12523.0,2011-11-20 12:55:00,2011-01-12 09:43:00,11,1789.77,331,18,0,Loyal Customers
12524.0,2011-11-30 15:31:00,2011-01-10 10:35:00,8,4485.72,333,8,0,Champions
12526.0,2011-12-09 12:09:00,2011-09-06 14:19:00,3,1316.66,93,0,0,Potential Loyalist
12527.0,2011-09-19 11:55:00,2011-01-18 12:05:00,3,348.71000000000004,325,81,0,At Risk
12528.0,2011-11-30 14:40:00,2011-01-31 09:05:00,6,1933.48,312,8,0,Loyal Customers
12530.0,2011-10-11 12:34:00,2011-01-07 10:04:00,4,1662.28,336,59,0,Others
12531.0,2011-11-25 11:12:00,2011-11-25 11:12:00,1,125.22,14,14,0,Potential Loyalist
12532.0,2011-11-09 13:47:00,2011-11-09 13:47:00,1,349.83000000000004,29,29,0,Potential Loyalist
12534.0,2011-08-01 10:26:00,2011-08-01 10:26:00,1,1089.18,130,130,1,At Risk
12535.0,2011-09-09 08:48:00,2011-06-06 12:47:00,2,716.35,186,91,1,At Risk
12536.0,2011-10-27 14:20:00,2011-10-11 14:52:00,3,12601.830000000002,58,42,0,Others
12538.0,2011-11-10 17:16:00,2011-11-10 17:16:00,1,363.95,28,28,0,Potential Loyalist
12539.0,2011-11-17 13:30:00,2011-01-10 09:11:00,4,5568.35,333,21,0,Loyal Customers
12540.0,2011-11-20 11:31:00,2010-12-13 09:39:00,17,13400.24,361,19,0,Loyal Customers
12541.0,2011-11-10 10:40:00,2011-03-04 09:32:00,3,981.18,280,29,0,Potential Loyalist
12544.0,2011-11-03 16:15:00,2011-11-03 16:15:00,1,372.7,35,35,0,Others
12545.0,2011-09-25 13:39:00,2011-03-25 12:04:00,2,1000.39,259,74,0,At Risk
12546.0,2011-10-24 12:09:00,2011-09-23 09:44:00,2,1161.5,77,46,0,Others
12547.0,2011-05-26 12:38:00,2011-03-04 12:46:00,2,207.8,280,197,1,At Risk
12548.0,2011-06-26 15:35:00,2011-06-26 15:35:00,1,95.19999999999999,165,165,1,At Risk
12550.0,2011-09-21 14:35:00,2011-09-21 14:35:00,1,964.83,78,78,0,At Risk
12551.0,2010-12-17 11:23:00,2010-12-17 11:23:00,1,168.0,357,357,1,At Risk
12552.0,2011-11-01 10:02:00,2011-10-31 12:11:00,2,437.82,39,38,0,Others
12553.0,2011-12-01 16:38:00,2011-01-14 10:42:00,10,3692.28,329,7,0,Champions
12556.0,2011-10-20 13:06:00,2011-07-11 13:35:00,2,603.71,150,49,0,Others
12557.0,2011-11-23 16:59:00,2010-12-03 12:20:00,5,11990.960000000001,371,15,0,Loyal Customers
12558.0,2011-12-02 10:41:00,2011-12-02 10:41:00,1,269.96,7,7,0,Potential Loyalist
12559.0,2011-02-02 09:49:00,2011-01-24 10:12:00,2,561.71,319,310,1,At Risk
12560.0,2011-12-04 13:54:00,2011-07-19 15:55:00,3,2134.01,142,4,0,Potential Loyalist
12561.0,2011-02-10 11:39:00,2011-02-10 11:39:00,1,238.85,302,302,1,At Risk
12562.0,2011-12-01 17:20:00,2011-05-25 12:44:00,7,3781.7400000000002,198,7,0,Champions
12564.0,2011-03-23 14:55:00,2011-03-23 14:55:00,1,456.90000000000003,260,260,1,At Risk
12565.0,2011-02-24 10:34:00,2011-02-24 10:34:00,1,145.92000000000002,288,288,1,At Risk
12566.0,2011-09-14 14:30:00,2011-09-14 14:30:00,1,351.65,85,85,0,At Risk
12567.0,2011-11-17 11:02:00,2010-12-05 11:57:00,10,9401.28,369,22,0,Loyal Customers
12569.0,2011-12-07 16:24:00,2011-04-01 13:47:00,32,4124.6900000000005,251,1,0,Champions
12571.0,2011-10-31 10:19:00,2011-08-10 12:35:00,2,519.61,121,39,0,Others
12572.0,2011-12-01 09:20:00,2011-10-19 08:20:00,2,1020.4200000000001,51,8,0,Potential Loyalist
12573.0,2011-04-26 15:52:00,2011-04-26 15:52:00,1,160.54000000000002,226,226,1,At Risk
12574.0,2011-01-28 09:20:00,2011-01-28 09:20:00,1,218.45000000000002,315,315,1,At Risk
12576.0,2011-11-04 10:11:00,2011-02-08 11:31:00,5,1315.83,304,35,0,Others
12577.0,2011-11-04 13:24:00,2010-12-15 16:21:00,3,657.8,358,34,0,Others
12578.0,2011-11-18 13:30:00,2011-01-13 15:34:00,2,2794.51,329,20,0,Potential Loyalist
12579.0,2011-09-22 17:15:00,2011-09-22 17:15:00,1,440.42,77,77,0,At Risk
12580.0,2011-04-07 10:24:00,2011-04-07 10:24:00,1,415.7,246,246,1,At Risk
12581.0,2011-10-31 08:56:00,2011-10-31 08:56:00,1,197.71,39,39,0,Others
12582.0,2011-04-15 08:45:00,2011-02-24 11:42:00,2,511.36,288,238,1,At Risk
12583.0,2011-12-07 08:07:00,2010-12-01 08:45:00,15,7281.38,373,2,0,Champions
12584.0,2011-12-06 09:35:00,2011-03-04 15:15:00,9,2338.15,279,3,0,Champions
12585.0,2011-04-19 13:39:00,2010-12-23 12:58:00,2,2040.1,350,233,1,At Risk
12586.0,2011-11-22 16:24:00,2011-11-22 16:24:00,1,196.94000000000003,16,16,0,Potential Loyalist
12587.0,2011-12-02 12:47:00,2011-12-02 12:47:00,1,144.0,7,7,0,Potential Loyalist
12588.0,2011-10-31 15:01:00,2011-10-31 15:01:00,1,214.89999999999998,38,38,0,Others
12589.0,2011-11-11 10:19:00,2011-07-18 12:05:00,2,646.68,144,28,0,Potential Loyalist
12590.0,2011-05-12 14:52:00,2011-05-12 14:46:00,2,9864.26,210,210,1,At Risk
12591.0,2011-01-26 14:35:00,2011-01-26 14:35:00,1,452.84999999999997,316,316,1,At Risk
12592.0,2011-09-08 15:04:00,2011-05-10 13:44:00,2,437.6,212,91,1,At Risk
12593.0,2011-08-23 12:43:00,2011-05-05 09:29:00,3,418.1,218,108,1,At Risk
12594.0,2011-11-02 12:20:00,2011-01-21 09:52:00,10,3338.2200000000003,322,37,0,Others
12596.0,2011-10-19 13:02:00,2011-04-11 13:22:00,2,618.27,241,50,0,Others
12597.0,2011-11-20 13:33:00,2011-03-16 14:00:00,4,3811.22,267,18,0,Loyal Customers
12598.0,2011-11-30 12:18:00,2011-02-28 11:58:00,8,3023.08,284,9,0,Champions
12599.0,2011-11-10 13:34:00,2011-02-08 13:28:00,7,1032.58,303,28,0,Loyal Customers
12600.0,2011-11-11 10:29:00,2010-12-03 12:57:00,10,2599.04,370,28,0,Loyal Customers
12601.0,2011-06-03 10:17:00,2011-01-11 10:38:00,5,577.0600000000001,332,189,1,At Risk
12602.0,2011-10-12 11:22:00,2011-10-12 11:22:00,1,153.12,58,58,0,Others
12603.0,2011-11-18 10:42:00,2011-11-18 10:42:00,1,739.1999999999999,21,21,0,Potential Loyalist
12604.0,2011-09-21 14:08:00,2011-03-23 12:06:00,2,254.18,261,78,0,At Risk
12607.0,2011-10-10 16:06:00,2011-10-10 16:06:00,1,1579.51,59,59,0,Others
12609.0,2011-09-22 16:34:00,2011-01-25 15:13:00,3,1126.85,317,77,0,At Risk
12610.0,2011-11-17 09:34:00,2011-08-05 13:52:00,5,2099.54,125,22,0,Loyal Customers
12611.0,2011-10-18 13:12:00,2011-10-18 13:12:00,1,1193.32,51,51,0,Others
12612.0,2011-09-26 15:35:00,2011-09-26 15:35:00,1,704.04,73,73,0,At Risk
12613.0,2011-10-13 14:59:00,2011-03-22 15:42:00,5,3344.38,261,56,0,Others
12614.0,2011-03-07 10:22:00,2011-03-07 10:22:00,1,315.6,277,277,1,At Risk
12615.0,2011-12-07 15:02:00,2011-06-24 13:35:00,4,2291.19,167,1,0,Loyal Customers
12616.0,2011-09-05 15:17:00,2011-02-15 14:17:00,2,713.3,296,94,1,At Risk
12617.0,2011-11-10 14:39:00,2011-11-10 14:39:00,1,355.53000000000003,28,28,0,Potential Loyalist
12618.0,2011-11-18 11:10:00,2011-11-18 11:10:00,1,177.31,21,21,0,Potential Loyalist
12619.0,2011-11-23 14:52:00,2011-03-31 13:10:00,9,3641.24,252,15,0,Loyal Customers
12620.0,2011-11-25 10:20:00,2011-05-19 12:10:00,3,1339.41,204,14,0,Potential Loyalist
12621.0,2011-12-08 11:25:00,2010-12-09 10:16:00,20,13689.67,365,1,0,Champions
12622.0,2011-04-21 16:39:00,2011-04-21 16:39:00,1,180.1,231,231,1,At Risk
12623.0,2011-03-08 13:50:00,2011-03-08 13:50:00,1,305.1,275,275,1,At Risk
12624.0,2011-08-25 15:04:00,2011-06-15 12:34:00,2,641.13,177,105,1,At Risk
12625.0,2011-05-12 09:54:00,2011-01-24 13:27:00,2,2683.82,318,211,1,At Risk
12626.0,2011-11-16 16:06:00,2011-01-17 11:01:00,9,6620.4800000000005,326,22,0,Loyal Customers
12627.0,2011-11-29 12:07:00,2011-07-22 13:59:00,7,4478.53,139,10,0,Champions
12628.0,2011-12-05 13:15:00,2011-10-06 09:28:00,3,786.46,64,3,0,Potential Loyalist
12630.0,2011-11-30 10:48:00,2011-10-27 10:41:00,2,1270.88,43,9,0,Potential Loyalist
12631.0,2011-10-13 13:53:00,2011-10-13 13:53:00,1,640.5,56,56,0,Others
12633.0,2011-10-12 11:40:00,2011-02-25 08:44:00,4,2163.98,287,58,0,Others
12635.0,2011-09-11 11:04:00,2011-07-08 08:43:00,2,1689.18,154,89,0,At Risk
12637.0,2011-10-03 13:46:00,2011-01-20 10:47:00,8,6021.9,323,66,0,Others
12638.0,2011-11-06 13:11:00,2011-11-06 13:11:00,1,671.69,32,32,0,Potential Loyalist
12639.0,2011-04-15 12:48:00,2011-04-15 12:48:00,1,486.1,238,238,1,At Risk
12640.0,2011-11-16 11:52:00,2011-09-19 12:01:00,3,1174.58,81,23,0,Potential Loyalist
12641.0,2011-08-16 13:26:00,2011-08-16 13:26:00,1,185.9,114,114,1,At Risk
12642.0,2011-11-14 15:03:00,2011-08-24 09:23:00,3,1013.26,107,24,0,Potential Loyalist
12643.0,2011-08-03 12:56:00,2011-01-11 11:48:00,6,3344.64,332,127,1,At Risk
12644.0,2011-08-02 10:33:00,2011-08-02 10:33:00,1,477.90999999999997,129,129,1,At Risk
12645.0,2011-11-06 12:38:00,2011-01-27 13:08:00,4,1775.18,315,33,0,Others
12646.0,2011-12-05 10:14:00,2011-10-21 12:52:00,2,1346.97,48,4,0,Potential Loyalist
12647.0,2011-11-17 12:56:00,2010-12-05 14:02:00,12,3722.82,368,21,0,Loyal Customers
12648.0,2011-07-08 11:55:00,2011-07-08 11:55:00,1,318.05,154,154,1,At Risk
12649.0,2011-08-24 14:41:00,2011-05-11 14:37:00,3,623.51,211,106,1,At Risk
12650.0,2011-12-06 16:34:00,2011-12-06 16:34:00,1,314.44,2,2,0,Potential Loyalist
12651.0,2011-01-09 12:46:00,2011-01-09 12:46:00,1,114.0,334,334,1,At Risk
12652.0,2011-01-12 15:00:00,2011-01-12 15:00:00,1,919.98,330,330,1,At Risk
12653.0,2011-07-14 10:41:00,2011-02-16 10:53:00,2,2209.85,296,148,1,At Risk
12654.0,2011-11-29 10:10:00,2011-02-17 13:16:00,5,601.98,294,10,0,Loyal Customers
12656.0,2011-11-22 13:42:00,2011-04-20 09:20:00,5,4051.17,233,16,0,Loyal Customers
12657.0,2011-11-28 15:47:00,2011-09-22 11:40:00,4,1643.18,78,10,0,Loyal Customers
12658.0,2011-11-21 10:22:00,2011-11-21 10:22:00,1,686.05,18,18,0,Potential Loyalist
12659.0,2011-11-10 11:53:00,2011-11-10 11:53:00,1,91.68,29,29,0,Potential Loyalist
12660.0,2011-11-28 13:26:00,2011-11-28 13:26:00,1,245.10000000000002,10,10,0,Potential Loyalist
12662.0,2011-12-09 11:59:00,2010-12-01 13:04:00,11,3849.78,372,0,0,Champions
12664.0,2011-12-01 17:07:00,2011-01-21 11:42:00,9,4881.88,322,7,0,Champions
12665.0,2011-01-19 08:34:00,2011-01-19 08:34:00,1,63.0,324,324,1,At Risk
12667.0,2011-10-12 17:00:00,2011-10-12 17:00:00,1,620.13,57,57,0,Others
12668.0,2011-11-28 10:56:00,2010-12-19 12:46:00,4,3807.15,355,11,0,Loyal Customers
12669.0,2011-07-12 09:54:00,2011-03-28 10:15:00,3,2744.0299999999997,256,150,1,At Risk
12670.0,2011-11-29 15:23:00,2011-04-21 10:16:00,5,2996.05,232,9,0,Loyal Customers
12672.0,2011-01-14 09:20:00,2011-01-14 09:20:00,1,225.9,329,329,1,At Risk
12673.0,2011-12-04 13:55:00,2011-01-17 11:46:00,2,610.52,326,4,0,Potential Loyalist
12674.0,2011-11-01 12:12:00,2011-05-16 09:10:00,4,1970.6,207,38,0,Others
12676.0,2011-11-15 12:25:00,2011-02-01 15:41:00,6,1331.39,310,24,0,Loyal Customers
12678.0,2011-10-28 13:04:00,2010-12-21 11:00:00,12,17628.46,353,41,0,Others
12679.0,2011-10-12 12:30:00,2011-03-01 12:26:00,4,1113.02,283,58,0,Others
12680.0,2011-12-09 12:50:00,2011-08-18 15:44:00,4,862.81,112,0,0,Loyal Customers
12681.0,2011-11-25 11:33:00,2010-12-07 10:08:00,22,13787.54,367,14,0,Loyal Customers
12682.0,2011-12-06 10:00:00,2010-12-03 13:59:00,31,12288.22,370,3,0,Champions
12683.0,2011-12-05 16:31:00,2010-12-09 10:37:00,15,8476.57,365,3,0,Champions
12684.0,2011-12-02 09:53:00,2011-05-10 12:55:00,7,2283.63,212,7,0,Champions
12685.0,2011-11-11 13:46:00,2011-09-07 10:28:00,6,2863.08,93,27,0,Loyal Customers
12686.0,2010-12-03 09:51:00,2010-12-03 09:51:00,1,89.14,371,371,1,At Risk
12688.0,2011-08-18 08:49:00,2011-08-18 08:49:00,1,4873.81,113,113,1,At Risk
12689.0,2011-11-14 08:31:00,2011-08-04 10:04:00,2,1247.6100000000001,127,25,0,Potential Loyalist
12690.0,2011-05-18 09:09:00,2011-05-18 09:09:00,1,389.01,205,205,1,At Risk
12691.0,2011-11-11 16:49:00,2010-12-17 14:46:00,6,1035.8,356,27,0,Loyal Customers
12693.0,2011-08-04 17:51:00,2011-01-24 12:58:00,4,855.91,318,126,1,At Risk
12694.0,2011-09-30 13:06:00,2011-06-09 17:48:00,2,869.67,182,69,0,Others
12695.0,2011-12-02 13:22:00,2011-05-13 13:15:00,4,582.1,209,6,0,Loyal Customers
12697.0,2011-11-11 08:47:00,2011-06-23 15:44:00,3,957.59,168,28,0,Potential Loyalist
12700.0,2011-12-02 10:47:00,2011-05-08 16:10:00,4,4939.99,214,7,0,Loyal Customers
12701.0,2011-09-21 10:47:00,2011-04-11 13:02:00,2,797.71,241,79,0,At Risk
12702.0,2011-11-20 10:36:00,2011-11-20 10:36:00,1,219.0,19,19,0,Potential Loyalist
12703.0,2011-09-29 17:52:00,2011-09-29 17:52:00,1,283.55,70,70,0,Others
12704.0,2011-12-02 13:15:00,2011-06-23 10:20:00,8,2340.84,169,6,0,Champions
12705.0,2011-11-24 13:17:00,2010-12-17 15:58:00,9,6868.29,356,14,0,Loyal Customers
12707.0,2011-02-21 08:38:00,2011-02-21 08:38:00,1,603.42,291,291,1,At Risk
12708.0,2011-11-10 09:52:00,2010-12-06 10:43:00,10,2712.91,368,29,0,Loyal Customers
12709.0,2011-11-24 15:38:00,2010-12-08 09:49:00,15,9736.52,366,14,0,Loyal Customers
12710.0,2011-09-04 12:00:00,2011-05-22 14:05:00,3,1149.02,200,96,1,At Risk
12712.0,2011-11-11 08:19:00,2010-12-03 14:30:00,13,4396.13,370,28,0,Loyal Customers
12713.0,2011-12-09 12:16:00,2011-12-09 12:16:00,1,848.55,0,0,0,Potential Loyalist
12714.0,2011-11-30 15:43:00,2011-02-18 10:53:00,5,4708.86,294,8,0,Loyal Customers
12715.0,2011-08-25 15:22:00,2011-08-25 15:22:00,1,353.86,105,105,1,At Risk
12716.0,2011-12-06 08:55:00,2011-07-29 13:28:00,2,1053.49,132,3,0,Potential Loyalist
12717.0,2011-07-11 14:47:00,2011-04-08 10:32:00,2,1030.98,245,150,1,At Risk
12718.0,2011-09-29 16:38:00,2011-09-29 16:38:00,1,238.25,70,70,0,Others
12719.0,2011-12-04 13:45:00,2011-10-05 14:50:00,2,644.95,64,4,0,Potential Loyalist
12720.0,2011-12-07 08:03:00,2010-12-05 15:21:00,25,5781.7300000000005,368,2,0,Champions
12721.0,2011-11-08 12:13:00,2010-12-20 11:38:00,6,2656.13,354,31,0,Loyal Customers
12722.0,2011-09-15 14:50:00,2011-07-12 11:55:00,4,997.63,150,84,0,At Risk
12723.0,2011-12-06 10:19:00,2011-10-05 15:52:00,5,725.07,64,3,0,Loyal Customers
12724.0,2011-12-04 16:02:00,2011-01-11 15:00:00,4,1031.41,331,4,0,Loyal Customers
12725.0,2010-12-03 15:45:00,2010-12-03 15:45:00,1,427.8,370,370,1,At Risk
12726.0,2011-11-11 13:35:00,2010-12-17 12:56:00,7,2609.1,356,27,0,Loyal Customers
12727.0,2011-11-29 11:46:00,2011-01-23 15:17:00,7,3980.7000000000003,319,10,0,Champions
12728.0,2011-09-29 15:31:00,2011-01-11 13:31:00,4,836.33,331,70,0,Others
12729.0,2011-08-18 11:40:00,2011-08-18 11:40:00,1,453.01,113,113,1,At Risk
12731.0,2011-11-16 11:59:00,2010-12-10 10:56:00,12,18895.91,364,23,0,Loyal Customers
12732.0,2011-06-13 11:33:00,2011-06-13 11:33:00,1,236.26000000000002,179,179,1,At Risk
12733.0,2011-04-19 16:19:00,2011-04-19 16:19:00,1,383.95,233,233,1,At Risk
12734.0,2010-12-22 12:47:00,2010-12-22 12:47:00,1,110.39999999999999,352,352,1,At Risk
12735.0,2011-01-28 13:37:00,2011-01-06 14:26:00,2,779.5699999999999,336,314,1,At Risk
12736.0,2011-01-11 07:57:00,2011-01-11 07:57:00,1,234.0,332,332,1,At Risk
12738.0,2010-12-02 18:27:00,2010-12-02 18:27:00,1,155.35,371,371,1,At Risk
12739.0,2011-09-22 13:00:00,2011-09-01 17:45:00,2,1013.04,98,77,0,At Risk
12740.0,2011-10-07 10:44:00,2011-10-07 10:44:00,1,427.6,63,63,0,Others
12743.0,2011-07-28 16:21:00,2011-07-28 16:06:00,2,546.43,133,133,1,At Risk
12744.0,2011-10-19 11:18:00,2011-01-25 13:26:00,7,21279.29,317,51,0,Others
12747.0,2011-12-07 14:34:00,2010-12-05 15:38:00,11,4196.01,368,1,0,Champions
12748.0,2011-12-09 12:20:00,2010-12-01 12:48:00,209,33719.73,373,0,0,Champions
12749.0,2011-12-06 09:56:00,2011-05-10 15:25:00,5,4090.88,212,3,0,Loyal Customers
12750.0,2011-08-03 09:13:00,2011-08-03 09:13:00,1,275.88,128,128,1,At Risk
12752.0,2011-09-19 13:32:00,2011-09-19 13:32:00,1,4366.78,80,80,0,At Risk
12753.0,2011-11-17 10:52:00,2010-12-12 11:44:00,6,21429.39,362,22,0,Loyal Customers
12754.0,2011-04-18 09:00:00,2011-02-04 10:31:00,3,3010.74,308,235,1,At Risk
12755.0,2011-03-04 12:42:00,2010-12-09 10:44:00,2,3811.9500000000003,365,280,1,At Risk
12756.0,2011-09-14 09:31:00,2011-09-14 09:31:00,1,112.08,86,86,0,At Risk
12757.0,2011-11-24 12:30:00,2011-05-12 19:01:00,13,7857.1,210,15,0,Loyal Customers
12758.0,2011-08-15 10:22:00,2011-03-08 12:05:00,2,2791.59,276,116,1,At Risk
12759.0,2011-10-18 14:49:00,2011-03-09 08:09:00,3,1531.44,275,51,0,Others
12762.0,2011-12-02 10:23:00,2011-11-14 14:23:00,2,1898.52,24,7,0,Potential Loyalist
12763.0,2011-07-24 14:12:00,2010-12-05 15:46:00,2,494.08,368,137,1,At Risk
12764.0,2011-01-27 10:19:00,2011-01-27 10:19:00,1,1693.88,316,316,1,At Risk
12766.0,2011-12-06 08:46:00,2010-12-08 13:53:00,7,6989.63,365,3,0,Champions
12769.0,2011-04-15 10:25:00,2011-04-15 10:25:00,1,1143.6,238,238,1,At Risk
12770.0,2011-05-13 09:33:00,2011-05-13 09:33:00,1,1351.45,210,210,1,At Risk
12772.0,2011-10-11 09:19:00,2011-10-11 09:19:00,1,892.47,59,59,0,Others
12775.0,2011-11-22 16:33:00,2011-02-01 13:45:00,5,1386.04,310,16,0,Loyal Customers
12778.0,2011-11-20 11:30:00,2011-01-31 14:35:00,6,822.23,311,19,0,Loyal Customers
12779.0,2011-11-02 11:43:00,2010-12-03 13:40:00,8,3981.36,370,37,0,Others
12781.0,2011-10-07 10:37:00,2011-02-28 08:43:00,2,826.74,284,63,0,Others
12782.0,2011-12-05 09:16:00,2010-12-17 11:30:00,5,2330.92,357,4,0,Loyal Customers
12783.0,2011-12-07 15:56:00,2011-09-25 15:35:00,6,2225.91,74,1,0,Champions
12784.0,2011-11-30 15:38:00,2011-11-24 12:53:00,2,574.42,14,8,0,Potential Loyalist
12785.0,2010-12-10 13:48:00,2010-12-10 13:48:00,1,311.95,363,363,1,At Risk
12787.0,2011-11-30 08:44:00,2011-05-31 09:36:00,3,463.66,192,9,0,Potential Loyalist
12789.0,2011-10-05 13:34:00,2011-10-05 13:34:00,1,91.85,64,64,0,Others
12790.0,2011-05-31 14:14:00,2011-05-31 14:14:00,1,324.92,191,191,1,At Risk
12791.0,2010-12-01 11:27:00,2010-12-01 11:27:00,1,192.60000000000002,373,373,1,At Risk
12792.0,2011-03-28 11:36:00,2011-03-28 11:36:00,1,400.54,256,256,1,At Risk
12793.0,2011-01-09 12:12:00,2010-12-03 15:14:00,2,545.48,370,334,1,At Risk
12794.0,2011-10-17 14:54:00,2011-09-02 12:01:00,2,860.41,98,52,0,Others
12795.0,2011-11-21 10:27:00,2011-11-21 10:27:00,1,430.48,18,18,0,Potential Loyalist
12797.0,2010-12-09 10:55:00,2010-12-09 10:55:00,1,254.03,365,365,1,At Risk
12798.0,2011-11-29 15:52:00,2011-06-22 10:11:00,3,6977.04,170,9,0,Potential Loyalist
12802.0,2011-06-06 09:36:00,2011-06-06 09:36:00,1,427.58,186,186,1,At Risk
12808.0,2011-11-03 10:05:00,2010-12-06 10:27:00,3,483.65000000000003,368,36,0,Others
12809.0,2011-06-15 10:51:00,2011-06-15 10:51:00,1,489.31,177,177,1,At Risk
12811.0,2011-03-24 09:42:00,2011-02-28 15:39:00,3,514.85,283,260,1,At Risk
12812.0,2011-10-26 09:54:00,2011-10-26 09:54:00,1,229.64000000000001,44,44,0,Others
12814.0,2011-08-30 12:11:00,2011-08-30 12:11:00,1,125.92,101,101,1,At Risk
12815.0,2011-07-15 10:21:00,2011-05-25 13:34:00,2,1063.46,197,147,1,At Risk
12816.0,2011-09-05 12:41:00,2011-06-16 13:24:00,2,572.2,175,95,1,At Risk
12817.0,2011-03-03 16:28:00,2011-03-03 16:28:00,1,166.04000000000002,280,280,1,At Risk
12818.0,2011-03-23 12:06:00,2011-03-23 12:06:00,1,1542.08,261,261,1,At Risk
12820.0,2011-12-06 15:12:00,2011-01-17 12:34:00,4,942.34,326,2,0,Loyal Customers
12821.0,2011-05-09 15:51:00,2011-05-09 15:51:00,1,92.72,213,213,1,At Risk
12822.0,2011-09-30 10:04:00,2011-09-13 13:46:00,2,948.88,86,70,0,Others
12823.0,2011-09-26 07:35:00,2011-02-16 12:15:00,5,1759.5,296,74,0,At Risk
12824.0,2011-10-11 12:49:00,2011-10-11 12:49:00,1,397.12,59,59,0,Others
12826.0,2011-12-07 10:25:00,2010-12-09 15:21:00,7,1474.72,364,2,0,Loyal Customers
12827.0,2011-12-04 12:17:00,2011-10-26 15:44:00,3,430.15,43,5,0,Potential Loyalist
12828.0,2011-12-07 08:45:00,2011-08-01 16:16:00,6,1018.71,129,2,0,Loyal Customers
12829.0,2011-01-07 11:13:00,2010-12-14 14:54:00,2,293.0,359,336,1,At Risk
12830.0,2011-11-02 11:54:00,2011-06-21 10:53:00,6,6814.64,171,37,0,Others
12831.0,2011-03-22 13:02:00,2011-03-22 13:02:00,1,215.05,261,261,1,At Risk
12832.0,2011-11-07 13:30:00,2011-09-02 13:48:00,2,383.03000000000003,97,31,0,Potential Loyalist
12833.0,2011-07-17 13:46:00,2011-07-17 13:46:00,1,417.38,144,144,1,At Risk
12834.0,2011-03-02 09:49:00,2011-03-02 09:49:00,1,312.38,282,282,1,At Risk
12836.0,2011-10-11 15:10:00,2011-02-01 11:19:00,4,2612.86,311,58,0,Others
12837.0,2011-06-19 16:07:00,2011-06-19 16:07:00,1,134.1,172,172,1,At Risk
12838.0,2011-11-06 12:20:00,2010-12-01 11:57:00,2,683.13,373,33,0,Others
12839.0,2011-12-07 12:33:00,2010-12-07 15:48:00,14,5591.42,366,2,0,Champions
12840.0,2011-07-19 09:29:00,2011-04-27 12:21:00,4,2726.77,226,143,1,At Risk
12841.0,2011-12-05 11:13:00,2010-12-03 10:43:00,25,4022.35,371,4,0,Champions
12842.0,2011-09-30 15:33:00,2011-02-04 12:36:00,2,1118.99,308,69,0,Others
12843.0,2011-10-05 12:09:00,2011-03-20 14:38:00,8,1702.26,263,65,0,Others
12844.0,2011-11-10 13:31:00,2011-08-01 13:11:00,2,325.96000000000004,129,28,0,Potential Loyalist
12845.0,2011-03-17 13:34:00,2011-02-22 14:10:00,4,354.09000000000003,289,266,1,At Risk
12847.0,2011-11-17 13:16:00,2011-11-17 13:16:00,1,871.54,21,21,0,Potential Loyalist
12849.0,2011-11-08 13:41:00,2011-03-16 12:26:00,2,1050.89,268,30,0,Potential Loyalist
12851.0,2011-09-04 12:41:00,2011-09-04 12:41:00,1,135.18,96,96,1,At Risk
12852.0,2011-02-18 08:47:00,2011-02-18 08:47:00,1,311.55,294,294,1,At Risk
12853.0,2011-07-28 11:29:00,2011-01-28 10:28:00,6,1957.1000000000001,315,134,1,At Risk
12854.0,2011-09-22 12:15:00,2011-01-25 13:35:00,3,1324.5,317,78,0,At Risk
12855.0,2010-12-02 09:37:00,2010-12-02 09:37:00,1,38.1,372,372,1,At Risk
12856.0,2011-12-02 10:52:00,2011-10-07 12:38:00,6,2179.93,63,7,0,Champions
12857.0,2011-05-13 10:20:00,2011-02-10 12:32:00,2,1106.4,302,210,1,At Risk
12863.0,2011-10-18 14:15:00,2011-10-18 14:15:00,1,521.2,51,51,0,Others
12864.0,2011-07-24 13:03:00,2011-07-24 13:03:00,1,147.12,137,137,1,At Risk
12865.0,2011-11-13 14:31:00,2011-08-08 10:11:00,2,1568.23,123,25,0,Potential Loyalist
12866.0,2011-03-01 14:11:00,2011-03-01 14:11:00,1,559.12,282,282,1,At Risk
12867.0,2011-11-13 15:30:00,2010-12-14 16:39:00,7,4036.82,359,25,0,Loyal Customers
12868.0,2011-06-07 10:42:00,2010-12-01 12:50:00,6,1607.0600000000002,373,185,1,At Risk
12871.0,2011-09-16 15:07:00,2011-05-16 13:32:00,2,380.64,206,83,0,At Risk
12872.0,2011-01-17 10:52:00,2010-12-09 14:44:00,2,599.97,364,326,1,At Risk
12873.0,2011-03-02 14:58:00,2011-03-02 14:58:00,1,374.0,281,281,1,At Risk
12875.0,2011-07-19 15:30:00,2010-12-12 12:03:00,2,343.2300000000001,362,142,1,At Risk
12876.0,2011-10-13 12:26:00,2011-05-27 13:34:00,2,2218.02,195,57,0,Others
12877.0,2011-12-06 10:30:00,2010-12-16 12:23:00,12,1535.77,358,3,0,Loyal Customers
12878.0,2011-04-17 13:07:00,2011-03-18 14:02:00,2,854.99,265,235,1,At Risk
12879.0,2011-10-26 12:24:00,2011-09-09 12:11:00,3,573.22,91,44,0,Others
12881.0,2011-03-09 11:44:00,2011-03-09 11:44:00,1,298.0,275,275,1,At Risk
12882.0,2011-11-30 16:18:00,2011-11-06 11:22:00,2,1463.04,33,8,0,Potential Loyalist
12883.0,2011-11-15 09:32:00,2011-09-11 15:18:00,4,703.47,88,24,0,Loyal Customers
12884.0,2011-09-12 13:10:00,2011-09-12 13:10:00,1,309.05,87,87,0,At Risk
12885.0,2011-10-07 13:40:00,2011-08-08 11:45:00,3,1175.22,123,62,0,Others
12886.0,2011-10-03 10:09:00,2011-05-04 11:21:00,2,1378.4,219,67,0,Others
12888.0,2011-05-09 16:02:00,2011-03-29 14:31:00,2,354.12,254,213,1,At Risk
12890.0,2011-11-15 17:26:00,2011-11-15 17:26:00,1,380.46999999999997,23,23,0,Potential Loyalist
12891.0,2011-06-07 12:31:00,2011-02-20 11:28:00,3,331.0,292,185,1,At Risk
12893.0,2011-11-09 12:34:00,2011-11-09 12:34:00,1,188.14,30,30,0,Potential Loyalist
12895.0,2011-10-28 13:51:00,2011-09-14 08:35:00,2,372.8,86,41,0,Others
12897.0,2011-05-19 12:13:00,2011-02-11 11:40:00,2,216.5,301,204,1,At Risk
12901.0,2011-12-01 10:07:00,2011-03-14 10:41:00,28,17654.54,270,8,0,Champions
12902.0,2011-03-20 12:06:00,2011-03-20 12:06:00,1,138.68,264,264,1,At Risk
12904.0,2011-11-21 14:34:00,2011-06-20 13:18:00,2,509.58,171,17,0,Potential Loyalist
12906.0,2011-11-28 09:55:00,2011-09-22 15:03:00,5,2919.81,77,11,0,Loyal Customers
12908.0,2011-06-16 15:39:00,2011-01-31 12:37:00,2,750.0,312,175,1,At Risk
12909.0,2011-10-31 12:43:00,2011-03-31 12:51:00,5,2178.67,252,39,0,Others
12910.0,2011-11-16 14:28:00,2011-04-12 10:01:00,8,3075.04,241,22,0,Loyal Customers
12912.0,2011-12-07 08:55:00,2011-10-30 11:35:00,5,1662.3,40,2,0,Loyal Customers
12913.0,2011-12-05 12:11:00,2010-12-06 16:36:00,5,2483.63,367,4,0,Loyal Customers
12915.0,2011-07-14 11:34:00,2010-12-02 12:33:00,2,363.65,372,148,1,At Risk
12916.0,2011-07-24 10:35:00,2011-01-23 10:43:00,4,3006.15,320,138,1,At Risk
12917.0,2011-08-03 16:42:00,2011-08-03 16:42:00,1,594.0,127,127,1,At Risk
12919.0,2011-12-01 13:47:00,2011-06-23 09:22:00,6,1335.19,169,7,0,Loyal Customers
12920.0,2011-11-22 15:05:00,2011-11-22 15:05:00,1,164.23,16,16,0,Potential Loyalist
12921.0,2011-11-30 16:22:00,2010-12-01 15:06:00,37,16587.09,372,8,0,Champions
12922.0,2011-07-01 15:35:00,2011-07-01 15:35:00,1,405.38,160,160,1,At Risk
12923.0,2011-10-06 16:20:00,2011-10-06 16:20:00,1,176.97,63,63,0,Others
12924.0,2011-09-12 13:55:00,2011-01-16 11:49:00,4,933.7,327,87,0,At Risk
12925.0,2011-12-05 11:11:00,2011-09-26 11:05:00,2,694.05,74,4,0,Potential Loyalist
12928.0,2011-11-04 14:24:00,2010-12-15 15:45:00,5,2062.7,358,34,0,Others
12929.0,2011-02-01 12:08:00,2011-02-01 12:08:00,1,117.85,311,311,1,At Risk
12930.0,2011-09-22 15:18:00,2011-06-21 13:25:00,2,415.8,170,77,0,At Risk
12931.0,2011-11-18 12:39:00,2010-12-17 09:45:00,15,42055.96,357,21,0,Loyal Customers
12933.0,2011-11-15 16:38:00,2011-03-01 11:30:00,3,607.53,283,23,0,Potential Loyalist
12935.0,2011-12-07 17:25:00,2011-01-24 13:58:00,7,2160.7,318,1,0,Champions
12936.0,2011-11-22 17:32:00,2011-09-22 13:51:00,4,1063.9,77,16,0,Loyal Customers
12937.0,2011-11-24 15:05:00,2011-03-17 14:19:00,4,1504.27,266,14,0,Loyal Customers
12938.0,2011-11-14 11:21:00,2011-11-14 11:21:00,1,114.14,25,25,0,Potential Loyalist
12939.0,2011-10-06 14:33:00,2011-01-09 11:20:00,8,11581.8,334,63,0,Others
12940.0,2011-10-16 12:09:00,2011-09-13 10:16:00,2,913.54,87,54,0,Others
12942.0,2011-07-31 14:39:00,2010-12-09 09:34:00,3,683.9,365,130,1,At Risk
12944.0,2011-11-04 11:04:00,2010-12-20 10:41:00,2,604.51,354,35,0,Others
12945.0,2011-02-24 14:15:00,2011-02-24 14:15:00,1,462.95,287,287,1,At Risk
12947.0,2011-07-19 10:06:00,2010-12-01 16:21:00,6,1603.99,372,143,1,At Risk
12948.0,2011-11-23 17:10:00,2011-03-20 10:17:00,7,2064.95,264,15,0,Loyal Customers
12949.0,2011-11-09 11:25:00,2011-04-01 13:20:00,8,4167.22,251,30,0,Loyal Customers
12950.0,2011-12-07 13:17:00,2011-11-15 13:48:00,3,1843.0,23,1,0,Potential Loyalist
12951.0,2011-12-01 12:14:00,2011-01-13 10:33:00,6,1064.07,330,8,0,Loyal Customers
12952.0,2011-12-04 10:35:00,2011-09-22 16:37:00,4,1387.79,77,5,0,Loyal Customers
12953.0,2011-11-30 09:24:00,2011-11-30 09:24:00,1,329.85,9,9,0,Potential Loyalist
12955.0,2011-12-08 16:29:00,2011-03-17 09:03:00,11,4757.16,267,0,0,Champions
12956.0,2011-02-06 16:08:00,2011-02-06 16:08:00,1,108.07,305,305,1,At Risk
12957.0,2011-11-30 09:53:00,2011-01-04 12:18:00,8,4017.54,339,9,0,Champions
12962.0,2011-12-02 15:55:00,2011-08-18 13:38:00,2,266.39,112,6,0,Potential Loyalist
12963.0,2011-12-01 12:55:00,2010-12-09 09:14:00,8,1856.63,365,7,0,Loyal Customers
12965.0,2011-09-11 15:31:00,2011-09-11 15:31:00,1,771.91,88,88,0,At Risk
12966.0,2011-11-30 12:38:00,2011-11-30 12:38:00,1,160.18,9,9,0,Potential Loyalist
12967.0,2010-12-16 19:10:00,2010-12-03 09:49:00,2,1660.9,371,357,1,At Risk
12968.0,2011-08-19 15:44:00,2011-08-19 15:44:00,1,135.95,111,111,1,At Risk
12970.0,2011-12-02 14:30:00,2011-01-21 14:04:00,4,452.24,321,6,0,Loyal Customers
12971.0,2011-12-06 12:20:00,2010-12-02 16:42:00,86,11189.91,371,3,0,Champions
12974.0,2011-05-26 09:33:00,2011-05-26 09:33:00,1,144.8,197,197,1,At Risk
12976.0,2011-05-12 09:55:00,2011-05-12 09:55:00,1,738.6,211,211,1,At Risk
12977.0,2011-07-06 16:40:00,2011-07-06 16:40:00,1,39.239999999999995,155,155,1,At Risk
12980.0,2011-07-05 09:34:00,2010-12-16 11:36:00,9,7374.900000000001,358,157,1,At Risk
12981.0,2011-11-10 12:00:00,2011-07-29 14:14:00,2,372.21999999999997,132,29,0,Potential Loyalist
12982.0,2011-04-11 11:51:00,2011-04-11 11:51:00,1,390.54,242,242,1,At Risk
12984.0,2011-11-21 12:37:00,2011-11-21 12:37:00,1,97.5,18,18,0,Potential Loyalist
12985.0,2011-12-09 10:46:00,2011-11-11 12:44:00,2,1239.38,28,0,0,Potential Loyalist
12987.0,2011-09-27 12:03:00,2011-05-26 12:00:00,2,558.7,197,73,0,At Risk
12988.0,2011-02-20 14:31:00,2011-02-20 14:31:00,1,535.32,291,291,1,At Risk
12989.0,2011-12-06 15:28:00,2010-12-10 13:24:00,15,6924.11,363,2,0,Champions
12990.0,2011-11-08 13:01:00,2011-02-02 15:39:00,3,409.5,309,30,0,Potential Loyalist
12991.0,2011-11-16 15:34:00,2011-08-19 14:39:00,2,503.76,111,22,0,Potential Loyalist
12993.0,2011-11-16 15:49:00,2011-02-14 14:29:00,4,414.76,297,22,0,Loyal Customers
12994.0,2011-12-05 15:43:00,2011-03-16 08:31:00,3,974.42,268,3,0,Potential Loyalist
12995.0,2011-09-15 15:44:00,2011-09-15 15:44:00,1,211.32,84,84,0,At Risk
12997.0,2011-11-17 15:47:00,2011-01-26 15:49:00,4,1226.89,316,21,0,Loyal Customers
12999.0,2011-05-27 13:24:00,2011-04-08 10:26:00,3,455.88,245,195,1,At Risk
13000.0,2011-08-25 10:43:00,2010-12-10 10:26:00,3,534.85,364,106,1,At Risk
13001.0,2011-12-05 14:51:00,2011-01-17 12:45:00,13,9818.82,326,3,0,Champions
13002.0,2011-01-25 15:18:00,2011-01-25 15:18:00,1,120.95,317,317,1,At Risk
13003.0,2011-08-26 10:50:00,2011-05-09 08:23:00,3,149.05,214,105,1,At Risk
13004.0,2011-11-28 11:27:00,2010-12-17 08:20:00,18,5655.91,357,11,0,Champions
13005.0,2011-06-19 10:53:00,2011-04-07 13:32:00,2,513.7,245,173,1,At Risk
13006.0,2011-10-14 13:49:00,2011-10-14 13:49:00,1,81.57,55,55,0,Others
13008.0,2011-01-20 14:24:00,2011-01-20 14:24:00,1,229.47,322,322,1,At Risk
13011.0,2010-12-02 17:22:00,2010-12-02 17:22:00,1,50.550000000000004,371,371,1,At Risk
13012.0,2011-11-30 13:05:00,2011-02-18 09:43:00,8,1661.8400000000001,294,8,0,Loyal Customers
13013.0,2011-12-08 15:01:00,2010-12-03 12:28:00,13,4810.9400000000005,371,0,0,Champions
13014.0,2011-11-29 12:27:00,2011-03-03 18:28:00,10,3466.28,280,10,0,Champions
13015.0,2011-10-17 13:19:00,2011-04-04 14:28:00,5,3346.28,248,52,0,Others
13016.0,2011-09-27 14:08:00,2011-08-08 15:00:00,3,789.89,122,72,0,At Risk
13017.0,2011-12-02 15:53:00,2011-12-02 15:53:00,1,204.0,6,6,0,Potential Loyalist
13018.0,2011-11-23 13:28:00,2011-02-17 11:05:00,28,7277.7,295,15,0,Loyal Customers
13021.0,2011-12-05 16:37:00,2010-12-16 10:12:00,9,2616.38,358,3,0,Champions
13023.0,2011-10-06 16:27:00,2011-08-02 09:34:00,2,689.9,129,63,0,Others
13026.0,2011-12-08 16:58:00,2011-03-09 11:35:00,5,975.36,275,0,0,Loyal Customers
13027.0,2011-08-18 09:39:00,2010-12-20 12:45:00,6,6912.0,354,113,1,At Risk
13028.0,2011-11-17 11:10:00,2011-10-25 14:09:00,2,661.3199999999999,44,22,0,Potential Loyalist
13029.0,2011-11-09 09:13:00,2010-12-21 13:53:00,3,1247.5,352,30,0,Potential Loyalist
13030.0,2011-11-28 14:30:00,2010-12-06 14:31:00,2,799.48,367,10,0,Potential Loyalist
13032.0,2011-10-18 15:54:00,2011-09-13 16:40:00,2,1010.1800000000001,86,51,0,Others
13033.0,2010-12-17 14:23:00,2010-12-17 14:23:00,1,190.55,356,356,1,At Risk
13034.0,2011-10-16 12:21:00,2010-12-05 14:52:00,2,642.77,368,54,0,Others
13035.0,2011-09-27 08:57:00,2011-03-24 09:21:00,2,921.88,260,73,0,At Risk
13037.0,2011-07-24 15:46:00,2011-03-28 15:42:00,3,881.07,255,137,1,At Risk
13038.0,2011-09-20 14:37:00,2011-02-22 11:43:00,3,908.46,290,79,0,At Risk
13040.0,2011-12-01 10:38:00,2011-11-06 13:53:00,2,676.99,32,8,0,Potential Loyalist
13043.0,2011-03-11 14:52:00,2011-03-11 14:52:00,1,516.42,272,272,1,At Risk
13044.0,2011-02-21 15:20:00,2011-02-21 15:20:00,1,560.47,290,290,1,At Risk
13045.0,2011-09-01 15:04:00,2011-09-01 15:04:00,1,305.28000000000003,98,98,1,At Risk
13046.0,2011-11-09 08:36:00,2011-03-18 15:43:00,2,629.31,265,30,0,Potential Loyalist
13047.0,2011-11-08 12:06:00,2010-12-01 08:34:00,10,3237.54,373,31,0,Loyal Customers
13048.0,2011-11-25 13:23:00,2011-01-16 14:36:00,4,1835.91,326,13,0,Loyal Customers
13049.0,2011-10-06 15:31:00,2011-01-25 16:33:00,2,656.6800000000001,317,63,0,Others
13050.0,2011-11-25 09:18:00,2010-12-08 09:30:00,17,5836.86,366,14,0,Loyal Customers
13052.0,2011-05-11 14:12:00,2011-05-11 14:12:00,1,348.15000000000003,211,211,1,At Risk
13055.0,2011-09-22 14:26:00,2011-05-10 08:58:00,3,1214.41,213,77,0,At Risk
13058.0,2011-11-15 12:43:00,2011-07-11 12:01:00,3,271.40000000000003,151,24,0,Potential Loyalist
13059.0,2011-04-04 10:40:00,2011-04-04 10:40:00,1,183.4,249,249,1,At Risk
13060.0,2011-03-31 11:37:00,2011-03-31 11:37:00,1,307.53000000000003,253,253,1,At Risk
13061.0,2011-09-28 16:04:00,2011-09-28 16:04:00,1,248.61,71,71,0,Others
13062.0,2011-06-01 15:12:00,2011-06-01 15:12:00,1,346.98,190,190,1,At Risk
13064.0,2011-11-27 12:31:00,2011-01-16 13:41:00,4,1119.49,326,12,0,Loyal Customers
13065.0,2010-12-01 16:52:00,2010-12-01 16:52:00,1,205.86,372,372,1,At Risk
13066.0,2011-11-15 12:57:00,2011-11-07 17:06:00,2,470.8,31,23,0,Potential Loyalist
13067.0,2011-09-18 13:38:00,2011-09-18 13:38:00,1,115.46000000000001,81,81,0,At Risk
13068.0,2011-11-29 15:00:00,2011-01-24 08:20:00,2,344.0,319,9,0,Potential Loyalist
13069.0,2011-12-09 08:39:00,2010-12-05 11:02:00,24,4436.12,369,0,0,Champions
13070.0,2011-05-31 13:45:00,2011-05-31 13:45:00,1,228.8,191,191,1,At Risk
13072.0,2011-03-18 08:12:00,2011-03-18 08:12:00,1,177.15,266,266,1,At Risk
13075.0,2011-08-02 10:19:00,2011-08-02 10:19:00,1,919.61,129,129,1,At Risk
13077.0,2011-12-08 19:24:00,2010-12-08 14:59:00,4,729.27,365,0,0,Loyal Customers
13078.0,2011-12-06 15:36:00,2010-12-08 09:07:00,26,12627.94,366,2,0,Champions
13079.0,2011-12-05 16:53:00,2011-07-22 14:41:00,5,220.10000000000002,139,3,0,Loyal Customers
13080.0,2011-06-13 14:59:00,2011-06-13 14:59:00,1,58.08,178,178,1,At Risk
13081.0,2011-11-28 10:54:00,2010-12-03 17:20:00,11,28337.38,370,11,0,Champions
13082.0,2011-08-05 16:16:00,2011-01-05 15:42:00,9,3613.63,337,125,1,At Risk
13083.0,2011-12-05 15:01:00,2011-09-25 10:46:00,2,303.75,75,3,0,Potential Loyalist
13085.0,2011-07-05 12:11:00,2011-02-17 13:57:00,2,416.08,294,157,1,At Risk
13089.0,2011-12-07 09:02:00,2010-12-05 10:27:00,97,58825.83,369,2,0,Champions
13090.0,2011-12-01 12:39:00,2010-12-02 07:48:00,14,8910.82,372,8,0,Champions
13091.0,2011-11-11 15:54:00,2011-11-11 15:54:00,1,345.82,27,27,0,Potential Loyalist
13092.0,2011-09-30 11:18:00,2010-12-15 12:27:00,5,477.83,359,70,0,Others
13093.0,2011-03-09 12:14:00,2010-12-01 15:00:00,8,7832.47,372,275,1,At Risk
13094.0,2011-11-18 14:07:00,2010-12-06 10:34:00,12,1927.3200000000002,368,20,0,Loyal Customers
13095.0,2011-09-30 12:03:00,2011-09-30 12:03:00,1,74.39999999999999,70,70,0,Others
13097.0,2011-11-07 10:43:00,2010-12-14 15:13:00,10,6010.42,359,32,0,Loyal Customers
13098.0,2011-12-08 14:14:00,2011-01-26 13:46:00,28,28882.44,316,0,0,Champions
13099.0,2011-09-01 17:40:00,2011-09-01 17:40:00,1,207.36,98,98,1,At Risk
13101.0,2011-04-19 14:37:00,2011-04-19 14:37:00,1,101.19,233,233,1,At Risk
13102.0,2011-12-08 12:52:00,2010-12-09 13:38:00,24,6424.09,364,0,0,Champions
13103.0,2011-10-31 09:38:00,2011-10-31 09:38:00,1,243.94,39,39,0,Others
13104.0,2011-12-06 13:10:00,2010-12-20 11:58:00,6,1098.48,354,2,0,Loyal Customers
13106.0,2011-07-29 15:12:00,2011-07-29 15:12:00,1,76.5,132,132,1,At Risk
13107.0,2011-10-26 14:52:00,2011-01-10 12:28:00,4,1531.6200000000001,333,43,0,Others
13108.0,2010-12-02 10:35:00,2010-12-02 10:35:00,1,350.06,372,372,1,At Risk
13109.0,2011-10-11 10:16:00,2011-07-05 14:56:00,2,786.54,156,59,0,Others
13110.0,2011-11-08 14:30:00,2011-02-01 15:24:00,7,1488.67,310,30,0,Loyal Customers
13113.0,2011-12-09 12:49:00,2010-12-08 13:21:00,24,12245.960000000001,365,0,0,Champions
13115.0,2011-11-28 12:38:00,2011-06-08 16:15:00,4,2294.78,183,11,0,Loyal Customers
13116.0,2011-07-24 14:33:00,2011-07-24 14:33:00,1,501.14,137,137,1,At Risk
13117.0,2011-11-18 12:02:00,2010-12-02 13:11:00,8,984.91,371,21,0,Loyal Customers
13118.0,2011-11-20 12:46:00,2011-02-24 12:32:00,5,1197.81,288,19,0,Loyal Customers
13120.0,2011-04-15 10:19:00,2011-04-15 10:19:00,1,30.6,238,238,1,At Risk
13121.0,2011-03-15 16:47:00,2011-03-15 16:47:00,1,283.73,268,268,1,At Risk
13122.0,2011-09-06 15:53:00,2011-04-13 14:12:00,2,922.39,239,93,1,At Risk
13124.0,2011-09-11 12:45:00,2010-12-15 15:00:00,3,3866.33,358,89,0,At Risk
13126.0,2011-12-05 10:00:00,2010-12-08 11:42:00,8,2099.64,366,4,0,Champions
13127.0,2011-09-23 10:26:00,2011-09-23 10:26:00,1,259.17,77,77,0,At Risk
13130.0,2011-09-06 15:30:00,2011-09-06 15:30:00,1,64.0,93,93,1,At Risk
13131.0,2011-11-16 13:21:00,2011-06-05 10:54:00,3,1073.3,187,22,0,Potential Loyalist
13132.0,2011-03-23 12:44:00,2011-03-23 12:44:00,1,77.3,261,261,1,At Risk
13133.0,2011-03-11 10:31:00,2011-02-08 15:48:00,2,109.8,303,273,1,At Risk
13134.0,2011-09-15 10:35:00,2011-04-13 12:57:00,4,1793.58,239,85,0,At Risk
13135.0,2011-05-27 10:52:00,2011-05-27 10:52:00,1,3096.0,196,196,1,At Risk
13136.0,2011-10-14 13:41:00,2011-05-11 12:47:00,5,2607.61,212,55,0,Others
13137.0,2011-11-29 12:09:00,2011-02-04 11:54:00,8,3650.41,308,10,0,Champions
13138.0,2011-11-17 16:51:00,2010-12-02 15:03:00,6,962.39,371,21,0,Loyal Customers
13139.0,2011-11-23 13:54:00,2011-03-25 11:57:00,7,5064.9400000000005,259,15,0,Loyal Customers
13140.0,2011-08-23 15:33:00,2010-12-08 15:12:00,3,423.72,365,107,1,At Risk
13141.0,2011-09-16 09:54:00,2011-01-28 13:04:00,5,2388.75,314,84,0,At Risk
13142.0,2011-11-20 16:07:00,2011-11-20 16:07:00,1,307.09000000000003,18,18,0,Potential Loyalist
13144.0,2011-01-11 11:15:00,2011-01-11 11:15:00,1,110.95,332,332,1,At Risk
13145.0,2011-10-31 12:45:00,2010-12-02 18:06:00,4,618.52,371,39,0,Others
13146.0,2011-11-13 15:29:00,2011-11-13 15:29:00,1,228.91,25,25,0,Potential Loyalist
13147.0,2011-11-29 13:59:00,2011-09-01 12:28:00,4,712.8,99,9,0,Loyal Customers
13148.0,2011-11-10 15:23:00,2010-12-10 13:06:00,12,3707.12,363,28,0,Loyal Customers
13149.0,2011-11-25 13:09:00,2011-02-23 13:57:00,4,1676.06,288,13,0,Loyal Customers
13151.0,2011-02-17 12:29:00,2011-02-17 12:29:00,1,1257.8700000000001,295,295,1,At Risk
13153.0,2011-12-04 12:14:00,2011-12-04 12:14:00,1,486.22,5,5,0,Potential Loyalist
13155.0,2011-11-06 15:41:00,2010-12-06 12:44:00,4,971.76,368,32,0,Loyal Customers
13157.0,2011-10-21 13:50:00,2011-02-14 14:03:00,4,1741.22,297,48,0,Others
13158.0,2011-09-06 11:58:00,2011-01-25 09:58:00,4,1201.06,318,94,1,At Risk
13159.0,2011-12-01 11:20:00,2011-08-16 11:44:00,4,1437.85,115,8,0,Loyal Customers
13160.0,2011-11-17 13:07:00,2011-11-17 13:07:00,1,91.8,21,21,0,Potential Loyalist
13161.0,2011-01-30 14:03:00,2011-01-30 14:03:00,1,112.75,312,312,1,At Risk
13162.0,2011-08-09 15:59:00,2011-01-09 10:43:00,4,1688.29,334,121,1,At Risk
13165.0,2011-10-24 15:05:00,2010-12-23 14:06:00,2,1021.48,350,45,0,Others
13166.0,2011-03-01 15:16:00,2011-03-01 15:16:00,1,417.2,282,282,1,At Risk
13167.0,2011-11-21 12:24:00,2011-07-19 12:13:00,4,791.33,143,18,0,Loyal Customers
13168.0,2011-11-03 12:56:00,2011-01-25 13:55:00,4,1319.19,317,35,0,Others
13169.0,2011-10-07 12:11:00,2011-04-01 14:24:00,2,712.88,251,63,0,Others
13170.0,2011-11-13 12:19:00,2011-11-13 12:19:00,1,116.00999999999999,26,26,0,Potential Loyalist
13171.0,2011-11-18 10:27:00,2011-02-13 14:16:00,3,468.41,298,21,0,Potential Loyalist
13173.0,2011-12-05 15:51:00,2010-12-07 14:30:00,2,353.65000000000003,366,3,0,Potential Loyalist
13174.0,2011-11-23 14:35:00,2010-12-05 16:24:00,3,2817.03,368,15,0,Potential Loyalist
13176.0,2011-10-24 15:43:00,2011-10-24 15:43:00,1,492.84,45,45,0,Others
13177.0,2011-10-06 09:56:00,2011-10-06 09:56:00,1,282.45,64,64,0,Others
13178.0,2011-11-13 16:14:00,2010-12-14 12:22:00,11,5725.47,360,25,0,Loyal Customers
13182.0,2011-10-25 13:46:00,2011-10-25 13:46:00,1,121.18,44,44,0,Others
13183.0,2011-12-02 10:30:00,2011-01-09 10:50:00,9,3957.78,334,7,0,Champions
13184.0,2011-11-25 12:02:00,2011-02-22 17:25:00,10,1701.29,289,14,0,Loyal Customers
13185.0,2011-03-17 11:56:00,2011-03-17 11:56:00,1,71.4,267,267,1,At Risk
13186.0,2011-10-31 11:40:00,2011-08-03 09:09:00,3,1575.89,128,39,0,Others
13187.0,2011-01-06 18:57:00,2011-01-06 18:57:00,1,236.02,336,336,1,At Risk
13188.0,2011-11-28 15:28:00,2011-11-28 15:28:00,1,114.6,10,10,0,Potential Loyalist
13189.0,2011-11-21 10:39:00,2011-08-16 13:12:00,2,260.68,114,18,0,Potential Loyalist
13192.0,2011-09-05 14:13:00,2011-05-18 14:57:00,2,911.94,204,94,1,At Risk
13193.0,2011-10-09 14:30:00,2011-10-09 14:30:00,1,117.88,60,60,0,Others
13194.0,2011-07-27 09:01:00,2011-07-27 09:01:00,1,60.7,135,135,1,At Risk
13196.0,2011-11-28 13:54:00,2011-03-22 14:24:00,4,1797.78,261,10,0,Loyal Customers
13198.0,2011-11-29 15:17:00,2010-12-13 09:29:00,6,3401.2400000000002,361,9,0,Champions
13199.0,2011-12-06 12:30:00,2010-12-08 10:51:00,38,9817.12,366,3,0,Champions
13200.0,2011-11-20 15:35:00,2011-08-05 14:50:00,4,870.09,125,18,0,Loyal Customers
13203.0,2011-11-30 10:45:00,2011-04-11 14:40:00,4,869.46,241,9,0,Loyal Customers
13207.0,2011-11-24 14:52:00,2011-07-12 11:35:00,2,250.26000000000002,150,14,0,Potential Loyalist
13208.0,2011-10-12 09:54:00,2011-02-03 19:32:00,6,1223.9,308,58,0,Others
13209.0,2011-11-09 13:54:00,2010-12-13 10:31:00,8,5891.61,361,29,0,Loyal Customers
13210.0,2011-09-07 08:18:00,2011-09-07 08:18:00,1,353.48,93,93,1,At Risk
13211.0,2011-11-29 14:43:00,2010-12-13 16:17:00,3,1197.42,360,9,0,Potential Loyalist
13212.0,2011-11-20 12:40:00,2011-10-09 14:48:00,3,788.08,60,19,0,Potential Loyalist
13213.0,2011-10-14 11:42:00,2011-05-24 12:22:00,5,1520.58,199,56,0,Others
13216.0,2011-03-17 12:18:00,2011-03-17 12:18:00,1,333.74,267,267,1,At Risk
13217.0,2011-08-09 15:32:00,2011-07-06 12:08:00,3,533.98,156,121,1,At Risk
13218.0,2011-08-04 16:59:00,2011-08-04 16:59:00,1,62.64,126,126,1,At Risk
13220.0,2011-09-22 13:38:00,2011-04-17 10:59:00,4,819.2900000000001,236,77,0,At Risk
13221.0,2011-04-13 16:58:00,2010-12-15 13:24:00,2,847.41,358,239,1,At Risk
13223.0,2011-05-23 13:03:00,2011-04-21 15:16:00,2,163.2,231,199,1,At Risk
13224.0,2011-10-10 14:55:00,2011-07-11 14:10:00,2,2155.95,150,59,0,Others
13225.0,2011-12-06 13:29:00,2010-12-13 09:49:00,7,6463.84,361,2,0,Champions
13226.0,2011-03-11 14:35:00,2011-03-11 14:35:00,1,108.21000000000001,272,272,1,At Risk
13227.0,2011-05-22 11:47:00,2011-05-22 11:47:00,1,257.7,201,201,1,At Risk
13228.0,2011-09-19 14:28:00,2011-09-19 14:28:00,1,358.0,80,80,0,At Risk
13229.0,2011-04-28 12:07:00,2011-04-28 12:07:00,1,160.95,225,225,1,At Risk
13230.0,2011-12-05 16:03:00,2010-12-09 19:28:00,14,2806.97,364,3,0,Champions
13232.0,2011-11-27 10:39:00,2011-04-10 13:48:00,7,1357.6,242,12,0,Loyal Customers
13233.0,2011-09-26 13:25:00,2011-01-07 14:49:00,2,605.12,335,73,0,At Risk
13235.0,2011-05-11 17:13:00,2011-05-11 17:13:00,1,1031.07,211,211,1,At Risk
13236.0,2011-11-15 12:50:00,2011-08-25 08:58:00,2,744.85,106,24,0,Potential Loyalist
13238.0,2011-11-22 15:37:00,2010-12-14 14:37:00,4,700.73,359,16,0,Loyal Customers
13239.0,2011-03-23 10:25:00,2011-03-23 10:25:00,1,329.56,261,261,1,At Risk
13240.0,2011-09-04 14:08:00,2010-12-09 12:49:00,4,663.65,365,95,1,At Risk
13242.0,2011-08-19 12:53:00,2011-05-10 12:26:00,3,270.40000000000003,213,111,1,At Risk
13243.0,2011-05-20 13:14:00,2011-05-20 13:14:00,1,600.07,202,202,1,At Risk
13244.0,2011-09-08 11:46:00,2011-09-08 11:46:00,1,121.74000000000001,92,92,1,At Risk
13245.0,2011-10-20 11:40:00,2011-10-20 11:40:00,1,430.5,50,50,0,Others
13246.0,2011-11-21 16:50:00,2011-01-13 13:36:00,6,1987.3,329,17,0,Loyal Customers
13247.0,2011-11-22 10:59:00,2011-09-18 11:31:00,4,501.12,82,17,0,Loyal Customers
13248.0,2011-08-07 12:40:00,2011-06-03 13:05:00,2,465.68,188,124,1,At Risk
13249.0,2011-09-08 13:26:00,2011-03-23 15:26:00,3,711.41,260,91,1,At Risk
13253.0,2011-07-06 10:09:00,2011-01-04 15:43:00,2,1030.4,338,156,1,At Risk
13255.0,2011-11-30 13:14:00,2010-12-01 11:58:00,2,399.51,373,8,0,Potential Loyalist
13258.0,2011-11-28 09:31:00,2011-05-18 13:11:00,3,698.5799999999999,204,11,0,Potential Loyalist
13259.0,2011-10-09 10:48:00,2011-10-09 10:48:00,1,292.32,61,61,0,Others
13260.0,2011-10-09 13:21:00,2011-10-09 13:21:00,1,557.62,60,60,0,Others
13261.0,2011-03-16 12:22:00,2011-02-27 10:41:00,2,944.1,285,268,1,At Risk
13262.0,2011-03-21 15:06:00,2011-03-21 15:06:00,1,200.29,262,262,1,At Risk
13263.0,2011-12-08 13:59:00,2011-01-18 16:31:00,35,7454.07,324,0,0,Champions
13265.0,2011-10-17 15:02:00,2011-03-11 09:54:00,5,2107.66,273,52,0,Others
13266.0,2011-11-28 14:39:00,2011-03-28 10:14:00,12,3834.2599999999998,256,10,0,Champions
13267.0,2011-12-07 11:12:00,2010-12-08 09:20:00,19,4521.49,366,2,0,Champions
13268.0,2011-11-22 11:51:00,2011-03-17 13:20:00,11,3214.69,266,17,0,Loyal Customers
13269.0,2011-12-08 14:53:00,2010-12-05 11:51:00,15,5346.2300000000005,369,0,0,Champions
13270.0,2010-12-08 14:53:00,2010-12-08 14:53:00,1,590.0,365,365,1,At Risk
13271.0,2011-11-02 14:31:00,2011-11-02 14:31:00,1,217.38,36,36,0,Others
13272.0,2011-11-08 14:00:00,2011-09-11 12:06:00,2,276.56,89,30,0,Potential Loyalist
13273.0,2011-08-18 14:02:00,2011-08-18 14:02:00,1,138.98,112,112,1,At Risk
13276.0,2011-10-07 12:44:00,2011-09-01 10:03:00,2,590.9300000000001,99,63,0,Others
13277.0,2011-11-24 09:21:00,2011-07-29 10:06:00,4,258.4,133,15,0,Loyal Customers
13278.0,2011-10-30 11:49:00,2011-10-30 11:49:00,1,542.73,40,40,0,Others
13279.0,2011-09-22 17:24:00,2011-09-22 17:24:00,1,137.75,77,77,0,At Risk
13280.0,2011-08-09 13:14:00,2011-01-06 17:10:00,3,814.86,336,121,1,At Risk
13282.0,2011-11-21 15:33:00,2011-05-03 12:03:00,3,1132.14,220,17,0,Potential Loyalist
13283.0,2011-10-11 09:50:00,2011-06-07 12:39:00,2,93.66,185,59,0,Others
13284.0,2011-01-13 09:23:00,2011-01-13 09:23:00,1,201.19,330,330,1,At Risk
13285.0,2011-11-16 13:19:00,2011-02-22 17:13:00,4,2709.12,289,22,0,Loyal Customers
13291.0,2011-07-07 10:36:00,2011-07-07 10:36:00,1,361.11,155,155,1,At Risk
13292.0,2011-11-01 10:04:00,2011-02-28 15:00:00,2,578.94,283,38,0,Others
13294.0,2011-06-03 08:54:00,2011-04-04 12:37:00,2,873.74,249,189,1,At Risk
13295.0,2010-12-15 11:21:00,2010-12-15 11:21:00,1,201.20000000000002,359,359,1,At Risk
13296.0,2011-07-25 13:46:00,2011-07-25 13:46:00,1,87.4,136,136,1,At Risk
13297.0,2011-12-02 09:32:00,2011-10-03 15:08:00,4,2089.85,66,7,0,Loyal Customers
13298.0,2011-12-08 13:11:00,2011-12-08 13:11:00,1,360.0,0,0,0,Potential Loyalist
13299.0,2011-03-16 12:55:00,2011-03-16 12:55:00,1,142.5,267,267,1,At Risk
13300.0,2011-06-23 13:09:00,2011-06-23 13:09:00,1,371.89,168,168,1,At Risk
13301.0,2011-08-28 11:25:00,2011-02-20 13:13:00,4,618.09,291,103,1,At Risk
13302.0,2011-07-07 17:56:00,2011-07-07 17:56:00,1,63.75,154,154,1,At Risk
13304.0,2010-12-23 14:35:00,2010-12-23 14:35:00,1,300.42,350,350,1,At Risk
13305.0,2011-12-05 15:15:00,2010-12-02 12:10:00,10,2000.86,372,3,0,Loyal Customers
13307.0,2011-08-11 17:14:00,2011-08-11 17:14:00,1,15.0,119,119,1,At Risk
13308.0,2011-11-17 09:31:00,2011-05-20 13:13:00,3,1385.51,202,22,0,Potential Loyalist
13309.0,2011-12-02 16:34:00,2011-02-04 12:29:00,5,1456.79,308,6,0,Loyal Customers
13310.0,2011-11-11 17:23:00,2011-01-19 14:50:00,3,1132.03,323,27,0,Potential Loyalist
13311.0,2011-12-05 12:55:00,2011-07-12 14:26:00,2,598.57,149,3,0,Potential Loyalist
13313.0,2011-11-17 16:48:00,2011-01-04 10:00:00,5,1555.3200000000002,339,21,0,Loyal Customers
13314.0,2011-12-08 12:29:00,2011-09-27 10:20:00,3,775.94,73,1,0,Potential Loyalist
13316.0,2011-11-02 13:40:00,2011-03-30 13:01:00,4,5977.73,253,36,0,Others
13317.0,2011-10-04 13:35:00,2010-12-16 09:22:00,6,2273.68,358,65,0,Others
13318.0,2011-12-08 18:51:00,2011-11-02 13:26:00,3,640.76,36,0,0,Potential Loyalist
13319.0,2011-12-04 13:34:00,2010-12-09 10:04:00,26,10845.550000000001,365,4,0,Champions
13320.0,2011-09-22 18:07:00,2011-05-10 10:29:00,4,1548.7,213,77,0,At Risk
13321.0,2011-09-28 15:24:00,2011-09-14 15:18:00,2,567.36,85,71,0,Others
13322.0,2011-11-22 14:21:00,2011-11-22 14:21:00,1,199.48000000000002,16,16,0,Potential Loyalist
13323.0,2011-12-06 17:12:00,2011-09-16 13:23:00,5,787.85,83,2,0,Loyal Customers
13324.0,2011-11-03 16:28:00,2010-12-14 09:50:00,10,7121.95,360,35,0,Others
13325.0,2011-09-19 10:36:00,2011-09-19 10:36:00,1,675.3,81,81,0,At Risk
13327.0,2011-11-01 10:21:00,2010-12-09 15:32:00,8,3627.77,364,38,0,Others
13328.0,2011-01-27 15:22:00,2011-01-27 15:22:00,1,1308.48,315,315,1,At Risk
13329.0,2011-11-08 10:29:00,2010-12-08 10:11:00,2,789.0,366,31,0,Potential Loyalist
13330.0,2011-09-08 12:27:00,2011-01-28 10:08:00,3,1140.93,315,92,1,At Risk
13332.0,2011-11-25 13:30:00,2011-11-25 13:30:00,1,350.90000000000003,13,13,0,Potential Loyalist
13334.0,2011-09-18 15:21:00,2011-02-07 11:42:00,3,3536.82,305,81,0,At Risk
13336.0,2011-09-23 14:05:00,2011-09-23 14:05:00,1,795.12,76,76,0,At Risk
13338.0,2011-07-05 09:06:00,2011-07-05 09:06:00,1,487.02,157,157,1,At Risk
13339.0,2011-05-23 08:31:00,2011-05-23 08:31:00,1,860.12,200,200,1,At Risk
13340.0,2011-10-25 13:15:00,2011-03-08 11:39:00,7,10736.48,276,44,0,Others
13341.0,2011-03-24 09:50:00,2011-03-24 09:50:00,1,775.85,260,260,1,At Risk
13343.0,2011-06-15 12:24:00,2011-06-15 12:24:00,1,353.43,177,177,1,At Risk
13344.0,2011-10-03 09:45:00,2011-03-07 10:28:00,3,2543.7200000000003,277,67,0,Others
13345.0,2011-02-25 09:01:00,2011-02-25 09:01:00,1,389.5,287,287,1,At Risk
13347.0,2011-09-30 13:28:00,2011-09-30 13:28:00,1,341.36,69,69,0,Others
13348.0,2011-10-06 17:28:00,2011-10-06 17:28:00,1,233.76000000000002,63,63,0,Others
13349.0,2011-11-29 08:07:00,2011-11-29 08:07:00,1,247.32,10,10,0,Potential Loyalist
13350.0,2011-11-23 16:33:00,2011-09-21 13:33:00,2,979.12,78,15,0,Potential Loyalist
13351.0,2011-10-04 12:55:00,2011-10-04 12:55:00,1,373.94,65,65,0,Others
13352.0,2011-10-10 13:55:00,2011-10-10 13:55:00,1,397.98,59,59,0,Others
13354.0,2011-09-29 13:17:00,2011-09-29 13:17:00,1,743.53,70,70,0,Others
13355.0,2011-08-09 14:48:00,2011-08-09 14:48:00,1,674.7,121,121,1,At Risk
13356.0,2011-09-20 14:33:00,2011-09-20 14:33:00,1,768.24,79,79,0,At Risk
13357.0,2011-03-27 13:56:00,2011-03-27 13:56:00,1,609.95,256,256,1,At Risk
13358.0,2011-03-16 11:52:00,2011-03-16 11:52:00,1,439.03000000000003,268,268,1,At Risk
13359.0,2011-10-07 09:30:00,2011-10-07 09:30:00,1,439.56,63,63,0,Others
13362.0,2011-11-30 14:41:00,2011-02-25 11:33:00,4,3090.7400000000002,287,8,0,Loyal Customers
13363.0,2011-11-22 12:40:00,2011-10-27 10:46:00,2,992.5,43,17,0,Potential Loyalist
13364.0,2011-09-29 18:13:00,2011-09-29 18:13:00,1,134.96,70,70,0,Others
13365.0,2011-11-06 12:36:00,2011-05-06 12:00:00,2,2225.37,217,33,0,Others
13366.0,2011-10-20 13:37:00,2011-10-20 13:37:00,1,56.16,49,49,0,Others
13368.0,2011-03-28 09:59:00,2011-01-06 12:32:00,2,623.4,337,256,1,At Risk
13369.0,2010-12-09 11:30:00,2010-12-09 11:30:00,1,308.28000000000003,365,365,1,At Risk
13370.0,2010-12-03 10:26:00,2010-12-03 10:26:00,1,754.87,371,371,1,At Risk
13372.0,2011-09-11 12:46:00,2011-09-11 12:46:00,1,378.64,89,89,0,At Risk
13373.0,2011-10-10 10:51:00,2011-03-08 14:35:00,3,3312.25,275,60,0,Others
13375.0,2011-09-12 10:19:00,2011-09-12 10:19:00,1,778.65,88,88,0,At Risk
13376.0,2011-09-01 16:16:00,2011-04-19 13:03:00,3,1019.76,233,98,1,At Risk
13379.0,2011-11-13 13:45:00,2011-07-26 12:26:00,3,572.56,136,25,0,Potential Loyalist
13381.0,2011-11-08 11:58:00,2011-02-14 10:10:00,6,3639.31,298,31,0,Loyal Customers
13382.0,2011-03-04 10:03:00,2011-03-04 10:03:00,1,222.99,280,280,1,At Risk
13384.0,2011-11-09 11:04:00,2011-06-14 12:47:00,7,4151.93,178,30,0,Loyal Customers
13385.0,2011-01-14 09:52:00,2011-01-14 09:52:00,1,534.57,329,329,1,At Risk
13388.0,2011-07-31 12:52:00,2011-07-31 12:52:00,2,677.1,130,130,1,At Risk
13389.0,2011-11-28 14:01:00,2011-04-21 12:12:00,3,797.96,232,10,0,Potential Loyalist
13390.0,2011-09-26 08:38:00,2011-09-26 08:38:00,1,544.08,74,74,0,At Risk
13391.0,2011-05-20 10:50:00,2011-05-20 10:50:00,1,59.8,203,203,1,At Risk
13394.0,2011-12-08 11:36:00,2011-02-03 10:39:00,8,2520.02,309,1,0,Champions
13395.0,2011-06-07 15:04:00,2011-06-07 15:04:00,1,307.72,184,184,1,At Risk
13396.0,2011-11-10 16:59:00,2011-01-24 13:37:00,2,1360.99,318,28,0,Potential Loyalist
13397.0,2011-09-28 10:56:00,2011-01-04 13:50:00,5,1544.13,338,72,0,At Risk
13398.0,2011-05-31 13:17:00,2011-05-31 13:17:00,1,457.34000000000003,191,191,1,At Risk
13402.0,2011-08-04 15:51:00,2010-12-02 17:12:00,2,621.23,371,126,1,At Risk
13403.0,2011-11-22 08:28:00,2011-11-22 08:28:00,1,75.0,17,17,0,Potential Loyalist
13404.0,2011-12-08 15:37:00,2011-05-11 11:57:00,2,252.49,212,0,0,Potential Loyalist
13405.0,2011-09-26 17:01:00,2011-01-26 09:27:00,3,572.451,317,73,0,At Risk
13408.0,2011-12-08 09:05:00,2010-12-01 10:39:00,62,28117.04,373,1,0,Champions
13410.0,2011-11-15 15:33:00,2011-02-21 14:38:00,5,1003.06,290,23,0,Loyal Customers
13411.0,2011-08-24 13:57:00,2011-08-24 13:57:00,1,213.55,106,106,1,At Risk
13414.0,2011-07-29 11:45:00,2011-02-16 12:13:00,3,1390.5,296,133,1,At Risk
13416.0,2011-10-27 08:56:00,2011-09-19 14:43:00,2,712.5,80,43,0,Others
13417.0,2011-12-05 08:49:00,2011-05-18 16:26:00,2,640.83,204,4,0,Potential Loyalist
13418.0,2011-11-28 10:23:00,2010-12-02 10:45:00,18,6127.43,372,11,0,Champions
13419.0,2011-10-07 12:49:00,2011-10-07 12:49:00,1,221.06,63,63,0,Others
13420.0,2011-07-13 08:48:00,2011-06-22 11:35:00,2,159.85,170,149,1,At Risk
13421.0,2011-10-30 14:21:00,2011-02-22 15:46:00,2,1851.08,289,39,0,Others
13422.0,2011-10-06 13:42:00,2011-10-06 13:42:00,1,2626.3,63,63,0,Others
13425.0,2011-08-23 17:13:00,2011-02-18 08:34:00,3,1624.21,294,107,1,At Risk
13426.0,2011-12-09 08:59:00,2010-12-15 12:43:00,10,3641.32,359,0,0,Champions
13427.0,2011-11-20 13:02:00,2011-05-08 15:58:00,3,582.6,214,18,0,Potential Loyalist
13428.0,2011-11-29 14:20:00,2011-11-29 14:20:00,1,218.47,9,9,0,Potential Loyalist
13429.0,2011-11-29 09:10:00,2011-09-25 15:59:00,4,1006.8,74,10,0,Loyal Customers
13430.0,2011-11-21 08:19:00,2011-09-14 14:26:00,2,679.45,85,18,0,Potential Loyalist
13431.0,2011-10-03 13:49:00,2011-09-12 11:25:00,2,1269.1,88,66,0,Others
13434.0,2011-09-26 14:30:00,2011-09-04 10:35:00,2,534.24,96,73,0,At Risk
13435.0,2011-12-04 14:45:00,2011-06-03 17:07:00,7,3809.89,188,4,0,Champions
13436.0,2011-12-08 10:33:00,2011-12-08 10:33:00,1,196.89,1,1,0,Potential Loyalist
13437.0,2011-11-25 14:00:00,2011-06-02 14:30:00,7,3408.06,189,13,0,Loyal Customers
13439.0,2011-03-29 14:20:00,2011-03-29 14:20:00,1,283.71,254,254,1,At Risk
13441.0,2011-09-09 09:38:00,2011-09-09 09:38:00,1,296.64,91,91,1,At Risk
13447.0,2011-11-16 13:38:00,2011-11-04 10:10:00,3,1129.14,35,22,0,Potential Loyalist
13448.0,2011-11-23 12:33:00,2010-12-01 10:52:00,6,3539.3700000000003,373,16,0,Loyal Customers
13449.0,2011-11-16 08:28:00,2011-11-16 08:28:00,1,291.88,23,23,0,Potential Loyalist
13450.0,2011-11-13 11:54:00,2011-05-05 19:48:00,6,2043.72,217,26,0,Loyal Customers
13451.0,2011-11-13 15:58:00,2011-01-09 15:35:00,5,2976.15,333,25,0,Loyal Customers
13452.0,2011-03-25 14:19:00,2011-03-14 11:38:00,2,590.0,270,258,1,At Risk
13453.0,2011-06-27 09:34:00,2011-02-23 09:44:00,2,356.98,289,165,1,At Risk
13455.0,2011-11-15 11:21:00,2010-12-08 13:11:00,2,1058.34,365,24,0,Potential Loyalist
13456.0,2011-11-22 09:18:00,2011-05-16 15:34:00,6,1766.72,206,17,0,Loyal Customers
13458.0,2011-12-02 15:29:00,2010-12-15 12:05:00,14,9646.57,359,6,0,Champions
13460.0,2011-11-10 17:17:00,2011-10-21 09:50:00,2,183.44,49,28,0,Potential Loyalist
13461.0,2011-11-01 09:01:00,2011-06-29 10:23:00,3,1445.0,163,38,0,Others
13462.0,2011-04-01 11:20:00,2011-04-01 11:20:00,1,151.5,252,252,1,At Risk
13464.0,2011-10-12 15:01:00,2011-10-12 15:01:00,1,674.68,57,57,0,Others
13466.0,2011-06-08 16:39:00,2011-06-08 16:39:00,1,307.90000000000003,183,183,1,At Risk
13467.0,2011-11-29 10:01:00,2011-11-03 16:56:00,2,1083.71,35,10,0,Potential Loyalist
13468.0,2011-12-08 10:39:00,2010-12-01 15:08:00,37,5704.97,372,1,0,Champions
13470.0,2011-09-01 14:57:00,2011-08-16 17:06:00,2,165.0,114,98,1,At Risk
13471.0,2011-12-08 15:44:00,2011-10-23 13:10:00,4,2531.58,46,0,0,Loyal Customers
13473.0,2011-10-10 11:20:00,2011-01-11 08:45:00,2,422.64,332,60,0,Others
13474.0,2011-04-17 13:53:00,2011-04-17 13:53:00,1,229.59,235,235,1,At Risk
13475.0,2011-06-01 13:52:00,2011-02-14 12:36:00,4,1431.78,298,190,1,At Risk
13476.0,2011-06-14 12:00:00,2011-03-03 14:43:00,2,1238.47,280,178,1,At Risk
13477.0,2011-11-02 12:04:00,2011-02-21 12:29:00,6,1454.58,291,37,0,Others
13479.0,2011-05-23 10:45:00,2011-04-19 11:27:00,2,300.95,234,200,1,At Risk
13481.0,2011-10-25 09:07:00,2011-03-28 09:07:00,5,1804.56,256,45,0,Others
13482.0,2011-04-21 17:03:00,2011-04-21 17:03:00,1,184.64000000000001,231,231,1,At Risk
13483.0,2011-10-05 11:53:00,2011-10-05 11:53:00,1,140.34,65,65,0,Others
13484.0,2011-04-12 16:30:00,2011-04-12 16:30:00,1,313.8,240,240,1,At Risk
13485.0,2011-04-20 13:58:00,2011-04-20 13:58:00,1,454.24,232,232,1,At Risk
13486.0,2011-09-22 13:13:00,2011-07-07 17:19:00,3,1122.41,154,77,0,At Risk
13487.0,2011-10-13 12:07:00,2010-12-21 14:54:00,3,575.4,352,57,0,Others
13488.0,2011-11-22 14:41:00,2010-12-07 13:01:00,13,8968.31,366,16,0,Loyal Customers
13489.0,2011-08-26 13:16:00,2011-02-18 10:42:00,4,449.52,294,104,1,At Risk
13491.0,2011-10-19 08:32:00,2010-12-02 14:30:00,10,1215.82,371,51,0,Others
13492.0,2011-07-26 14:25:00,2011-05-09 10:06:00,3,1269.84,214,135,1,At Risk
13493.0,2011-03-09 15:35:00,2011-02-25 16:42:00,2,618.63,286,274,1,At Risk
13494.0,2011-02-01 11:58:00,2011-02-01 11:58:00,1,316.26000000000005,311,311,1,At Risk
13495.0,2011-12-02 11:21:00,2010-12-06 15:14:00,5,2044.8700000000001,367,7,0,Loyal Customers
13496.0,2011-11-29 10:58:00,2010-12-15 10:17:00,2,653.33,359,10,0,Potential Loyalist
13497.0,2011-03-02 09:04:00,2010-12-06 11:37:00,2,348.05,368,282,1,At Risk
13499.0,2011-11-22 11:21:00,2011-03-15 08:52:00,5,1159.1100000000001,269,17,0,Loyal Customers
13500.0,2011-11-16 15:35:00,2011-08-09 12:20:00,3,1166.77,122,22,0,Potential Loyalist
13501.0,2011-02-24 18:59:00,2011-02-24 18:59:00,1,1340.32,287,287,1,At Risk
13502.0,2011-11-23 10:39:00,2011-01-20 09:03:00,3,292.0,323,16,0,Potential Loyalist
13503.0,2011-09-29 13:23:00,2011-09-29 13:23:00,1,216.85,70,70,0,Others
13504.0,2011-10-06 13:20:00,2011-10-06 13:20:00,1,295.93,63,63,0,Others
13505.0,2011-09-28 11:56:00,2011-04-21 12:07:00,4,4393.63,232,72,0,At Risk
13506.0,2011-01-27 13:53:00,2010-12-05 12:15:00,2,458.52,369,315,1,At Risk
13507.0,2011-12-06 13:13:00,2011-07-17 11:50:00,4,2479.16,145,2,0,Loyal Customers
13508.0,2011-04-10 11:58:00,2011-04-10 11:58:00,1,110.97,243,243,1,At Risk
13509.0,2011-12-01 10:10:00,2011-02-28 13:27:00,7,979.72,283,8,0,Loyal Customers
13510.0,2011-12-08 13:46:00,2011-06-09 09:32:00,4,1791.56,183,0,0,Loyal Customers
13512.0,2011-03-24 10:03:00,2011-03-24 10:03:00,1,251.21,260,260,1,At Risk
13513.0,2011-08-05 11:50:00,2011-08-05 11:50:00,1,205.1,126,126,1,At Risk
13514.0,2011-09-27 09:39:00,2011-09-27 09:39:00,1,152.20000000000002,73,73,0,At Risk
13515.0,2011-09-28 11:26:00,2011-04-06 10:33:00,4,891.12,247,72,0,At Risk
13516.0,2011-11-18 13:15:00,2011-04-15 11:06:00,3,1389.41,238,20,0,Potential Loyalist
13517.0,2011-10-11 11:43:00,2011-06-13 08:44:00,3,2128.42,179,59,0,Others
13518.0,2011-09-15 10:29:00,2011-09-15 10:29:00,1,659.44,85,85,0,At Risk
13519.0,2011-09-22 18:24:00,2011-09-22 18:24:00,1,122.75,77,77,0,At Risk
13520.0,2011-10-12 10:20:00,2010-12-03 10:36:00,6,3624.35,371,58,0,Others
13521.0,2011-12-08 13:50:00,2011-11-29 15:09:00,3,1093.65,9,0,0,Potential Loyalist
13522.0,2011-11-09 15:11:00,2011-11-09 15:11:00,1,125.80000000000001,29,29,0,Potential Loyalist
13523.0,2011-11-06 15:11:00,2010-12-08 14:22:00,5,3964.88,365,32,0,Loyal Customers
13524.0,2011-10-30 12:34:00,2011-05-04 12:26:00,5,680.1800000000001,219,40,0,Others
13525.0,2011-11-25 12:01:00,2011-04-05 15:36:00,2,628.78,247,14,0,Potential Loyalist
13527.0,2011-11-06 12:04:00,2011-01-17 11:17:00,7,2287.51,326,33,0,Others
13529.0,2011-09-22 09:15:00,2011-05-19 11:50:00,2,307.76,204,78,0,At Risk
13531.0,2011-05-18 16:56:00,2010-12-08 15:03:00,2,483.8,365,204,1,At Risk
13532.0,2011-11-06 12:25:00,2011-11-06 12:25:00,1,210.31,33,33,0,Others
13533.0,2011-06-10 11:54:00,2011-03-17 12:47:00,3,270.79,267,182,1,At Risk
13534.0,2011-12-07 14:52:00,2010-12-16 15:23:00,25,5870.08,357,1,0,Champions
13536.0,2011-12-08 16:38:00,2011-09-25 13:30:00,7,3448.29,74,0,0,Champions
13538.0,2011-10-27 16:34:00,2011-01-28 10:40:00,7,1280.85,315,42,0,Others
13539.0,2011-09-15 10:18:00,2011-02-03 15:23:00,3,631.34,308,85,0,At Risk
13544.0,2011-10-31 11:57:00,2011-04-13 12:09:00,2,291.41,240,39,0,Others
13546.0,2011-11-27 14:50:00,2011-05-23 12:14:00,3,626.99,200,11,0,Potential Loyalist
13548.0,2011-09-04 14:50:00,2011-04-10 11:35:00,2,682.41,243,95,1,At Risk
13549.0,2011-11-14 09:20:00,2011-04-11 13:42:00,7,918.2,241,25,0,Loyal Customers
13551.0,2011-01-24 14:46:00,2011-01-24 14:46:00,1,91.80000000000001,318,318,1,At Risk
13552.0,2011-10-04 15:19:00,2011-01-28 10:10:00,12,3740.07,315,65,0,Others
13555.0,2011-09-27 12:36:00,2011-05-22 11:06:00,4,4149.28,201,73,0,At Risk
13557.0,2011-11-11 15:24:00,2011-03-04 12:14:00,2,584.0600000000001,280,27,0,Potential Loyalist
13558.0,2011-12-04 11:24:00,2011-10-02 13:01:00,4,605.06,67,5,0,Loyal Customers
13560.0,2011-12-02 13:11:00,2011-12-02 13:11:00,1,174.37,6,6,0,Potential Loyalist
13561.0,2011-05-08 12:39:00,2011-05-08 12:39:00,1,141.85999999999999,215,215,1,At Risk
13562.0,2011-09-19 10:51:00,2011-04-08 12:42:00,3,1799.3300000000002,245,81,0,At Risk
13563.0,2011-09-16 14:45:00,2011-07-22 17:21:00,2,777.53,139,83,0,At Risk
13564.0,2011-07-18 14:33:00,2010-12-06 17:26:00,3,1749.02,367,143,1,At Risk
13565.0,2011-11-20 14:33:00,2011-01-09 14:28:00,2,240.22,333,18,0,Potential Loyalist
13566.0,2011-10-30 11:59:00,2011-09-18 12:40:00,2,874.71,82,40,0,Others
13568.0,2011-06-19 14:42:00,2011-06-19 14:42:00,1,192.85,172,172,1,At Risk
13569.0,2011-11-22 13:07:00,2010-12-07 12:29:00,2,373.75,367,16,0,Potential Loyalist
13570.0,2011-04-10 13:36:00,2011-04-10 13:36:00,1,239.49,242,242,1,At Risk
13571.0,2011-11-27 10:47:00,2011-03-31 12:43:00,12,2092.32,253,12,0,Champions
13572.0,2011-05-18 11:59:00,2011-05-18 11:59:00,1,1384.25,205,205,1,At Risk
13573.0,2011-10-20 14:33:00,2011-03-31 14:47:00,2,294.40000000000003,252,49,0,Others
13575.0,2011-11-16 13:14:00,2011-06-16 14:24:00,5,732.07,175,22,0,Loyal Customers
13576.0,2011-11-29 15:34:00,2010-12-01 17:24:00,18,6717.34,372,9,0,Champions
13577.0,2011-11-14 15:19:00,2011-04-12 10:33:00,4,1687.6000000000001,241,24,0,Loyal Customers
13579.0,2011-11-25 08:41:00,2010-12-05 16:10:00,2,467.04,368,14,0,Potential Loyalist
13581.0,2011-02-03 14:41:00,2011-02-03 14:41:00,1,118.0,308,308,1,At Risk
13583.0,2011-07-07 10:40:00,2011-07-07 10:40:00,1,781.03,155,155,1,At Risk
13584.0,2011-02-06 12:49:00,2011-02-06 12:49:00,1,142.4,306,306,1,At Risk
13587.0,2011-10-07 12:31:00,2011-10-07 12:31:00,1,712.4,63,63,0,Others
13588.0,2011-11-24 10:42:00,2011-03-29 15:53:00,9,2478.95,254,15,0,Loyal Customers
13589.0,2011-11-25 12:10:00,2011-06-13 12:44:00,2,379.65,179,14,0,Potential Loyalist
13590.0,2011-11-28 12:54:00,2011-02-09 13:25:00,6,1981.92,302,10,0,Loyal Customers
13591.0,2011-10-06 12:26:00,2011-03-18 12:18:00,3,1117.13,266,64,0,Others
13592.0,2011-11-04 09:49:00,2011-03-20 14:01:00,4,247.95999999999998,263,35,0,Others
13593.0,2011-08-23 13:35:00,2011-01-07 16:32:00,5,2037.0800000000002,335,107,1,At Risk
13594.0,2011-10-18 10:19:00,2011-10-18 10:19:00,1,396.97,52,52,0,Others
13596.0,2011-12-04 12:01:00,2011-11-27 11:57:00,2,697.04,12,5,0,Potential Loyalist
13598.0,2011-10-23 14:28:00,2011-10-23 14:28:00,1,180.17000000000002,46,46,0,Others
13599.0,2011-12-08 16:10:00,2010-12-08 10:11:00,21,5153.67,366,0,0,Champions
13600.0,2011-01-31 15:27:00,2011-01-31 15:27:00,1,219.52,311,311,1,At Risk
13601.0,2011-10-25 17:31:00,2011-05-12 16:52:00,2,693.32,210,44,0,Others
13602.0,2011-10-06 11:47:00,2011-10-06 11:47:00,1,428.89,64,64,0,Others
13603.0,2011-11-13 15:57:00,2011-11-13 15:57:00,1,164.34,25,25,0,Potential Loyalist
13606.0,2011-11-10 17:46:00,2011-02-01 11:42:00,3,280.54,311,28,0,Potential Loyalist
13607.0,2011-10-30 16:17:00,2011-10-30 16:17:00,1,678.01,39,39,0,Others
13610.0,2011-11-27 15:38:00,2011-02-27 14:44:00,7,1131.88,284,11,0,Loyal Customers
13611.0,2011-09-11 14:51:00,2010-12-15 10:31:00,3,1171.8,359,88,0,At Risk
13614.0,2011-11-15 14:47:00,2011-01-13 12:37:00,4,1610.46,330,23,0,Loyal Customers
13615.0,2011-01-25 08:21:00,2011-01-25 08:21:00,1,417.69,318,318,1,At Risk
13617.0,2011-10-30 13:50:00,2011-06-12 12:55:00,3,544.18,179,39,0,Others
13618.0,2011-06-19 11:09:00,2011-06-19 11:09:00,1,177.34,173,173,1,At Risk
13621.0,2011-08-15 08:26:00,2011-08-15 08:26:00,1,213.85,116,116,1,At Risk
13623.0,2011-11-09 12:00:00,2011-02-15 13:08:00,5,747.78,296,30,0,Loyal Customers
13626.0,2011-04-01 10:05:00,2011-04-01 10:05:00,1,257.23,252,252,1,At Risk
13627.0,2011-10-11 14:20:00,2010-12-17 09:52:00,5,1638.47,357,58,0,Others
13629.0,2011-11-16 13:21:00,2011-01-05 12:09:00,11,7792.36,338,22,0,Loyal Customers
13630.0,2011-12-04 15:16:00,2011-02-27 12:49:00,7,2031.78,285,4,0,Loyal Customers
13631.0,2011-09-01 09:57:00,2011-03-17 17:13:00,11,3070.42,266,99,1,At Risk
13632.0,2011-11-15 10:51:00,2011-04-10 15:07:00,5,2121.27,242,24,0,Loyal Customers
13634.0,2011-11-06 13:40:00,2011-01-16 15:30:00,5,1575.16,326,32,0,Loyal Customers
13635.0,2011-10-03 10:55:00,2011-10-03 10:55:00,1,1071.03,67,67,0,Others
13636.0,2011-11-03 10:30:00,2011-02-27 14:29:00,5,949.12,284,36,0,Others
13637.0,2011-10-18 13:32:00,2011-04-27 13:06:00,3,810.5,225,51,0,Others
13638.0,2011-11-24 10:38:00,2011-11-24 10:38:00,1,122.64,15,15,0,Potential Loyalist
13639.0,2011-09-26 13:36:00,2011-09-26 13:36:00,1,1033.34,73,73,0,At Risk
13642.0,2011-05-08 12:34:00,2011-05-08 12:34:00,1,354.8,215,215,1,At Risk
13643.0,2011-11-08 15:37:00,2011-06-07 11:40:00,3,519.44,185,30,0,Potential Loyalist
13644.0,2011-11-23 14:07:00,2011-08-26 11:53:00,4,2624.26,105,15,0,Loyal Customers
13645.0,2011-08-11 16:11:00,2011-08-11 16:11:00,1,252.1,119,119,1,At Risk
13647.0,2011-11-30 12:00:00,2011-04-19 09:49:00,4,1678.1200000000001,234,9,0,Loyal Customers
13649.0,2011-03-28 11:51:00,2010-12-08 14:46:00,2,346.6,365,256,1,At Risk
13650.0,2011-11-23 12:22:00,2011-03-17 12:37:00,6,1836.3400000000001,267,16,0,Loyal Customers
13651.0,2011-11-04 14:59:00,2011-10-31 12:11:00,2,94.2,39,34,0,Others
13652.0,2011-10-25 08:51:00,2010-12-06 09:21:00,3,1095.08,368,45,0,Others
13654.0,2011-10-27 16:24:00,2011-03-11 12:54:00,6,2707.33,272,42,0,Others
13655.0,2011-08-17 14:25:00,2011-04-12 09:53:00,2,932.97,241,113,1,At Risk
13656.0,2011-06-28 10:31:00,2011-01-06 15:42:00,2,379.65,336,164,1,At Risk
13657.0,2011-11-29 12:32:00,2011-05-22 12:35:00,2,382.14,201,10,0,Potential Loyalist
13658.0,2011-11-30 10:13:00,2011-05-19 17:15:00,5,2639.17,203,9,0,Loyal Customers
13659.0,2011-05-18 12:37:00,2011-01-23 12:08:00,2,1573.2,320,205,1,At Risk
13662.0,2011-09-15 12:04:00,2011-03-25 13:23:00,3,897.76,258,85,0,At Risk
13663.0,2011-06-13 15:44:00,2011-06-13 15:44:00,1,189.47,178,178,1,At Risk
13666.0,2011-10-10 15:39:00,2011-02-25 13:05:00,3,84.65,286,59,0,Others
13667.0,2011-07-13 15:42:00,2011-07-13 15:42:00,1,305.02,148,148,1,At Risk
13668.0,2011-12-07 12:11:00,2010-12-12 12:35:00,21,6363.59,362,2,0,Champions
13669.0,2011-10-20 09:32:00,2011-07-13 11:44:00,2,218.55,149,50,0,Others
13670.0,2011-09-25 15:25:00,2011-09-25 15:25:00,1,349.7,74,74,0,At Risk
13672.0,2011-02-11 13:53:00,2011-01-11 13:54:00,2,186.39000000000001,331,300,1,At Risk
13673.0,2011-11-21 12:11:00,2011-11-07 15:40:00,2,396.92,31,18,0,Potential Loyalist
13675.0,2011-07-11 12:57:00,2011-02-28 12:14:00,2,486.82000000000005,284,150,1,At Risk
13678.0,2011-07-11 10:14:00,2011-07-11 10:14:00,1,232.6,151,151,1,At Risk
13680.0,2011-12-08 13:47:00,2011-01-04 14:12:00,4,3722.42,338,0,0,Loyal Customers
13681.0,2011-11-22 11:13:00,2011-07-07 15:21:00,4,827.83,154,17,0,Loyal Customers
13682.0,2011-06-05 14:06:00,2011-06-05 14:06:00,1,59.5,186,186,1,At Risk
13684.0,2011-02-27 10:13:00,2011-02-27 10:13:00,1,67.23,285,285,1,At Risk
13685.0,2011-12-07 11:41:00,2011-10-10 12:59:00,7,3119.44,59,2,0,Champions
13686.0,2011-06-10 09:10:00,2011-06-10 09:10:00,1,72.0,182,182,1,At Risk
13689.0,2011-10-07 13:21:00,2011-10-07 13:21:00,1,910.0,62,62,0,Others
13690.0,2011-10-11 15:03:00,2011-10-11 15:03:00,1,172.25,58,58,0,Others
13692.0,2011-11-15 11:17:00,2011-04-17 12:57:00,3,1488.32,235,24,0,Potential Loyalist
13694.0,2011-12-06 09:32:00,2010-12-01 12:12:00,50,65039.62,373,3,0,Champions
13695.0,2011-11-08 14:26:00,2011-03-25 11:31:00,15,2504.13,259,30,0,Loyal Customers
13697.0,2011-11-01 09:14:00,2011-11-01 09:14:00,1,151.3,38,38,0,Others
13699.0,2011-07-07 16:51:00,2011-07-07 16:51:00,1,308.58000000000004,154,154,1,At Risk
13700.0,2011-11-13 13:00:00,2011-01-16 13:18:00,10,2265.12,326,25,0,Loyal Customers
13703.0,2011-01-25 13:10:00,2011-01-25 13:10:00,1,99.5,317,317,1,At Risk
13704.0,2011-12-04 15:13:00,2011-09-12 14:40:00,9,2308.06,87,4,0,Champions
13705.0,2011-12-02 12:32:00,2010-12-01 10:29:00,3,711.86,373,7,0,Potential Loyalist
13706.0,2011-02-10 09:21:00,2011-02-10 09:21:00,1,330.79,302,302,1,At Risk
13707.0,2011-03-17 18:03:00,2011-01-28 13:27:00,2,806.41,314,266,1,At Risk
13708.0,2011-03-13 13:46:00,2011-03-13 13:46:00,1,296.88,270,270,1,At Risk
13709.0,2011-12-06 10:28:00,2011-01-28 14:57:00,13,6328.05,314,3,0,Champions
13710.0,2011-11-08 08:16:00,2011-11-08 08:16:00,1,180.48,31,31,0,Potential Loyalist
13711.0,2011-05-05 10:31:00,2011-05-05 10:29:00,2,252.06,218,218,1,At Risk
13712.0,2011-04-07 12:33:00,2011-04-07 12:33:00,1,228.84,246,246,1,At Risk
13715.0,2011-03-03 19:21:00,2010-12-02 08:52:00,5,1079.34,372,280,1,At Risk
13716.0,2011-03-15 13:49:00,2011-03-15 13:49:00,1,138.28,268,268,1,At Risk
13717.0,2011-11-07 14:13:00,2011-02-14 13:21:00,6,1445.01,297,31,0,Loyal Customers
13718.0,2011-04-07 13:24:00,2011-02-17 11:58:00,2,306.55,295,245,1,At Risk
13719.0,2011-11-24 15:26:00,2011-04-19 13:56:00,5,1041.68,233,14,0,Loyal Customers
13720.0,2011-08-15 12:46:00,2011-03-30 09:17:00,4,799.9,254,116,1,At Risk
13721.0,2011-11-03 14:05:00,2011-11-03 14:05:00,1,524.14,35,35,0,Others
13722.0,2011-07-31 12:44:00,2011-03-02 11:43:00,3,2375.41,282,131,1,At Risk
13723.0,2011-05-06 17:04:00,2011-05-06 17:04:00,1,199.85000000000002,216,216,1,At Risk
13725.0,2011-10-21 10:03:00,2011-02-04 12:18:00,8,1980.56,308,49,0,Others
13726.0,2011-11-01 10:49:00,2011-08-31 11:06:00,2,1079.66,100,38,0,Others
13727.0,2011-11-11 09:46:00,2011-11-06 12:16:00,2,333.48,33,28,0,Potential Loyalist
13728.0,2011-11-03 10:49:00,2011-02-02 12:09:00,6,1016.14,310,36,0,Others
13730.0,2011-07-27 08:35:00,2011-07-01 12:47:00,2,752.6,161,135,1,At Risk
13731.0,2011-05-04 14:33:00,2011-04-07 10:10:00,2,610.59,246,218,1,At Risk
13732.0,2011-11-11 15:49:00,2011-11-11 15:49:00,1,491.86,27,27,0,Potential Loyalist
13735.0,2011-11-15 11:14:00,2011-04-19 13:49:00,4,2885.2400000000002,233,24,0,Loyal Customers
13736.0,2011-12-04 15:19:00,2011-03-24 13:04:00,2,731.9,259,4,0,Potential Loyalist
13737.0,2011-05-23 16:32:00,2011-05-23 16:32:00,1,339.6,199,199,1,At Risk
13739.0,2011-11-21 13:35:00,2011-11-21 13:35:00,1,216.9,17,17,0,Potential Loyalist
13740.0,2011-04-13 10:32:00,2011-04-13 10:32:00,1,350.75,240,240,1,At Risk
13741.0,2011-09-29 09:19:00,2011-05-06 13:43:00,3,668.4300000000001,216,71,0,Others
13742.0,2011-11-23 11:07:00,2011-01-23 14:59:00,12,3131.02,319,16,0,Loyal Customers
13743.0,2011-12-07 10:09:00,2011-03-25 14:46:00,7,1341.6,258,2,0,Loyal Customers
13744.0,2011-09-05 15:19:00,2011-02-20 14:08:00,2,1156.36,291,94,1,At Risk
13745.0,2011-06-30 16:43:00,2011-06-30 16:43:00,1,300.04,161,161,1,At Risk
13747.0,2010-12-01 10:37:00,2010-12-01 10:37:00,1,79.6,373,373,1,At Risk
13748.0,2011-09-05 09:45:00,2010-12-01 09:00:00,5,948.25,373,95,1,At Risk
13750.0,2011-10-17 12:16:00,2011-01-07 11:49:00,5,1647.26,336,53,0,Others
13751.0,2011-02-24 15:56:00,2011-02-24 15:56:00,1,296.25,287,287,1,At Risk
13752.0,2011-08-07 14:16:00,2011-04-07 12:04:00,6,1186.28,246,123,1,At Risk
13753.0,2011-02-25 12:48:00,2011-02-25 12:48:00,1,741.26,287,287,1,At Risk
13754.0,2011-07-11 11:51:00,2011-01-26 14:58:00,2,282.6,316,151,1,At Risk
13755.0,2011-12-06 12:26:00,2011-10-07 15:45:00,9,2161.35,62,3,0,Champions
13756.0,2011-12-07 16:44:00,2010-12-07 11:41:00,14,5189.52,367,1,0,Champions
13758.0,2011-11-28 11:11:00,2010-12-01 12:08:00,7,3190.55,373,11,0,Champions
13759.0,2011-11-06 14:47:00,2011-09-29 15:40:00,2,659.4100000000001,70,32,0,Potential Loyalist
13760.0,2011-10-16 16:13:00,2011-03-28 12:52:00,2,286.79,255,53,0,Others
13761.0,2011-10-20 14:01:00,2011-06-13 08:43:00,2,1070.65,179,49,0,Others
13762.0,2011-05-05 09:15:00,2011-05-05 09:15:00,1,306.72,218,218,1,At Risk
13763.0,2011-10-07 15:13:00,2011-10-07 15:13:00,1,1714.96,62,62,0,Others
13764.0,2011-09-30 12:03:00,2011-01-06 14:53:00,3,1521.76,336,70,0,Others
13767.0,2011-12-07 15:00:00,2010-12-01 10:47:00,37,17220.36,373,1,0,Champions
13769.0,2011-12-07 15:08:00,2010-12-07 13:28:00,10,2796.51,366,1,0,Champions
13771.0,2011-10-06 14:18:00,2011-04-06 15:47:00,4,2634.45,246,63,0,Others
13772.0,2011-11-06 11:43:00,2011-04-14 12:31:00,3,1132.13,239,33,0,Others
13774.0,2011-09-19 12:06:00,2011-09-19 12:06:00,1,345.0,81,81,0,At Risk
13777.0,2011-12-09 12:25:00,2010-12-01 16:01:00,33,25977.16,372,0,0,Champions
13778.0,2011-08-28 15:25:00,2011-08-28 15:25:00,1,178.7,102,102,1,At Risk
13780.0,2011-12-02 13:49:00,2011-06-22 11:43:00,2,360.01,170,6,0,Potential Loyalist
13781.0,2011-04-03 12:08:00,2011-04-03 12:08:00,1,127.84,250,250,1,At Risk
13782.0,2011-11-27 11:54:00,2011-01-16 11:08:00,6,912.0,327,12,0,Loyal Customers
13784.0,2011-11-30 09:33:00,2011-01-11 14:38:00,11,2462.79,331,9,0,Champions
13786.0,2010-12-07 13:53:00,2010-12-07 13:53:00,1,230.4,366,366,1,At Risk
13787.0,2011-09-25 12:06:00,2010-12-10 14:45:00,2,309.04,363,75,0,At Risk
13790.0,2011-12-05 15:48:00,2011-12-05 15:48:00,1,348.79999999999995,3,3,0,Potential Loyalist
13791.0,2011-08-04 11:44:00,2011-06-24 16:38:00,2,1516.0,167,127,1,At Risk
13792.0,2011-10-04 14:31:00,2011-02-25 14:03:00,2,195.55,286,65,0,Others
13798.0,2011-12-08 15:51:00,2010-12-02 17:24:00,57,37153.85,371,0,0,Champions
13799.0,2011-08-15 12:07:00,2011-02-18 14:18:00,2,688.86,293,116,1,At Risk
13800.0,2011-02-03 12:27:00,2011-02-03 12:27:00,1,558.32,309,309,1,At Risk
13801.0,2011-10-04 10:15:00,2011-10-04 10:15:00,1,324.8,66,66,0,Others
13802.0,2011-07-24 10:54:00,2011-02-01 12:03:00,3,4599.42,311,138,1,At Risk
13803.0,2011-03-29 12:57:00,2011-03-29 12:57:00,1,277.07,254,254,1,At Risk
13804.0,2011-11-09 12:32:00,2011-02-23 09:09:00,7,2635.79,289,30,0,Loyal Customers
13805.0,2011-10-18 14:50:00,2011-08-02 15:29:00,2,924.5999999999999,128,51,0,Others
13806.0,2011-10-07 11:43:00,2011-10-07 11:43:00,1,256.38,63,63,0,Others
13807.0,2010-12-07 15:48:00,2010-12-07 15:48:00,1,112.6,366,366,1,At Risk
13808.0,2011-12-04 12:18:00,2011-09-04 12:07:00,5,1747.66,96,5,0,Loyal Customers
13809.0,2011-02-07 13:15:00,2011-02-07 13:15:00,1,155.05,304,304,1,At Risk
13810.0,2011-11-11 08:33:00,2011-10-14 12:57:00,3,1499.01,55,28,0,Potential Loyalist
13811.0,2011-06-09 09:54:00,2011-04-14 18:40:00,3,814.5,238,183,1,At Risk
13812.0,2011-10-28 14:27:00,2011-08-26 12:54:00,3,539.0,104,41,0,Others
13813.0,2011-10-31 10:38:00,2011-07-28 10:33:00,4,1366.8600000000001,134,39,0,Others
13814.0,2011-09-08 13:48:00,2011-07-25 13:54:00,2,1579.12,136,91,1,At Risk
13815.0,2011-11-17 14:19:00,2011-01-25 12:16:00,4,4027.36,318,21,0,Loyal Customers
13816.0,2011-11-16 08:38:00,2011-10-06 14:37:00,2,571.6700000000001,63,23,0,Potential Loyalist
13817.0,2011-11-10 17:49:00,2010-12-23 11:46:00,2,382.98,351,28,0,Potential Loyalist
13819.0,2011-02-11 10:38:00,2011-01-24 10:38:00,3,1140.35,319,301,1,At Risk
13821.0,2011-07-18 09:49:00,2011-03-23 11:30:00,2,385.64,261,144,1,At Risk
13822.0,2011-12-04 12:13:00,2011-10-30 15:55:00,2,632.0,39,5,0,Potential Loyalist
13823.0,2011-11-21 10:22:00,2011-09-09 10:42:00,2,957.66,91,18,0,Potential Loyalist
13824.0,2011-11-07 12:41:00,2011-02-02 13:07:00,5,1698.94,309,32,0,Loyal Customers
13826.0,2011-06-16 13:48:00,2011-06-16 13:48:00,1,189.5,175,175,1,At Risk
13827.0,2011-10-13 12:38:00,2011-07-19 15:38:00,3,412.05,142,57,0,Others
13828.0,2011-11-17 16:02:00,2011-11-17 16:02:00,1,209.49,21,21,0,Potential Loyalist
13831.0,2011-11-23 15:41:00,2010-12-05 12:13:00,6,2202.99,369,15,0,Loyal Customers
13832.0,2011-11-20 15:36:00,2011-11-20 15:36:00,1,52.2,18,18,0,Potential Loyalist
13833.0,2011-07-03 13:27:00,2011-07-03 13:27:00,1,384.8,158,158,1,At Risk
13835.0,2011-11-14 15:37:00,2011-05-08 15:22:00,4,834.57,214,24,0,Loyal Customers
13837.0,2011-05-12 12:10:00,2011-01-26 12:15:00,2,271.24,317,211,1,At Risk
13838.0,2011-12-04 11:00:00,2010-12-05 10:45:00,4,691.73,369,5,0,Loyal Customers
13841.0,2011-04-01 12:10:00,2011-04-01 12:10:00,1,85.0,252,252,1,At Risk
13842.0,2011-10-12 10:51:00,2010-12-08 10:39:00,9,3385.62,366,58,0,Others
13844.0,2011-11-28 13:21:00,2011-11-28 13:21:00,1,361.62,10,10,0,Potential Loyalist
13845.0,2011-10-06 08:25:00,2011-10-06 08:25:00,1,312.98,64,64,0,Others
13846.0,2011-11-15 12:07:00,2010-12-14 16:07:00,3,865.0600000000001,359,24,0,Potential Loyalist
13848.0,2011-09-08 12:58:00,2010-12-08 15:10:00,3,1255.0,365,91,1,At Risk
13849.0,2011-10-19 10:59:00,2011-06-22 10:11:00,2,1537.95,170,51,0,Others
13850.0,2011-08-02 14:04:00,2011-08-02 14:04:00,1,1595.48,128,128,1,At Risk
13851.0,2011-09-05 12:36:00,2011-02-24 17:18:00,3,2651.46,287,95,1,At Risk
13853.0,2011-10-13 14:18:00,2011-10-13 14:18:00,1,1090.1399999999999,56,56,0,Others
13854.0,2011-12-01 09:06:00,2010-12-09 10:48:00,25,8109.5199999999995,365,8,0,Champions
13856.0,2011-06-24 10:03:00,2011-05-20 13:13:00,3,388.5,202,168,1,At Risk
13858.0,2011-10-13 16:17:00,2011-10-13 16:17:00,1,216.17000000000002,56,56,0,Others
13859.0,2011-01-17 16:14:00,2011-01-17 16:14:00,1,201.16,325,325,1,At Risk
13860.0,2011-12-08 12:57:00,2011-09-14 09:27:00,5,1245.9,86,0,0,Loyal Customers
13862.0,2011-11-21 16:24:00,2011-01-11 15:13:00,8,2209.36,331,17,0,Loyal Customers
13863.0,2011-04-06 10:20:00,2011-04-06 10:20:00,1,305.78,247,247,1,At Risk
13865.0,2011-10-12 13:31:00,2011-02-23 12:04:00,4,501.56,289,57,0,Others
13866.0,2011-09-26 14:54:00,2011-09-26 14:54:00,1,145.67,73,73,0,At Risk
13867.0,2011-11-08 15:48:00,2011-05-05 17:28:00,3,1015.29,217,30,0,Potential Loyalist
13868.0,2011-12-02 16:32:00,2011-11-01 12:45:00,2,3192.54,38,6,0,Potential Loyalist
13869.0,2011-08-08 13:53:00,2010-12-17 15:14:00,4,3104.9500000000003,356,122,1,At Risk
13870.0,2011-12-07 13:23:00,2011-02-25 09:09:00,8,2770.94,287,1,0,Champions
13871.0,2011-11-17 10:49:00,2011-02-04 09:30:00,13,6403.25,308,22,0,Loyal Customers
13873.0,2011-08-12 10:08:00,2011-02-03 09:37:00,3,389.6,309,119,1,At Risk
13874.0,2010-12-16 18:20:00,2010-12-16 18:20:00,1,540.45,357,357,1,At Risk
13875.0,2011-10-17 09:36:00,2011-02-11 15:39:00,5,1786.79,300,53,0,Others
13876.0,2011-10-07 10:22:00,2011-10-07 10:22:00,1,122.7,63,63,0,Others
13877.0,2011-09-14 15:49:00,2011-09-14 15:49:00,1,117.24,85,85,0,At Risk
13878.0,2011-10-16 12:19:00,2011-10-16 12:19:00,1,1281.53,54,54,0,Others
13880.0,2011-11-18 13:44:00,2010-12-07 14:00:00,13,3219.77,366,20,0,Loyal Customers
13881.0,2011-12-06 12:50:00,2011-02-01 10:14:00,20,17159.52,311,3,0,Champions
13882.0,2011-12-07 11:16:00,2011-10-06 15:28:00,5,1191.13,63,2,0,Loyal Customers
13883.0,2011-11-29 10:45:00,2011-03-31 17:17:00,5,2674.48,252,10,0,Loyal Customers
13884.0,2011-12-02 16:30:00,2011-03-01 13:40:00,5,787.6,282,6,0,Loyal Customers
13885.0,2011-06-03 15:07:00,2011-05-23 08:52:00,2,506.8,200,188,1,At Risk
13886.0,2011-09-29 13:17:00,2011-09-29 13:17:00,1,243.56,70,70,0,Others
13887.0,2011-05-19 17:22:00,2011-05-19 17:22:00,1,349.55,203,203,1,At Risk
13888.0,2011-08-12 10:13:00,2011-05-05 14:41:00,2,605.63,217,119,1,At Risk
13889.0,2011-09-08 09:13:00,2011-09-08 09:13:00,1,416.90000000000003,92,92,1,At Risk
13890.0,2011-12-08 15:36:00,2010-12-16 09:31:00,10,1883.81,358,0,0,Loyal Customers
13892.0,2011-11-13 11:50:00,2011-04-07 12:04:00,4,632.97,246,26,0,Loyal Customers
13893.0,2011-02-15 11:30:00,2011-02-15 11:30:00,1,821.1,297,297,1,At Risk
13894.0,2011-11-16 09:44:00,2011-02-02 12:54:00,3,564.62,309,23,0,Potential Loyalist
13895.0,2011-11-11 16:57:00,2011-06-28 10:17:00,4,2593.07,164,27,0,Loyal Customers
13897.0,2011-10-20 14:30:00,2011-10-20 14:30:00,1,311.16,49,49,0,Others
13898.0,2011-01-18 10:28:00,2011-01-18 10:28:00,1,155.93,325,325,1,At Risk
13899.0,2011-11-23 13:40:00,2011-03-10 09:30:00,2,388.52,274,15,0,Potential Loyalist
13900.0,2011-06-09 19:26:00,2011-03-22 10:13:00,3,740.95,262,182,1,At Risk
13901.0,2011-09-28 14:48:00,2011-01-25 09:01:00,5,2867.2000000000003,318,71,0,Others
13904.0,2011-11-02 13:41:00,2011-02-18 11:18:00,2,332.64,294,36,0,Others
13908.0,2011-09-21 11:49:00,2011-03-08 12:04:00,4,2369.55,276,79,0,At Risk
13911.0,2011-10-13 15:43:00,2011-02-04 14:46:00,9,2580.91,307,56,0,Others
13914.0,2011-11-28 10:35:00,2011-11-03 16:28:00,2,626.45,35,11,0,Potential Loyalist
13917.0,2011-10-21 09:56:00,2011-06-01 12:46:00,2,272.04,191,49,0,Others
13918.0,2011-10-21 12:25:00,2011-03-31 18:05:00,2,1212.8400000000001,252,49,0,Others
13919.0,2011-10-11 14:24:00,2011-08-10 10:15:00,2,384.81,121,58,0,Others
13922.0,2010-12-23 10:38:00,2010-12-23 10:38:00,1,172.25,351,351,1,At Risk
13923.0,2011-10-17 12:33:00,2011-10-17 12:33:00,1,351.13,53,53,0,Others
13924.0,2011-12-08 09:39:00,2011-09-28 15:07:00,6,1838.8500000000001,71,1,0,Loyal Customers
13925.0,2011-09-08 12:47:00,2011-07-28 12:09:00,4,678.25,134,92,1,At Risk
13926.0,2011-11-16 13:16:00,2011-11-16 13:16:00,1,223.85000000000002,22,22,0,Potential Loyalist
13927.0,2011-09-26 12:00:00,2011-09-26 12:00:00,1,348.99,74,74,0,At Risk
13928.0,2011-11-29 10:33:00,2011-07-29 15:59:00,4,464.57,132,10,0,Loyal Customers
13929.0,2011-06-23 15:26:00,2011-01-17 15:11:00,2,842.65,325,168,1,At Risk
13930.0,2011-10-13 09:45:00,2011-07-26 11:00:00,2,337.34,136,57,0,Others
13931.0,2011-09-05 10:12:00,2011-03-04 08:43:00,2,1237.53,280,95,1,At Risk
13932.0,2011-02-18 12:02:00,2011-02-18 12:02:00,1,307.4,294,294,1,At Risk
13933.0,2011-08-22 14:03:00,2011-07-14 13:35:00,2,608.79,147,108,1,At Risk
13934.0,2011-03-21 08:39:00,2011-03-21 08:39:00,1,922.1,263,263,1,At Risk
13936.0,2011-06-13 08:47:00,2011-06-13 08:47:00,1,376.58,179,179,1,At Risk
13937.0,2011-06-23 16:35:00,2011-06-23 16:35:00,1,158.85,168,168,1,At Risk
13938.0,2011-11-04 14:37:00,2011-11-04 14:37:00,1,71.66,34,34,0,Others
13939.0,2011-11-16 13:33:00,2011-02-01 11:30:00,3,568.55,311,22,0,Potential Loyalist
13940.0,2011-11-22 15:15:00,2011-07-18 16:05:00,4,839.14,143,16,0,Loyal Customers
13941.0,2011-11-18 09:43:00,2010-12-02 10:17:00,5,5112.96,372,21,0,Loyal Customers
13946.0,2011-09-21 13:33:00,2011-03-17 10:02:00,3,561.57,267,78,0,At Risk
13947.0,2011-10-05 14:42:00,2011-10-05 14:42:00,1,90.60000000000001,64,64,0,Others
13948.0,2010-12-14 10:18:00,2010-12-14 10:18:00,1,102.0,360,360,1,At Risk
13949.0,2011-12-07 09:35:00,2011-09-06 11:55:00,6,2427.32,94,2,0,Champions
13950.0,2011-11-28 14:44:00,2011-04-07 11:29:00,4,745.0600000000001,246,10,0,Loyal Customers
13951.0,2011-06-16 16:43:00,2011-02-18 15:21:00,3,674.45,293,175,1,At Risk
13952.0,2011-05-06 09:00:00,2011-04-15 09:27:00,2,3251.071,238,217,1,At Risk
13953.0,2011-12-02 16:04:00,2010-12-22 10:29:00,7,3515.68,352,6,0,Champions
13954.0,2011-12-08 12:50:00,2011-09-30 10:52:00,2,439.92,70,1,0,Potential Loyalist
13955.0,2011-07-08 17:19:00,2011-02-07 12:24:00,2,322.96,305,153,1,At Risk
13956.0,2011-12-04 13:20:00,2011-03-13 12:51:00,5,1026.42,270,4,0,Loyal Customers
13959.0,2011-09-21 15:06:00,2010-12-12 13:56:00,3,598.2,361,78,0,At Risk
13960.0,2011-11-18 15:27:00,2011-09-29 12:39:00,2,230.22,71,20,0,Potential Loyalist
13962.0,2011-11-18 08:47:00,2011-04-08 11:21:00,2,169.54999999999998,245,21,0,Potential Loyalist
13963.0,2011-02-04 14:43:00,2010-12-07 09:21:00,4,664.54,367,307,1,At Risk
13967.0,2011-07-17 12:02:00,2011-07-17 12:02:00,1,80.7,145,145,1,At Risk
13969.0,2011-12-02 15:11:00,2010-12-09 19:32:00,18,9053.94,364,6,0,Champions
13971.0,2011-11-21 12:06:00,2011-02-27 12:27:00,8,2758.26,285,18,0,Loyal Customers
13972.0,2011-09-30 11:54:00,2011-05-22 11:34:00,2,190.25,201,70,0,Others
13973.0,2011-02-25 15:21:00,2011-02-25 15:21:00,1,264.7,286,286,1,At Risk
13974.0,2011-10-21 14:41:00,2011-10-21 14:41:00,1,413.59000000000003,48,48,0,Others
13975.0,2011-11-08 13:19:00,2011-03-08 12:19:00,6,2526.28,276,30,0,Loyal Customers
13976.0,2011-05-17 09:13:00,2011-05-17 09:13:00,1,357.98,206,206,1,At Risk
13978.0,2011-11-25 11:36:00,2011-10-25 15:04:00,2,196.79,44,14,0,Potential Loyalist
13979.0,2011-09-27 13:32:00,2011-09-27 13:32:00,1,869.87,72,72,0,At Risk
13980.0,2011-10-10 13:34:00,2011-10-10 13:34:00,1,200.14,59,59,0,Others
13982.0,2011-10-31 16:24:00,2010-12-09 13:57:00,4,1871.81,364,38,0,Others
13983.0,2011-11-10 11:06:00,2010-12-08 10:38:00,12,2603.43,366,29,0,Loyal Customers
13984.0,2011-11-13 12:38:00,2010-12-08 15:58:00,5,920.51,365,26,0,Loyal Customers
13985.0,2011-12-05 17:06:00,2011-03-20 13:48:00,15,7060.13,263,3,0,Champions
13986.0,2011-11-22 15:00:00,2011-11-22 15:00:00,1,320.46,16,16,0,Potential Loyalist
13988.0,2011-11-20 10:15:00,2011-03-30 11:48:00,6,4147.96,254,19,0,Loyal Customers
13989.0,2011-10-05 09:47:00,2011-04-14 15:39:00,2,1266.08,238,65,0,Others
13990.0,2011-05-10 15:19:00,2011-05-10 15:19:00,1,311.3,212,212,1,At Risk
13991.0,2011-11-27 16:18:00,2011-07-19 12:58:00,6,855.97,142,11,0,Loyal Customers
13992.0,2011-11-09 15:23:00,2011-11-09 15:23:00,1,76.8,29,29,0,Potential Loyalist
13993.0,2011-10-28 09:06:00,2011-01-13 10:43:00,9,3466.36,330,42,0,Others
13994.0,2011-12-06 11:05:00,2011-07-14 18:28:00,6,2313.14,147,3,0,Champions
13995.0,2011-11-24 14:22:00,2011-04-08 08:20:00,5,1393.69,245,14,0,Loyal Customers
13999.0,2011-11-29 13:40:00,2010-12-13 11:23:00,12,3901.81,361,9,0,Champions
14000.0,2011-05-12 16:50:00,2011-05-12 16:50:00,1,635.66,210,210,1,At Risk
14001.0,2011-10-25 10:31:00,2010-12-01 12:58:00,3,2043.0800000000002,372,45,0,Others
14002.0,2011-07-28 15:55:00,2011-07-06 14:59:00,2,529.73,155,133,1,At Risk
14004.0,2011-10-27 14:40:00,2011-02-24 09:28:00,7,4582.64,288,42,0,Others
14005.0,2011-11-30 12:41:00,2011-05-08 10:33:00,5,2874.72,215,9,0,Loyal Customers
14006.0,2011-08-16 09:39:00,2011-01-31 15:11:00,3,962.19,311,115,1,At Risk
14009.0,2011-05-25 15:47:00,2011-05-18 13:00:00,2,695.61,204,197,1,At Risk
14012.0,2011-03-07 12:26:00,2011-03-07 12:26:00,1,328.8,277,277,1,At Risk
14013.0,2011-08-21 15:01:00,2011-03-09 08:59:00,3,473.02,275,109,1,At Risk
14014.0,2011-09-23 13:18:00,2011-09-23 13:18:00,1,505.18,76,76,0,At Risk
14015.0,2011-10-18 10:02:00,2011-10-18 10:02:00,1,917.34,52,52,0,Others
14016.0,2011-07-01 11:29:00,2010-12-17 14:21:00,4,4341.21,356,161,1,At Risk
14019.0,2011-10-24 10:13:00,2011-07-24 15:39:00,3,1421.6100000000001,137,46,0,Others
14020.0,2011-11-23 09:22:00,2011-09-12 15:32:00,2,642.8,87,16,0,Potential Loyalist
14021.0,2011-07-07 15:46:00,2011-03-28 15:10:00,3,631.9,255,154,1,At Risk
14022.0,2011-04-28 14:39:00,2011-04-28 14:39:00,1,440.0,224,224,1,At Risk
14023.0,2011-12-02 13:58:00,2011-04-03 15:50:00,2,584.07,249,6,0,Potential Loyalist
14024.0,2011-08-10 11:30:00,2011-08-07 13:31:00,2,327.7,123,121,1,At Risk
14027.0,2011-10-10 09:01:00,2011-10-10 09:01:00,1,104.82,60,60,0,Others
14029.0,2011-10-07 14:46:00,2011-07-18 16:57:00,2,467.66,143,62,0,Others
14030.0,2011-11-21 16:48:00,2010-12-08 16:11:00,8,2360.09,365,17,0,Loyal Customers
14031.0,2011-12-02 17:13:00,2010-12-02 16:34:00,19,17286.86,371,6,0,Champions
14032.0,2011-12-07 15:23:00,2010-12-08 10:53:00,11,2975.59,366,1,0,Champions
14034.0,2011-11-17 14:02:00,2011-07-05 13:06:00,3,651.8199999999999,156,21,0,Potential Loyalist
14035.0,2011-11-11 10:03:00,2011-02-15 12:48:00,5,1428.02,297,28,0,Loyal Customers
14036.0,2011-02-28 09:26:00,2011-02-28 09:26:00,1,626.65,284,284,1,At Risk
14037.0,2011-06-16 13:57:00,2010-12-10 11:39:00,2,147.20000000000002,364,175,1,At Risk
14038.0,2011-09-22 13:37:00,2011-05-16 14:05:00,3,1560.38,206,77,0,At Risk
14039.0,2011-11-06 13:48:00,2011-11-06 13:48:00,1,152.2,32,32,0,Potential Loyalist
14040.0,2011-10-30 12:42:00,2011-01-12 14:57:00,12,3614.92,330,40,0,Others
14041.0,2011-03-18 13:25:00,2011-03-18 13:25:00,1,141.41,265,265,1,At Risk
14044.0,2011-11-13 12:05:00,2011-02-03 11:39:00,4,652.82,309,26,0,Loyal Customers
14045.0,2011-08-22 15:27:00,2010-12-01 11:32:00,4,1659.75,373,108,1,At Risk
14046.0,2011-02-28 14:48:00,2011-02-28 14:48:00,1,154.99,283,283,1,At Risk
14047.0,2011-12-01 11:43:00,2010-12-02 10:09:00,5,1308.6100000000001,372,8,0,Loyal Customers
14048.0,2011-02-07 14:53:00,2011-02-07 14:53:00,1,409.93,304,304,1,At Risk
14049.0,2011-11-23 12:20:00,2011-01-26 11:27:00,4,5681.72,317,16,0,Loyal Customers
14050.0,2011-11-08 10:00:00,2011-08-25 13:46:00,2,746.36,105,31,0,Potential Loyalist
14051.0,2011-12-09 10:20:00,2010-12-08 12:49:00,23,15610.390000000001,366,0,0,Champions
14052.0,2011-11-20 12:30:00,2011-11-20 12:30:00,1,225.35999999999999,19,19,0,Potential Loyalist
14053.0,2011-08-07 14:27:00,2011-07-03 12:21:00,2,260.25,159,123,1,At Risk
14054.0,2011-10-05 15:49:00,2011-10-05 15:49:00,1,92.46000000000001,64,64,0,Others
14055.0,2011-08-25 15:04:00,2011-08-25 15:04:00,1,725.6400000000001,105,105,1,At Risk
14056.0,2011-12-08 13:36:00,2011-02-28 15:19:00,23,8214.65,283,0,0,Champions
14057.0,2011-11-16 10:32:00,2010-12-14 12:11:00,17,6217.96,360,23,0,Loyal Customers
14059.0,2011-03-18 10:06:00,2011-03-18 10:06:00,1,183.6,266,266,1,At Risk
14060.0,2011-12-05 12:29:00,2010-12-02 12:11:00,19,6140.42,372,4,0,Champions
14062.0,2011-11-30 10:04:00,2010-12-10 15:56:00,12,10464.85,363,9,0,Champions
14064.0,2011-11-10 13:14:00,2011-03-10 12:59:00,5,1353.74,273,28,0,Loyal Customers
14066.0,2011-03-18 12:21:00,2011-03-18 12:21:00,1,152.55,266,266,1,At Risk
14067.0,2011-10-07 10:21:00,2011-09-04 12:00:00,2,374.7,96,63,0,Others
14068.0,2011-01-23 16:02:00,2011-01-23 16:02:00,1,265.85,319,319,1,At Risk
14071.0,2011-12-06 12:27:00,2011-03-20 11:33:00,8,1438.82,264,3,0,Loyal Customers
14073.0,2011-11-07 15:49:00,2011-11-07 15:49:00,1,151.04,31,31,0,Potential Loyalist
14075.0,2011-12-05 08:38:00,2011-03-23 16:35:00,3,942.26,260,4,0,Potential Loyalist
14076.0,2011-08-02 15:19:00,2011-08-02 15:19:00,1,122.47,128,128,1,At Risk
14077.0,2011-10-30 12:35:00,2011-03-10 15:52:00,5,499.42,273,40,0,Others
14078.0,2011-08-30 12:16:00,2010-12-01 12:54:00,6,1049.37,372,101,1,At Risk
14079.0,2011-08-07 12:10:00,2011-08-07 12:10:00,1,375.1,124,124,1,At Risk
14080.0,2011-11-07 11:09:00,2011-11-07 11:09:00,1,45.599999999999994,32,32,0,Potential Loyalist
14081.0,2011-02-10 16:17:00,2010-12-05 15:47:00,2,934.52,368,301,1,At Risk
14082.0,2010-12-10 11:02:00,2010-12-10 11:02:00,1,182.25,364,364,1,At Risk
14083.0,2011-12-05 13:14:00,2010-12-03 12:24:00,9,1018.43,371,3,0,Loyal Customers
14085.0,2011-12-07 13:46:00,2010-12-06 12:39:00,18,4448.54,368,1,0,Champions
14087.0,2011-12-07 12:41:00,2011-12-07 12:41:00,1,194.42,2,2,0,Potential Loyalist
14088.0,2011-11-29 16:16:00,2011-01-21 13:07:00,13,50491.81,321,9,0,Champions
14089.0,2011-10-14 10:38:00,2011-10-14 10:38:00,1,161.0,56,56,0,Others
14090.0,2011-01-19 10:51:00,2011-01-19 10:51:00,1,76.32000000000001,324,324,1,At Risk
14092.0,2011-12-02 12:13:00,2010-12-16 15:47:00,14,4076.9100000000003,357,7,0,Champions
14093.0,2011-11-27 16:27:00,2011-11-27 16:27:00,1,442.85,11,11,0,Potential Loyalist
14096.0,2011-12-05 17:17:00,2011-08-30 10:49:00,17,65164.79,101,3,0,Champions
14098.0,2011-11-03 10:13:00,2011-11-03 10:13:00,1,147.35,36,36,0,Others
14099.0,2011-11-23 13:53:00,2010-12-20 11:14:00,11,3104.17,354,15,0,Loyal Customers
14100.0,2011-07-25 11:01:00,2011-07-25 11:01:00,1,194.9,137,137,1,At Risk
14101.0,2011-09-27 12:28:00,2011-01-17 13:09:00,6,5976.79,325,73,0,At Risk
14102.0,2011-12-04 15:38:00,2011-10-26 12:46:00,5,1360.28,44,4,0,Loyal Customers
14104.0,2011-07-08 12:50:00,2011-06-27 12:49:00,2,216.21,165,154,1,At Risk
14105.0,2011-04-14 17:58:00,2011-04-14 17:58:00,1,1266.23,238,238,1,At Risk
14107.0,2011-10-19 12:12:00,2010-12-10 13:29:00,7,2703.23,363,51,0,Others
14108.0,2011-11-09 10:41:00,2011-08-30 11:32:00,2,597.91,101,30,0,Potential Loyalist
14109.0,2011-09-28 10:18:00,2011-09-28 10:18:00,1,144.2,72,72,0,At Risk
14110.0,2011-12-06 12:26:00,2011-03-18 09:59:00,12,5683.15,266,3,0,Champions
14111.0,2011-11-25 13:44:00,2011-04-12 11:36:00,4,692.85,241,13,0,Loyal Customers
14112.0,2011-11-17 12:30:00,2011-03-09 11:28:00,7,2915.15,275,22,0,Loyal Customers
14113.0,2011-12-06 12:18:00,2010-12-20 12:14:00,4,1840.42,354,3,0,Loyal Customers
14114.0,2011-03-11 09:42:00,2011-01-13 11:05:00,2,386.53,330,273,1,At Risk
14116.0,2011-11-20 10:29:00,2011-08-10 12:44:00,5,1382.74,121,19,0,Loyal Customers
14117.0,2011-07-19 09:49:00,2011-07-19 09:49:00,1,90.0,143,143,1,At Risk
14121.0,2011-12-06 12:19:00,2011-10-11 10:39:00,4,2780.15,59,3,0,Loyal Customers
14124.0,2011-09-16 13:32:00,2011-09-16 13:32:00,1,419.58,83,83,0,At Risk
14125.0,2011-11-29 12:47:00,2011-09-22 15:40:00,3,2740.43,77,10,0,Potential Loyalist
14126.0,2011-12-02 11:45:00,2011-11-29 12:21:00,3,706.1300000000001,10,7,0,Potential Loyalist
14127.0,2011-08-09 10:49:00,2011-02-02 12:26:00,3,709.71,310,122,1,At Risk
14128.0,2011-10-10 12:00:00,2011-03-29 10:49:00,2,637.5,255,60,0,Others
14129.0,2011-12-08 11:02:00,2011-03-24 08:44:00,5,1123.8600000000001,260,1,0,Loyal Customers
14130.0,2011-01-24 16:05:00,2011-01-24 16:05:00,1,483.86,318,318,1,At Risk
14132.0,2011-12-07 13:35:00,2011-06-09 12:04:00,11,3586.03,183,1,0,Champions
14133.0,2011-08-02 11:34:00,2011-01-28 11:27:00,3,605.64,315,129,1,At Risk
14135.0,2011-12-08 11:38:00,2010-12-02 10:27:00,15,4690.31,372,1,0,Champions
14138.0,2011-12-08 12:44:00,2011-10-07 09:38:00,2,982.38,63,1,0,Potential Loyalist
14139.0,2011-10-24 13:34:00,2011-10-24 13:34:00,1,415.82,45,45,0,Others
14140.0,2011-12-06 09:05:00,2011-11-08 11:20:00,2,935.05,31,3,0,Potential Loyalist
14141.0,2011-12-07 09:53:00,2011-08-26 14:40:00,4,915.13,104,2,0,Loyal Customers
14142.0,2010-12-01 16:33:00,2010-12-01 16:33:00,1,311.81,372,372,1,At Risk
14143.0,2011-07-29 09:48:00,2011-07-29 09:48:00,1,115.8,133,133,1,At Risk
14145.0,2011-10-24 12:10:00,2011-05-06 13:01:00,4,3742.2,216,46,0,Others
14146.0,2011-12-01 10:18:00,2010-12-17 15:52:00,5,4191.0,356,8,0,Loyal Customers
14147.0,2011-09-22 18:10:00,2011-02-27 11:42:00,2,483.4,285,77,0,At Risk
14148.0,2011-04-20 12:02:00,2011-04-20 12:02:00,1,157.2,233,233,1,At Risk
14149.0,2011-05-03 09:44:00,2011-05-03 09:44:00,1,446.62,220,220,1,At Risk
14150.0,2011-11-04 10:05:00,2010-12-15 10:04:00,2,658.64,359,35,0,Others
14152.0,2011-09-25 12:54:00,2011-04-19 15:46:00,2,621.29,233,74,0,At Risk
14154.0,2011-04-14 16:26:00,2011-04-14 15:58:00,2,1345.62,238,238,1,At Risk
14155.0,2011-03-18 14:13:00,2011-03-18 14:13:00,1,118.75,265,265,1,At Risk
14156.0,2011-11-30 10:54:00,2010-12-03 11:48:00,55,117379.63,371,9,0,Champions
14157.0,2011-11-20 11:32:00,2011-02-27 13:04:00,2,432.88,284,19,0,Potential Loyalist
14158.0,2011-10-30 15:08:00,2011-10-30 15:08:00,1,507.65999999999997,39,39,0,Others
14159.0,2011-11-20 12:36:00,2010-12-12 11:17:00,11,4693.01,362,19,0,Loyal Customers
14161.0,2011-05-08 11:41:00,2010-12-05 13:18:00,3,1110.52,368,215,1,At Risk
14162.0,2011-06-19 11:36:00,2011-02-20 12:32:00,2,289.36,292,173,1,At Risk
14163.0,2011-09-13 15:18:00,2011-04-14 17:33:00,4,2445.91,238,86,0,At Risk
14164.0,2011-09-30 12:24:00,2011-09-20 12:18:00,2,1631.77,80,70,0,Others
14165.0,2011-03-09 12:39:00,2011-03-09 12:39:00,1,122.53999999999999,275,275,1,At Risk
14167.0,2011-10-31 14:29:00,2011-01-12 15:44:00,4,574.84,330,38,0,Others
14171.0,2011-09-02 16:43:00,2011-09-02 16:43:00,1,363.79,97,97,1,At Risk
14173.0,2011-11-29 11:54:00,2011-05-04 14:03:00,4,450.84,218,10,0,Loyal Customers
14174.0,2011-11-06 13:17:00,2011-11-06 13:17:00,1,134.46,32,32,0,Potential Loyalist
14175.0,2011-10-11 11:55:00,2011-01-14 12:22:00,3,3222.3,329,59,0,Others
14176.0,2011-02-15 13:12:00,2010-12-07 11:45:00,4,576.9000000000001,367,296,1,At Risk
14177.0,2011-09-14 15:11:00,2011-06-13 11:10:00,4,559.41,179,85,0,At Risk
14178.0,2011-12-01 12:01:00,2011-06-10 12:51:00,7,1620.93,181,8,0,Loyal Customers
14179.0,2011-10-30 12:07:00,2011-10-18 14:00:00,2,719.78,51,40,0,Others
14180.0,2011-11-29 10:56:00,2010-12-02 13:08:00,25,4748.52,371,10,0,Champions
14184.0,2011-10-04 12:43:00,2011-10-04 12:43:00,1,452.89,66,66,0,Others
14185.0,2011-01-12 13:52:00,2011-01-12 13:52:00,1,197.65,330,330,1,At Risk
14188.0,2011-11-09 12:45:00,2011-02-02 13:46:00,6,2054.36,309,30,0,Loyal Customers
14189.0,2011-12-07 15:55:00,2010-12-06 11:42:00,15,4654.08,368,1,0,Champions
14191.0,2011-12-08 09:23:00,2011-05-03 10:30:00,13,4684.76,220,1,0,Champions
14193.0,2011-10-03 09:34:00,2011-03-15 11:38:00,2,853.39,269,67,0,Others
14194.0,2011-12-05 10:38:00,2011-02-04 14:51:00,21,11349.52,307,4,0,Champions
14195.0,2011-05-22 10:29:00,2011-04-01 16:50:00,2,1012.0,251,201,1,At Risk
14196.0,2011-08-25 10:25:00,2011-08-25 10:25:00,1,335.52,106,106,1,At Risk
14198.0,2011-11-21 16:35:00,2011-04-14 14:54:00,4,701.4,238,17,0,Loyal Customers
14199.0,2011-05-05 13:44:00,2011-05-05 13:44:00,1,185.39999999999998,217,217,1,At Risk
14201.0,2011-10-10 13:27:00,2010-12-15 13:25:00,7,747.44,358,59,0,Others
14204.0,2011-12-07 13:38:00,2011-12-07 13:38:00,1,161.03,1,1,0,Potential Loyalist
14205.0,2011-11-23 10:55:00,2011-03-20 15:07:00,2,466.7,263,16,0,Potential Loyalist
14206.0,2011-04-14 16:38:00,2011-04-14 16:38:00,1,328.15999999999997,238,238,1,At Risk
14208.0,2011-09-06 12:48:00,2011-09-06 12:48:00,1,151.74,94,94,1,At Risk
14209.0,2011-11-29 10:18:00,2011-01-11 12:56:00,6,2073.43,331,10,0,Champions
14210.0,2011-08-26 12:36:00,2010-12-03 12:43:00,6,1905.8400000000001,371,105,1,At Risk
14211.0,2011-10-17 13:23:00,2011-02-17 15:50:00,9,2241.1,294,52,0,Others
14212.0,2011-09-11 12:45:00,2011-09-11 12:45:00,1,1070.48,89,89,0,At Risk
14214.0,2011-11-09 10:31:00,2011-03-07 12:26:00,5,1004.38,277,30,0,Loyal Customers
14215.0,2011-11-28 12:19:00,2010-12-06 15:34:00,6,1789.72,367,11,0,Loyal Customers
14216.0,2011-12-06 14:56:00,2011-11-02 10:51:00,4,1839.3,37,2,0,Loyal Customers
14217.0,2011-12-08 11:53:00,2010-12-08 13:28:00,17,2004.98,365,1,0,Loyal Customers
14218.0,2011-10-28 10:00:00,2011-10-28 10:00:00,1,169.48000000000002,42,42,0,Others
14219.0,2011-12-05 16:23:00,2011-12-05 16:23:00,1,89.94,3,3,0,Potential Loyalist
14220.0,2011-04-06 13:23:00,2010-12-16 18:18:00,2,632.4000000000001,357,246,1,At Risk
14221.0,2011-10-28 13:42:00,2011-01-04 15:33:00,9,3432.8,338,41,0,Others
14222.0,2011-06-15 16:42:00,2011-06-15 16:42:00,1,683.17,176,176,1,At Risk
14223.0,2011-09-08 13:38:00,2011-03-20 16:02:00,3,991.13,263,91,1,At Risk
14224.0,2011-08-21 13:24:00,2011-01-23 13:58:00,4,1050.1200000000001,319,109,1,At Risk
14226.0,2011-11-11 11:34:00,2011-03-15 15:36:00,5,2232.19,268,28,0,Loyal Customers
14227.0,2011-11-13 15:48:00,2011-02-28 12:27:00,10,3350.96,284,25,0,Loyal Customers
14229.0,2011-10-19 10:04:00,2011-01-10 12:03:00,3,1547.2,333,51,0,Others
14231.0,2011-06-09 11:05:00,2011-02-24 11:55:00,3,925.71,288,183,1,At Risk
14232.0,2011-10-28 11:09:00,2011-03-20 12:44:00,5,2048.07,264,42,0,Others
14233.0,2011-10-21 15:54:00,2011-01-26 12:43:00,4,1462.72,317,48,0,Others
14234.0,2011-11-17 17:53:00,2011-10-13 13:58:00,4,775.46,56,21,0,Loyal Customers
14235.0,2011-09-25 14:37:00,2011-03-24 13:23:00,5,3144.86,259,74,0,At Risk
14236.0,2011-09-20 09:13:00,2010-12-02 18:49:00,2,490.86,371,80,0,At Risk
14237.0,2010-12-01 13:20:00,2010-12-01 13:20:00,1,161.0,372,372,1,At Risk
14238.0,2011-01-17 14:40:00,2011-01-17 14:40:00,1,146.85,325,325,1,At Risk
14239.0,2011-10-27 14:40:00,2011-01-27 14:45:00,11,2380.85,315,42,0,Others
14240.0,2011-11-09 13:45:00,2011-04-28 11:40:00,2,890.34,225,29,0,Potential Loyalist
14241.0,2011-06-09 11:46:00,2011-06-09 11:46:00,1,213.70000000000002,183,183,1,At Risk
14242.0,2011-04-19 11:46:00,2011-01-18 08:53:00,2,280.55,325,234,1,At Risk
14243.0,2011-12-01 11:12:00,2010-12-09 08:34:00,10,2588.77,365,8,0,Champions
14245.0,2011-05-04 08:40:00,2011-03-21 10:41:00,2,1693.45,263,219,1,At Risk
14246.0,2011-08-21 11:50:00,2011-04-08 08:25:00,3,1474.06,245,110,1,At Risk
14247.0,2011-03-06 15:21:00,2011-03-06 15:21:00,1,136.77,277,277,1,At Risk
14248.0,2011-01-25 14:45:00,2011-01-25 14:45:00,1,302.58,317,317,1,At Risk
14250.0,2011-12-02 14:30:00,2011-09-11 13:44:00,3,1904.05,88,6,0,Potential Loyalist
14251.0,2011-12-08 08:32:00,2011-10-13 12:46:00,5,2879.7000000000003,57,1,0,Loyal Customers
14256.0,2011-03-24 13:17:00,2010-12-10 11:44:00,2,969.0600000000001,364,259,1,At Risk
14257.0,2011-10-06 16:54:00,2011-01-25 10:49:00,5,3099.7200000000003,318,63,0,Others
14258.0,2011-11-30 15:27:00,2011-01-06 12:18:00,9,12669.98,337,8,0,Champions
14259.0,2011-07-21 10:44:00,2011-07-21 10:44:00,1,120.0,141,141,1,At Risk
14261.0,2011-10-20 10:04:00,2011-09-22 10:47:00,2,1163.45,78,50,0,Others
14262.0,2011-12-01 14:17:00,2011-04-13 12:23:00,8,2618.23,240,7,0,Champions
14264.0,2011-07-08 10:20:00,2011-04-08 12:20:00,2,333.97,245,154,1,At Risk
14265.0,2011-08-22 13:32:00,2011-07-14 09:10:00,2,530.18,148,108,1,At Risk
14267.0,2011-06-30 10:09:00,2011-03-24 11:38:00,3,1516.24,260,162,1,At Risk
14270.0,2011-01-12 09:33:00,2011-01-12 09:33:00,1,492.65000000000003,331,331,1,At Risk
14271.0,2011-04-28 12:47:00,2011-04-28 12:47:00,1,112.32000000000001,225,225,1,At Risk
14272.0,2011-09-27 10:08:00,2011-03-30 13:57:00,2,437.96,253,73,0,At Risk
14273.0,2011-10-19 13:20:00,2011-04-11 13:24:00,4,559.97,241,50,0,Others
14276.0,2011-09-02 09:45:00,2011-02-23 09:38:00,3,1119.74,289,98,1,At Risk
14277.0,2011-11-24 15:01:00,2011-05-11 13:20:00,3,4216.2,211,14,0,Potential Loyalist
14280.0,2011-05-27 10:37:00,2011-05-27 10:37:00,1,134.04,196,196,1,At Risk
14282.0,2011-12-06 17:04:00,2010-12-07 12:21:00,15,3729.34,367,2,0,Champions
14284.0,2011-11-09 08:11:00,2011-09-14 13:04:00,2,595.25,85,30,0,Potential Loyalist
14285.0,2011-11-18 14:50:00,2011-06-16 12:36:00,4,1910.01,176,20,0,Loyal Customers
14286.0,2011-11-16 10:34:00,2011-04-11 08:16:00,3,4628.75,242,23,0,Potential Loyalist
14287.0,2011-12-01 13:25:00,2011-05-25 11:41:00,3,176.63,198,7,0,Potential Loyalist
14288.0,2011-05-10 13:22:00,2011-05-10 13:22:00,1,426.6,212,212,1,At Risk
14289.0,2011-12-01 11:44:00,2011-02-23 12:33:00,6,911.26,289,8,0,Loyal Customers
14290.0,2011-11-28 14:02:00,2010-12-13 10:24:00,5,2314.65,361,10,0,Loyal Customers
14291.0,2011-12-08 10:26:00,2011-03-09 15:20:00,11,3883.25,274,1,0,Champions
14292.0,2011-12-02 11:50:00,2011-03-02 08:26:00,9,4871.93,282,7,0,Champions
14293.0,2011-12-06 15:17:00,2010-12-06 10:18:00,4,1046.56,368,2,0,Loyal Customers
14295.0,2011-10-30 15:50:00,2011-10-30 15:50:00,1,166.20000000000002,39,39,0,Others
14297.0,2011-11-22 09:06:00,2011-03-10 08:31:00,4,1305.33,274,17,0,Loyal Customers
14298.0,2011-12-01 13:12:00,2010-12-14 12:59:00,44,51527.3,359,7,0,Champions
14299.0,2011-12-01 16:05:00,2010-12-09 10:30:00,9,3965.62,365,7,0,Champions
14300.0,2011-11-21 08:57:00,2011-11-21 08:57:00,1,43.2,18,18,0,Potential Loyalist
14301.0,2011-08-14 15:33:00,2011-08-14 15:33:00,1,640.14,116,116,1,At Risk
14304.0,2011-05-01 11:50:00,2011-05-01 11:50:00,1,383.45,222,222,1,At Risk
14305.0,2011-09-29 15:29:00,2011-07-27 14:14:00,3,1858.96,134,70,0,Others
14306.0,2011-10-19 13:23:00,2011-09-15 10:31:00,2,2093.32,85,50,0,Others
14307.0,2011-09-12 09:38:00,2010-12-01 11:41:00,6,2995.7200000000003,373,88,0,At Risk
14309.0,2011-12-01 13:33:00,2010-12-16 13:05:00,9,2352.53,357,7,0,Champions
14311.0,2011-04-11 10:14:00,2011-04-11 10:14:00,1,310.26,242,242,1,At Risk
14312.0,2011-10-24 09:46:00,2011-01-06 16:35:00,6,1611.5900000000001,336,46,0,Others
14314.0,2011-08-25 10:39:00,2011-08-25 10:39:00,1,120.0,106,106,1,At Risk
14315.0,2011-10-26 12:06:00,2011-03-18 12:59:00,6,2481.13,265,44,0,Others
14317.0,2011-10-06 10:44:00,2011-10-06 10:44:00,1,508.58,64,64,0,Others
14320.0,2011-05-17 09:24:00,2011-01-11 09:12:00,2,477.79,332,206,1,At Risk
14321.0,2011-11-29 09:47:00,2011-01-10 11:35:00,5,1530.75,333,10,0,Loyal Customers
14323.0,2011-08-17 11:37:00,2011-04-15 11:44:00,2,605.0600000000001,238,114,1,At Risk
14326.0,2011-04-11 15:04:00,2011-04-11 15:04:00,1,183.85,241,241,1,At Risk
14327.0,2011-06-29 13:58:00,2011-06-29 13:58:00,1,311.65000000000003,162,162,1,At Risk
14329.0,2011-11-22 15:50:00,2011-01-14 13:42:00,7,5014.84,328,16,0,Loyal Customers
14331.0,2011-08-07 13:17:00,2011-07-27 15:14:00,2,462.66,134,123,1,At Risk
14332.0,2011-11-17 11:54:00,2011-07-15 10:33:00,3,866.3100000000001,147,22,0,Potential Loyalist
14333.0,2011-10-03 10:38:00,2011-10-03 10:38:00,1,415.2,67,67,0,Others
14334.0,2011-11-23 10:01:00,2010-12-16 17:37:00,8,2552.21,357,16,0,Loyal Customers
14335.0,2011-11-23 13:41:00,2011-09-04 13:07:00,2,468.26,95,15,0,Potential Loyalist
14336.0,2011-11-23 11:40:00,2011-03-08 16:48:00,4,1614.91,275,16,0,Loyal Customers
14338.0,2011-07-01 14:08:00,2011-05-27 13:30:00,2,588.22,195,160,1,At Risk
14339.0,2011-04-11 11:06:00,2011-04-11 11:06:00,1,309.52000000000004,242,242,1,At Risk
14340.0,2011-05-05 09:44:00,2011-05-05 09:44:00,1,134.7,218,218,1,At Risk
14341.0,2011-10-25 15:48:00,2011-01-25 13:55:00,8,2182.28,317,44,0,Others
14342.0,2011-11-18 13:21:00,2011-05-13 13:50:00,4,668.5600000000001,209,20,0,Loyal Customers
14344.0,2011-08-04 13:51:00,2010-12-06 11:58:00,8,889.9300000000001,368,126,1,At Risk
14345.0,2011-11-01 09:51:00,2011-11-01 09:51:00,1,108.98,38,38,0,Others
14346.0,2011-08-11 09:47:00,2011-02-15 13:52:00,2,1021.58,296,120,1,At Risk
14348.0,2011-03-24 16:23:00,2011-03-24 16:23:00,1,409.57,259,259,1,At Risk
14349.0,2011-11-29 15:39:00,2011-11-29 15:39:00,1,133.5,9,9,0,Potential Loyalist
14350.0,2011-03-10 14:14:00,2011-03-10 14:14:00,1,282.93,273,273,1,At Risk
14351.0,2011-06-28 11:56:00,2011-06-28 11:56:00,1,51.0,164,164,1,At Risk
14352.0,2011-07-05 15:41:00,2011-03-11 14:58:00,4,1078.96,272,156,1,At Risk
14353.0,2011-05-08 16:06:00,2011-05-08 16:06:00,1,90.6,214,214,1,At Risk
14354.0,2011-12-04 11:32:00,2011-11-09 15:36:00,2,163.62,29,5,0,Potential Loyalist
14355.0,2010-12-09 12:16:00,2010-12-09 12:16:00,1,174.4,365,365,1,At Risk
14356.0,2011-09-21 09:18:00,2011-09-19 14:43:00,2,701.23,80,79,0,At Risk
14357.0,2011-10-27 16:23:00,2011-10-27 16:23:00,1,225.77,42,42,0,Others
14359.0,2011-11-20 13:17:00,2011-09-13 09:03:00,3,912.1800000000001,87,18,0,Potential Loyalist
14360.0,2011-11-08 09:12:00,2011-09-06 11:58:00,4,2128.23,94,31,0,Loyal Customers
14362.0,2011-11-17 15:08:00,2011-11-17 15:08:00,1,161.2,21,21,0,Potential Loyalist
14364.0,2011-08-23 11:01:00,2011-05-12 12:56:00,8,3717.35,210,108,1,At Risk
14367.0,2011-12-01 13:19:00,2011-03-08 14:12:00,16,9261.52,275,7,0,Champions
14368.0,2011-01-24 09:52:00,2011-01-24 09:52:00,1,155.0,319,319,1,At Risk
14371.0,2011-02-17 16:35:00,2011-02-17 16:35:00,1,100.5,294,294,1,At Risk
14373.0,2010-12-16 15:40:00,2010-12-16 15:40:00,1,76.55,357,357,1,At Risk
14375.0,2011-06-07 13:44:00,2011-06-07 13:44:00,1,257.68,184,184,1,At Risk
14377.0,2011-06-01 13:32:00,2011-03-22 13:38:00,2,617.05,261,190,1,At Risk
14379.0,2011-10-26 16:43:00,2011-02-17 15:03:00,2,348.1,294,43,0,Others
14381.0,2011-10-18 17:10:00,2011-10-18 17:10:00,1,202.68,51,51,0,Others
14382.0,2011-11-13 16:18:00,2011-11-13 16:18:00,1,626.07,25,25,0,Potential Loyalist
14383.0,2011-11-01 15:53:00,2011-06-29 10:18:00,3,1247.69,163,37,0,Others
14385.0,2011-11-30 15:36:00,2011-11-16 11:55:00,3,202.10999999999999,23,8,0,Potential Loyalist
14386.0,2011-02-16 09:45:00,2011-02-16 09:45:00,1,142.4,296,296,1,At Risk
14387.0,2011-11-07 12:29:00,2011-08-22 14:13:00,3,1770.56,108,32,0,Potential Loyalist
14388.0,2011-11-29 13:32:00,2010-12-02 11:02:00,8,3212.84,372,9,0,Champions
14389.0,2011-10-05 15:17:00,2011-06-02 12:04:00,2,1043.46,190,64,0,Others
14390.0,2011-11-29 13:49:00,2010-12-02 11:57:00,9,4652.82,372,9,0,Champions
14393.0,2011-05-05 18:16:00,2011-05-05 18:16:00,1,67.95,217,217,1,At Risk
14395.0,2011-12-07 14:34:00,2010-12-02 18:15:00,9,3507.71,371,1,0,Champions
14396.0,2011-10-05 16:09:00,2010-12-03 15:19:00,2,487.99,370,64,0,Others
14397.0,2011-12-07 09:22:00,2011-05-10 12:25:00,19,2612.96,213,2,0,Champions
14400.0,2011-07-13 15:50:00,2011-07-13 15:50:00,1,574.7,148,148,1,At Risk
14401.0,2011-12-05 13:30:00,2010-12-15 09:07:00,13,4051.48,359,3,0,Champions
14403.0,2011-08-01 12:57:00,2011-04-06 14:23:00,4,1475.81,246,129,1,At Risk
14404.0,2011-11-06 12:30:00,2010-12-05 16:00:00,6,1474.32,368,33,0,Others
14406.0,2011-08-12 16:54:00,2011-08-12 16:54:00,1,156.75,118,118,1,At Risk
14407.0,2011-08-24 14:02:00,2011-03-08 11:59:00,6,2157.73,276,106,1,At Risk
14408.0,2011-11-29 11:41:00,2011-03-20 14:41:00,7,2606.53,263,10,0,Champions
14409.0,2011-09-29 18:18:00,2010-12-06 15:03:00,6,2059.4500000000003,367,70,0,Others
14410.0,2011-09-08 15:08:00,2011-02-07 09:36:00,9,1105.07,305,91,1,At Risk
14411.0,2011-02-02 10:56:00,2011-02-02 10:56:00,1,1063.0,310,310,1,At Risk
14412.0,2011-10-28 10:45:00,2011-09-28 08:48:00,2,770.03,72,42,0,Others
14413.0,2010-12-12 13:37:00,2010-12-12 13:37:00,1,122.7,361,361,1,At Risk
14414.0,2011-09-09 12:09:00,2010-12-16 11:11:00,7,1496.98,358,91,1,At Risk
14415.0,2011-12-08 14:38:00,2010-12-14 13:31:00,13,5900.28,359,0,0,Champions
14416.0,2011-11-17 15:22:00,2011-10-28 15:10:00,2,490.22,41,21,0,Potential Loyalist
14418.0,2011-12-06 11:39:00,2011-08-23 17:18:00,3,1937.25,107,3,0,Potential Loyalist
14419.0,2011-11-29 11:22:00,2010-12-10 10:56:00,6,1058.06,364,10,0,Loyal Customers
14420.0,2011-09-01 18:07:00,2011-09-01 18:07:00,1,387.52,98,98,1,At Risk
14421.0,2011-10-13 13:24:00,2011-05-12 10:49:00,2,813.11,211,56,0,Others
14422.0,2011-12-09 11:26:00,2011-03-17 17:26:00,6,4263.64,266,0,0,Champions
14423.0,2011-05-05 15:12:00,2011-05-05 15:12:00,1,265.2,217,217,1,At Risk
14424.0,2011-11-22 11:48:00,2011-11-22 11:48:00,1,322.08,17,17,0,Potential Loyalist
14426.0,2011-11-16 12:25:00,2011-01-31 09:51:00,10,4481.67,312,23,0,Loyal Customers
14427.0,2011-10-20 14:23:00,2011-10-07 09:10:00,2,363.34000000000003,63,49,0,Others
14428.0,2011-12-02 13:17:00,2011-01-18 16:39:00,5,1244.83,324,6,0,Loyal Customers
14431.0,2011-02-10 10:40:00,2011-02-10 10:40:00,1,470.36,302,302,1,At Risk
14432.0,2011-11-30 08:04:00,2011-09-11 14:09:00,6,2255.51,88,9,0,Champions
14434.0,2011-11-18 08:56:00,2011-09-28 15:31:00,6,1372.8,71,21,0,Loyal Customers
14436.0,2011-09-02 10:13:00,2011-09-02 10:13:00,1,89.06,98,98,1,At Risk
14437.0,2010-12-09 09:27:00,2010-12-09 09:27:00,1,63.0,365,365,1,At Risk
14438.0,2011-02-06 14:56:00,2011-02-06 14:56:00,1,131.9,305,305,1,At Risk
14439.0,2011-01-24 11:39:00,2011-01-24 11:39:00,1,2661.24,319,319,1,At Risk
14440.0,2011-12-01 15:42:00,2010-12-09 12:49:00,5,2357.68,365,7,0,Loyal Customers
14441.0,2011-12-09 09:07:00,2011-03-29 12:01:00,4,1712.89,255,0,0,Loyal Customers
14442.0,2011-05-19 11:36:00,2011-01-27 09:33:00,2,1589.82,316,204,1,At Risk
14443.0,2011-10-17 10:10:00,2010-12-06 11:03:00,4,1420.2,368,53,0,Others
14446.0,2011-12-09 11:34:00,2011-04-07 12:10:00,4,1039.58,246,0,0,Loyal Customers
14447.0,2011-11-21 08:28:00,2011-03-04 10:49:00,5,1163.23,280,18,0,Loyal Customers
14448.0,2011-11-30 13:50:00,2010-12-10 17:26:00,2,375.35,363,8,0,Potential Loyalist
14449.0,2011-11-21 12:06:00,2010-12-02 14:09:00,4,907.1,371,18,0,Loyal Customers
14450.0,2011-06-12 10:46:00,2011-01-23 11:53:00,3,483.25,320,180,1,At Risk
14451.0,2011-10-10 13:38:00,2011-05-29 12:35:00,2,662.59,194,59,0,Others
14452.0,2011-11-29 12:06:00,2011-09-07 11:32:00,2,264.44,93,10,0,Potential Loyalist
14453.0,2011-06-02 14:15:00,2011-06-02 14:15:00,1,119.93,189,189,1,At Risk
14456.0,2011-12-04 13:59:00,2011-07-20 13:06:00,9,3062.4,141,4,0,Champions
14457.0,2011-02-02 09:39:00,2011-02-02 09:39:00,1,113.64,310,310,1,At Risk
14459.0,2011-07-07 13:35:00,2011-07-07 13:35:00,1,1837.92,154,154,1,At Risk
14460.0,2011-08-21 14:19:00,2011-02-02 11:55:00,3,434.34,310,109,1,At Risk
14461.0,2011-07-14 17:11:00,2011-03-23 12:15:00,3,2103.06,261,147,1,At Risk
14462.0,2011-10-04 15:55:00,2011-01-04 12:45:00,11,2004.02,339,65,0,Others
14463.0,2011-09-02 15:20:00,2011-05-18 14:42:00,3,529.62,204,97,1,At Risk
14465.0,2011-04-07 12:38:00,2011-02-10 12:13:00,3,1058.6200000000001,302,246,1,At Risk
14466.0,2011-11-10 14:07:00,2010-12-02 13:36:00,7,2272.4,371,28,0,Loyal Customers
14467.0,2011-11-22 12:48:00,2011-01-31 12:35:00,4,598.76,312,17,0,Loyal Customers
14470.0,2011-11-28 10:31:00,2011-02-25 11:56:00,2,461.19,287,11,0,Potential Loyalist
14472.0,2011-08-28 11:01:00,2010-12-19 14:03:00,8,1936.84,354,103,1,At Risk
14473.0,2011-09-26 15:10:00,2011-03-02 13:56:00,2,234.34,281,73,0,At Risk
14474.0,2011-10-24 13:26:00,2011-10-24 13:26:00,1,547.66,45,45,0,Others
14475.0,2011-09-29 10:46:00,2011-02-08 10:12:00,3,925.85,304,71,0,Others
14476.0,2011-03-27 15:39:00,2011-03-27 15:39:00,1,215.7,256,256,1,At Risk
14477.0,2011-11-20 11:11:00,2011-02-15 15:44:00,4,1309.6,296,19,0,Loyal Customers
14479.0,2011-03-31 09:07:00,2010-12-09 12:59:00,2,316.25,364,253,1,At Risk
14480.0,2011-11-28 16:35:00,2011-11-28 16:35:00,1,279.05,10,10,0,Potential Loyalist
14481.0,2011-06-28 10:38:00,2011-02-25 13:53:00,2,636.51,286,164,1,At Risk
14482.0,2011-11-21 13:14:00,2011-04-14 16:41:00,6,2068.15,238,17,0,Loyal Customers
14483.0,2011-03-03 10:26:00,2011-03-03 10:26:00,1,137.1,281,281,1,At Risk
14484.0,2011-10-20 14:11:00,2011-10-20 14:11:00,1,321.92,49,49,0,Others
14485.0,2011-11-01 12:25:00,2011-11-01 12:25:00,1,165.75,38,38,0,Others
14487.0,2011-11-13 12:17:00,2010-12-06 13:22:00,6,1196.33,367,26,0,Loyal Customers
14488.0,2011-10-03 09:30:00,2011-10-03 09:30:00,1,1064.28,67,67,0,Others
14489.0,2011-05-16 14:51:00,2011-05-16 14:51:00,1,463.38,206,206,1,At Risk
14491.0,2011-06-17 15:22:00,2010-12-02 12:10:00,2,340.93,372,174,1,At Risk
14493.0,2011-12-02 16:14:00,2011-07-07 16:59:00,5,2383.2400000000002,154,6,0,Loyal Customers
14494.0,2011-11-14 09:21:00,2011-11-14 09:21:00,1,139.56,25,25,0,Potential Loyalist
14495.0,2011-10-20 12:28:00,2011-08-10 14:13:00,2,123.80000000000001,120,50,0,Others
14496.0,2011-02-01 09:01:00,2010-12-01 15:35:00,2,538.8100000000001,372,311,1,At Risk
14497.0,2011-02-03 17:01:00,2011-02-03 17:01:00,1,475.37,308,308,1,At Risk
14498.0,2011-10-28 12:09:00,2010-12-13 11:29:00,5,1957.32,361,42,0,Others
14499.0,2011-11-13 13:01:00,2011-03-06 11:55:00,3,815.32,278,25,0,Potential Loyalist
14500.0,2011-09-12 16:45:00,2011-06-03 10:08:00,3,356.85,189,87,0,At Risk
14501.0,2011-06-09 12:02:00,2011-01-24 10:43:00,2,251.21,319,183,1,At Risk
14502.0,2011-11-20 11:50:00,2011-01-30 15:52:00,11,2470.67,312,19,0,Loyal Customers
14503.0,2011-12-06 13:30:00,2011-06-14 10:00:00,6,3543.26,178,2,0,Champions
14504.0,2011-10-23 16:00:00,2011-03-06 14:38:00,4,673.26,277,46,0,Others
14505.0,2011-11-22 15:45:00,2010-12-12 16:14:00,8,5905.64,361,16,0,Loyal Customers
14506.0,2011-11-22 13:02:00,2010-12-05 14:25:00,5,2012.17,368,16,0,Loyal Customers
14507.0,2011-11-16 12:21:00,2011-03-08 17:23:00,6,1383.18,275,23,0,Loyal Customers
14508.0,2011-11-17 19:48:00,2011-09-11 11:29:00,2,276.42,89,21,0,Potential Loyalist
14511.0,2011-11-28 17:05:00,2011-07-29 12:13:00,5,1314.81,133,10,0,Loyal Customers
14512.0,2011-06-05 12:39:00,2011-04-21 19:05:00,2,275.28,231,187,1,At Risk
14513.0,2011-08-31 11:25:00,2011-02-24 09:36:00,3,455.59000000000003,288,100,1,At Risk
14514.0,2011-10-09 16:05:00,2011-01-12 15:22:00,3,1055.35,330,60,0,Others
14515.0,2011-11-22 11:37:00,2011-05-05 12:13:00,6,2102.09,218,17,0,Loyal Customers
14517.0,2011-11-06 14:20:00,2011-07-21 11:42:00,2,330.45,141,32,0,Potential Loyalist
14518.0,2011-10-06 14:43:00,2011-10-06 14:43:00,1,174.37,63,63,0,Others
14520.0,2011-12-08 09:46:00,2011-02-22 09:15:00,2,270.6,290,1,0,Potential Loyalist
14522.0,2011-11-15 13:24:00,2011-05-25 16:01:00,4,974.54,197,23,0,Loyal Customers
14523.0,2011-08-23 13:13:00,2011-08-23 13:13:00,1,241.09,107,107,1,At Risk
14524.0,2011-11-08 12:29:00,2010-12-14 11:01:00,9,1867.68,360,31,0,Loyal Customers
14525.0,2011-11-20 11:37:00,2010-12-13 17:40:00,9,4332.2,360,19,0,Loyal Customers
14527.0,2011-12-07 12:19:00,2010-12-05 13:17:00,55,8508.82,368,2,0,Champions
14528.0,2011-11-02 17:09:00,2011-11-02 17:09:00,1,364.21999999999997,36,36,0,Others
14529.0,2011-10-10 15:27:00,2011-08-21 14:10:00,3,620.04,109,59,0,Others
14530.0,2011-11-14 10:38:00,2011-02-16 10:47:00,6,2925.91,296,25,0,Loyal Customers
14532.0,2011-04-17 13:05:00,2010-12-22 13:48:00,4,932.85,351,235,1,At Risk
14533.0,2011-11-15 12:05:00,2010-12-22 11:07:00,7,1949.72,352,24,0,Loyal Customers
14534.0,2011-12-07 12:19:00,2011-01-25 12:33:00,18,4447.05,318,2,0,Champions
14535.0,2011-10-10 15:39:00,2011-04-05 12:50:00,3,2864.19,248,59,0,Others
14536.0,2011-03-25 12:21:00,2011-03-25 12:21:00,1,171.8,259,259,1,At Risk
14537.0,2011-10-13 10:54:00,2011-10-13 10:54:00,1,355.56,57,57,0,Others
14538.0,2011-10-06 10:31:00,2011-03-28 14:57:00,2,388.25,255,64,0,Others
14539.0,2011-11-24 09:50:00,2011-10-26 12:03:00,2,537.48,44,15,0,Potential Loyalist
14540.0,2011-11-30 10:15:00,2011-02-03 15:02:00,3,996.26,308,9,0,Potential Loyalist
14541.0,2011-10-12 10:08:00,2011-01-24 14:16:00,8,1461.65,318,58,0,Others
14542.0,2011-06-07 08:19:00,2011-06-07 08:19:00,1,103.25,185,185,1,At Risk
14543.0,2011-11-11 12:45:00,2010-12-10 11:51:00,16,3630.33,364,28,0,Loyal Customers
14544.0,2011-11-15 15:06:00,2010-12-13 12:50:00,2,2024.45,361,23,0,Potential Loyalist
14546.0,2011-12-04 13:00:00,2011-04-05 12:37:00,5,2578.09,248,4,0,Loyal Customers
14547.0,2011-12-06 11:06:00,2011-10-16 14:35:00,8,4007.54,53,3,0,Champions
14548.0,2011-07-12 12:19:00,2011-01-26 08:38:00,2,652.8,317,150,1,At Risk
14549.0,2011-02-01 13:47:00,2011-02-01 13:47:00,1,289.24,310,310,1,At Risk
14550.0,2011-11-29 12:12:00,2011-10-26 12:14:00,2,765.62,44,10,0,Potential Loyalist
14551.0,2011-11-21 13:36:00,2011-05-19 18:21:00,2,186.23,203,17,0,Potential Loyalist
14552.0,2011-07-11 12:49:00,2011-07-11 12:49:00,1,165.07,151,151,1,At Risk
14553.0,2011-11-20 13:20:00,2011-01-04 15:40:00,5,859.27,338,18,0,Loyal Customers
14554.0,2011-11-29 16:44:00,2011-10-18 13:04:00,4,2381.04,51,9,0,Loyal Customers
14555.0,2011-10-13 16:24:00,2011-02-10 17:19:00,2,324.14,301,56,0,Others
14557.0,2011-09-15 15:48:00,2011-09-15 15:48:00,1,788.38,84,84,0,At Risk
14560.0,2011-12-02 15:22:00,2010-12-17 09:22:00,22,2237.77,357,6,0,Champions
14561.0,2011-09-25 12:39:00,2011-06-08 13:26:00,3,1080.76,183,75,0,At Risk
14562.0,2011-12-06 11:05:00,2011-02-08 14:45:00,18,5074.77,303,3,0,Champions
14565.0,2011-09-05 09:07:00,2010-12-13 13:25:00,4,3099.12,360,95,1,At Risk
14566.0,2011-08-21 11:05:00,2011-08-21 11:05:00,1,1432.0,110,110,1,At Risk
14567.0,2011-10-14 10:21:00,2011-08-01 13:48:00,2,1530.3600000000001,129,56,0,Others
14569.0,2011-12-08 14:58:00,2011-12-08 14:58:00,1,227.39,0,0,0,Potential Loyalist
14570.0,2011-03-04 10:58:00,2011-03-04 10:39:00,2,218.06,280,280,1,At Risk
14572.0,2011-12-06 14:40:00,2011-01-19 17:23:00,7,2832.84,323,2,0,Champions
14573.0,2011-06-13 11:15:00,2010-12-02 19:59:00,9,1653.42,371,179,1,At Risk
14576.0,2010-12-02 17:51:00,2010-12-02 17:51:00,1,35.400000000000006,371,371,1,At Risk
14577.0,2011-11-27 12:47:00,2010-12-12 11:26:00,4,859.71,362,12,0,Loyal Customers
14578.0,2011-12-06 17:18:00,2011-12-06 17:18:00,1,168.63,2,2,0,Potential Loyalist
14581.0,2011-11-23 12:39:00,2011-11-23 12:39:00,1,138.6,16,16,0,Potential Loyalist
14582.0,2011-10-30 11:56:00,2011-10-30 11:56:00,1,114.11,40,40,0,Others
14583.0,2011-12-04 12:32:00,2011-05-18 11:28:00,5,1052.55,205,5,0,Loyal Customers
14584.0,2011-06-23 18:33:00,2011-05-25 17:31:00,4,1042.26,197,168,1,At Risk
14585.0,2011-10-20 14:33:00,2011-10-20 14:33:00,1,157.05,49,49,0,Others
14586.0,2011-03-08 10:04:00,2011-03-08 10:04:00,1,237.35999999999999,276,276,1,At Risk
14587.0,2011-11-21 11:34:00,2011-01-12 13:16:00,9,1601.14,330,18,0,Loyal Customers
14589.0,2010-12-03 11:42:00,2010-12-03 11:42:00,1,39.75,371,371,1,At Risk
14591.0,2011-11-24 13:57:00,2011-05-10 14:09:00,4,1447.14,212,14,0,Loyal Customers
14592.0,2011-11-04 16:35:00,2011-10-06 18:08:00,3,570.46,63,34,0,Others
14593.0,2011-11-18 12:48:00,2011-05-25 11:14:00,3,617.99,198,21,0,Potential Loyalist
14594.0,2011-12-02 13:28:00,2010-12-01 13:54:00,2,379.83,372,6,0,Potential Loyalist
14595.0,2011-11-20 12:12:00,2011-01-30 13:36:00,6,1740.6000000000001,312,19,0,Loyal Customers
14597.0,2011-11-28 13:13:00,2011-06-01 12:33:00,2,883.15,191,10,0,Potential Loyalist
14598.0,2011-10-26 13:19:00,2011-10-26 13:19:00,1,221.97,43,43,0,Others
14600.0,2011-02-07 09:48:00,2011-02-07 09:48:00,1,393.33000000000004,305,305,1,At Risk
14601.0,2011-11-29 09:48:00,2011-11-29 09:48:00,1,213.96,10,10,0,Potential Loyalist
14603.0,2011-03-10 10:27:00,2011-03-10 10:27:00,1,660.0,274,274,1,At Risk
14606.0,2011-12-08 19:28:00,2010-12-01 16:57:00,93,12156.65,372,0,0,Champions
14607.0,2011-11-24 10:35:00,2011-03-23 15:22:00,14,16569.5,260,15,0,Loyal Customers
14608.0,2011-12-05 16:52:00,2010-12-12 14:49:00,4,1785.15,361,3,0,Loyal Customers
14609.0,2011-09-28 12:54:00,2011-02-16 12:10:00,4,601.56,296,71,0,Others
14616.0,2011-04-11 09:54:00,2011-01-26 12:42:00,3,406.08000000000004,317,242,1,At Risk
14618.0,2011-11-30 13:45:00,2011-01-06 11:59:00,3,553.44,337,8,0,Potential Loyalist
14619.0,2011-04-08 07:37:00,2011-04-08 07:37:00,1,394.44,245,245,1,At Risk
14620.0,2011-05-18 11:58:00,2011-03-01 08:30:00,2,412.78000000000003,283,205,1,At Risk
14621.0,2011-12-08 16:22:00,2010-12-16 13:00:00,5,1788.3600000000001,357,0,0,Loyal Customers
14622.0,2011-06-08 12:42:00,2011-06-08 12:42:00,1,320.58000000000004,184,184,1,At Risk
14623.0,2011-11-07 13:56:00,2011-04-18 13:54:00,5,889.25,234,31,0,Loyal Customers
14624.0,2011-10-13 13:44:00,2011-10-11 14:39:00,2,225.85,58,56,0,Others
14625.0,2011-05-27 15:32:00,2010-12-13 15:36:00,2,899.63,360,195,1,At Risk
14626.0,2011-11-16 10:37:00,2011-04-20 13:18:00,4,2791.27,232,23,0,Loyal Customers
14628.0,2011-09-09 14:58:00,2011-04-11 14:43:00,2,671.96,241,90,0,At Risk
14629.0,2011-12-05 16:55:00,2011-10-23 16:13:00,2,959.01,46,3,0,Potential Loyalist
14631.0,2011-10-20 11:17:00,2011-02-14 09:31:00,3,1006.98,298,50,0,Others
14632.0,2011-03-22 08:49:00,2011-03-22 08:49:00,1,114.56,262,262,1,At Risk
14633.0,2011-03-18 17:07:00,2011-03-18 17:07:00,1,344.90000000000003,265,265,1,At Risk
14636.0,2011-11-03 16:12:00,2011-03-16 09:52:00,2,609.85,268,35,0,Others
14638.0,2011-10-20 10:10:00,2011-10-20 10:10:00,1,443.6,50,50,0,Others
14639.0,2011-10-18 15:06:00,2010-12-13 13:50:00,6,2984.4900000000002,360,51,0,Others
14640.0,2011-11-15 13:07:00,2011-04-26 12:31:00,6,2125.08,227,23,0,Loyal Customers
14641.0,2011-11-18 10:42:00,2011-11-18 10:42:00,1,110.46000000000001,21,21,0,Potential Loyalist
14642.0,2011-10-12 11:08:00,2011-10-12 11:08:00,1,96.12,58,58,0,Others
14643.0,2011-06-22 14:41:00,2010-12-16 17:53:00,2,693.8100000000001,357,169,1,At Risk
14644.0,2011-10-03 08:30:00,2011-02-14 14:14:00,2,830.76,297,67,0,Others
14645.0,2011-07-06 09:15:00,2011-03-09 09:52:00,2,597.09,275,156,1,At Risk
14646.0,2011-12-08 12:12:00,2010-12-20 10:09:00,73,280206.02,354,1,0,Champions
14647.0,2011-05-22 13:40:00,2011-05-22 13:40:00,1,243.22,200,200,1,At Risk
14649.0,2011-12-05 12:30:00,2011-05-11 14:37:00,4,1417.29,211,4,0,Loyal Customers
14651.0,2011-10-03 15:52:00,2011-05-12 16:29:00,2,654.6,210,66,0,Others
14652.0,2011-09-23 14:21:00,2011-09-23 14:21:00,1,114.18,76,76,0,At Risk
14653.0,2011-12-08 13:45:00,2011-01-05 13:40:00,7,1947.55,337,0,0,Loyal Customers
14655.0,2011-12-01 16:28:00,2011-05-01 14:59:00,4,1932.23,221,7,0,Loyal Customers
14656.0,2011-06-23 13:51:00,2011-03-01 13:19:00,2,291.05,282,168,1,At Risk
14657.0,2011-11-22 12:47:00,2011-01-17 15:19:00,4,848.22,325,17,0,Loyal Customers
14658.0,2011-12-04 15:35:00,2011-08-14 15:42:00,2,247.15,116,4,0,Potential Loyalist
14659.0,2011-12-01 12:17:00,2011-01-28 12:43:00,9,2529.93,315,8,0,Champions
14660.0,2011-09-14 11:34:00,2011-08-31 10:40:00,2,285.74,100,86,0,At Risk
14661.0,2011-11-13 11:51:00,2011-11-13 11:51:00,1,107.95,26,26,0,Potential Loyalist
14662.0,2011-11-11 12:13:00,2011-01-27 17:41:00,4,771.17,315,28,0,Loyal Customers
14664.0,2011-11-20 10:59:00,2011-11-06 14:56:00,2,637.89,32,19,0,Potential Loyalist
14665.0,2011-10-10 09:14:00,2011-02-02 09:08:00,5,1835.7,310,60,0,Others
14666.0,2011-11-15 12:57:00,2011-11-15 12:57:00,1,195.25,23,23,0,Potential Loyalist
14667.0,2011-11-29 11:30:00,2010-12-06 13:13:00,25,9241.2,367,10,0,Champions
14669.0,2011-04-12 11:43:00,2011-01-11 12:30:00,3,1269.99,332,241,1,At Risk
14670.0,2011-03-04 14:13:00,2011-03-04 13:58:00,2,411.53,279,279,1,At Risk
14672.0,2011-04-19 10:19:00,2011-01-07 15:48:00,2,765.5500000000001,335,234,1,At Risk
14673.0,2011-12-06 14:31:00,2010-12-07 12:49:00,5,1736.4,367,2,0,Loyal Customers
14675.0,2011-11-23 12:58:00,2011-11-23 12:58:00,1,604.75,15,15,0,Potential Loyalist
14676.0,2011-11-08 13:29:00,2011-03-01 14:26:00,6,2548.2400000000002,282,30,0,Loyal Customers
14680.0,2011-11-14 16:59:00,2010-12-03 12:05:00,16,28754.11,371,24,0,Loyal Customers
14681.0,2011-09-29 15:52:00,2011-05-12 10:45:00,3,498.95,211,70,0,Others
14682.0,2011-06-05 12:12:00,2011-05-22 12:51:00,2,52.0,200,187,1,At Risk
14684.0,2011-11-14 11:33:00,2010-12-12 12:44:00,5,1236.28,362,25,0,Loyal Customers
14687.0,2011-08-25 11:59:00,2011-08-25 11:59:00,1,628.38,106,106,1,At Risk
14688.0,2011-12-02 12:26:00,2010-12-01 09:37:00,21,5630.87,373,7,0,Champions
14689.0,2011-05-15 11:22:00,2011-05-15 11:22:00,1,112.80000000000001,208,208,1,At Risk
14690.0,2011-10-26 15:39:00,2011-07-11 11:58:00,2,371.7,151,43,0,Others
14691.0,2011-11-09 12:30:00,2011-05-11 09:55:00,5,2114.33,212,30,0,Loyal Customers
14692.0,2011-07-25 15:08:00,2011-01-21 13:47:00,4,591.55,321,136,1,At Risk
14693.0,2011-03-20 12:50:00,2011-03-20 12:50:00,1,172.9,264,264,1,At Risk
14696.0,2011-12-05 13:43:00,2010-12-01 15:37:00,7,2078.95,372,3,0,Champions
14697.0,2011-05-05 15:39:00,2011-05-05 15:29:00,2,188.61,217,217,1,At Risk
14698.0,2011-12-08 12:26:00,2011-10-19 12:54:00,5,1250.76,50,1,0,Loyal Customers
14699.0,2011-05-09 14:54:00,2011-05-09 14:54:00,1,109.13000000000001,213,213,1,At Risk
14700.0,2011-11-07 14:40:00,2011-04-15 13:16:00,3,2235.3,237,31,0,Potential Loyalist
14701.0,2011-11-29 12:38:00,2011-01-27 12:40:00,9,2549.37,316,10,0,Champions
14702.0,2011-12-08 19:29:00,2010-12-09 19:23:00,17,3292.14,364,0,0,Champions
14703.0,2011-11-25 09:23:00,2011-11-25 09:23:00,1,318.17,14,14,0,Potential Loyalist
14704.0,2011-11-28 12:51:00,2011-06-12 13:59:00,9,1546.91,179,10,0,Loyal Customers
14705.0,2011-05-25 12:39:00,2011-05-25 12:39:00,1,179.0,198,198,1,At Risk
14708.0,2011-12-07 08:21:00,2010-12-06 12:23:00,3,1126.3700000000001,368,2,0,Potential Loyalist
14709.0,2011-11-24 15:41:00,2010-12-16 13:43:00,13,4921.04,357,14,0,Loyal Customers
14710.0,2011-11-25 14:53:00,2011-10-11 13:49:00,4,606.13,58,13,0,Loyal Customers
14711.0,2011-11-29 14:58:00,2011-03-22 13:32:00,11,2868.8,261,9,0,Champions
14712.0,2011-11-10 12:59:00,2011-08-19 13:33:00,3,917.07,111,28,0,Potential Loyalist
14713.0,2011-11-30 16:26:00,2010-12-09 18:58:00,11,2666.36,364,8,0,Champions
14714.0,2011-11-15 13:07:00,2011-11-15 13:07:00,1,160.19,23,23,0,Potential Loyalist
14715.0,2011-11-15 12:10:00,2011-01-12 13:27:00,4,867.38,330,24,0,Loyal Customers
14716.0,2011-10-27 17:29:00,2011-07-14 12:42:00,2,329.68,148,42,0,Others
14719.0,2011-12-08 12:43:00,2011-04-04 14:17:00,5,1602.13,248,1,0,Loyal Customers
14720.0,2011-12-04 12:02:00,2011-08-05 12:06:00,3,663.81,126,5,0,Potential Loyalist
14722.0,2011-07-15 14:58:00,2011-07-15 14:58:00,1,187.92,146,146,1,At Risk
14723.0,2011-11-29 15:23:00,2010-12-03 14:18:00,6,1158.3,370,9,0,Loyal Customers
14725.0,2011-11-15 12:42:00,2011-11-15 12:42:00,1,718.08,24,24,0,Potential Loyalist
14727.0,2011-03-10 14:45:00,2011-03-10 14:45:00,1,268.58,273,273,1,At Risk
14729.0,2010-12-01 12:43:00,2010-12-01 12:43:00,1,313.49,373,373,1,At Risk
14730.0,2011-12-08 14:39:00,2011-03-08 12:49:00,8,2005.06,276,0,0,Loyal Customers
14731.0,2011-10-23 15:54:00,2011-05-11 13:06:00,3,380.02,211,46,0,Others
14732.0,2011-12-01 14:34:00,2011-01-04 14:40:00,8,2702.4900000000002,338,7,0,Champions
14733.0,2011-11-23 15:39:00,2010-12-07 11:30:00,12,9585.91,367,15,0,Loyal Customers
14735.0,2011-12-06 12:09:00,2010-12-16 16:05:00,32,6065.6900000000005,357,3,0,Champions
14737.0,2011-12-06 10:16:00,2010-12-21 13:49:00,3,1164.55,352,3,0,Potential Loyalist
14738.0,2011-10-28 08:56:00,2011-01-27 14:10:00,7,1314.45,315,42,0,Others
14739.0,2011-12-05 16:54:00,2010-12-07 14:58:00,7,3902.28,366,3,0,Champions
14740.0,2011-05-26 18:17:00,2011-03-01 08:35:00,3,1448.21,283,196,1,At Risk
14741.0,2011-11-28 08:48:00,2010-12-02 08:43:00,6,1400.3400000000001,372,11,0,Loyal Customers
14744.0,2011-11-23 12:51:00,2010-12-08 10:21:00,7,1099.98,366,15,0,Loyal Customers
14745.0,2011-08-19 10:05:00,2011-02-27 15:25:00,5,1220.26,284,112,1,At Risk
14747.0,2011-04-04 14:09:00,2011-04-04 14:09:00,1,328.2,248,248,1,At Risk
14748.0,2011-11-10 18:33:00,2010-12-06 10:19:00,5,1415.75,368,28,0,Loyal Customers
14752.0,2011-10-27 11:55:00,2011-10-27 11:55:00,1,389.64000000000004,43,43,0,Others
14753.0,2011-09-13 14:50:00,2011-09-13 14:50:00,1,563.15,86,86,0,At Risk
14754.0,2011-10-26 12:01:00,2011-02-17 12:21:00,2,638.05,295,44,0,Others
14755.0,2011-11-30 11:24:00,2011-01-09 14:02:00,11,5010.28,333,9,0,Champions
14756.0,2011-11-24 18:13:00,2011-11-24 18:13:00,1,738.96,14,14,0,Potential Loyalist
14757.0,2011-09-25 14:36:00,2011-09-25 14:36:00,1,420.5,74,74,0,At Risk
14758.0,2011-07-18 08:21:00,2011-03-25 12:10:00,4,1484.06,259,144,1,At Risk
14759.0,2011-12-05 12:03:00,2011-04-21 10:55:00,3,1625.97,232,4,0,Potential Loyalist
14760.0,2011-02-15 16:27:00,2011-02-15 16:27:00,1,89.2,296,296,1,At Risk
14761.0,2011-10-12 12:10:00,2011-01-09 12:03:00,2,255.9,334,58,0,Others
14762.0,2011-03-21 08:20:00,2011-03-21 08:20:00,1,300.52,263,263,1,At Risk
14764.0,2011-10-24 11:54:00,2011-10-24 11:54:00,1,278.3,46,46,0,Others
14765.0,2011-11-10 19:53:00,2011-06-16 19:49:00,3,254.11,175,28,0,Potential Loyalist
14766.0,2011-12-01 16:05:00,2010-12-08 15:33:00,6,2473.37,365,7,0,Champions
14768.0,2011-11-22 12:54:00,2011-08-04 13:25:00,2,192.60000000000002,126,16,0,Potential Loyalist
14769.0,2011-12-07 10:24:00,2010-12-17 11:40:00,8,10674.75,357,2,0,Champions
14770.0,2011-04-21 14:21:00,2011-01-20 15:00:00,2,876.4200000000001,322,231,1,At Risk
14772.0,2011-08-19 15:04:00,2011-08-19 15:04:00,1,139.26,111,111,1,At Risk
14775.0,2011-10-12 15:27:00,2010-12-02 16:38:00,3,1011.9,371,57,0,Others
14776.0,2011-10-19 15:34:00,2011-01-31 13:17:00,11,2538.2999999999997,311,50,0,Others
14778.0,2011-08-04 15:23:00,2011-02-04 11:43:00,2,730.86,308,126,1,At Risk
14779.0,2011-03-04 12:42:00,2011-01-20 12:04:00,3,386.15,323,280,1,At Risk
14780.0,2011-10-16 12:46:00,2011-09-21 15:15:00,2,447.68,78,54,0,Others
14782.0,2011-01-24 11:12:00,2011-01-24 11:12:00,1,200.10000000000002,319,319,1,At Risk
14784.0,2011-11-13 13:30:00,2011-01-20 09:25:00,2,289.99,323,25,0,Potential Loyalist
14785.0,2011-11-29 13:21:00,2011-11-24 13:40:00,2,77.4,14,9,0,Potential Loyalist
14788.0,2011-12-02 17:06:00,2011-11-13 15:52:00,2,679.44,25,6,0,Potential Loyalist
14789.0,2011-11-11 08:59:00,2011-11-11 08:59:00,1,197.64,28,28,0,Potential Loyalist
14790.0,2011-11-23 09:28:00,2011-03-31 11:49:00,4,745.06,253,16,0,Loyal Customers
14792.0,2011-10-07 09:19:00,2011-10-07 09:19:00,1,6.2,63,63,0,Others
14793.0,2011-11-18 14:50:00,2011-11-18 14:50:00,1,228.99,20,20,0,Potential Loyalist
14794.0,2011-12-07 10:11:00,2011-01-09 16:11:00,7,1319.91,333,2,0,Loyal Customers
14795.0,2011-06-26 13:04:00,2011-06-26 13:04:00,1,131.45000000000002,165,165,1,At Risk
14796.0,2011-12-08 15:31:00,2010-12-08 10:40:00,17,8022.49,366,0,0,Champions
14798.0,2011-10-18 10:58:00,2011-02-02 15:26:00,3,173.74,309,52,0,Others
14799.0,2011-10-19 16:16:00,2011-10-19 16:16:00,1,157.7,50,50,0,Others
14800.0,2011-10-23 12:46:00,2010-12-05 11:10:00,12,4339.74,369,47,0,Others
14801.0,2011-10-09 15:24:00,2011-10-09 15:24:00,1,193.14,60,60,0,Others
14803.0,2011-06-30 13:58:00,2011-02-20 13:21:00,3,845.5500000000001,291,161,1,At Risk
14804.0,2011-12-01 11:20:00,2011-12-01 11:20:00,1,353.27,8,8,0,Potential Loyalist
14805.0,2011-11-24 16:20:00,2011-01-30 10:43:00,4,554.65,313,14,0,Loyal Customers
14806.0,2011-09-25 15:32:00,2011-09-25 15:32:00,1,193.39000000000001,74,74,0,At Risk
14808.0,2011-10-31 12:21:00,2011-06-20 12:53:00,8,2741.17,171,39,0,Others
14810.0,2011-10-30 11:19:00,2010-12-05 12:08:00,11,2087.88,369,40,0,Others
14813.0,2010-12-05 11:57:00,2010-12-05 11:54:00,2,155.43,369,369,1,At Risk
14815.0,2011-11-03 11:36:00,2011-10-03 11:36:00,2,778.5,67,36,0,Others
14816.0,2011-05-26 13:16:00,2011-05-26 13:16:00,1,271.85,196,196,1,At Risk
14817.0,2011-05-23 13:35:00,2011-03-07 13:51:00,2,1110.34,276,199,1,At Risk
14818.0,2011-09-27 11:01:00,2011-03-31 12:28:00,3,657.8,253,73,0,At Risk
14819.0,2011-10-06 13:41:00,2011-05-31 13:50:00,2,272.07,191,63,0,Others
14820.0,2011-11-18 15:41:00,2011-06-19 14:56:00,4,507.29,172,20,0,Loyal Customers
14821.0,2010-12-08 08:43:00,2010-12-08 08:43:00,1,48.800000000000004,366,366,1,At Risk
14823.0,2011-06-12 13:12:00,2011-05-29 12:48:00,3,321.43,194,179,1,At Risk
14824.0,2011-11-29 14:20:00,2011-09-09 14:12:00,4,1127.71,90,9,0,Loyal Customers
14825.0,2011-12-06 11:38:00,2010-12-06 12:30:00,12,2226.9100000000003,368,3,0,Champions
14828.0,2011-05-27 10:16:00,2011-01-07 09:50:00,3,2139.76,336,196,1,At Risk
14829.0,2011-11-10 16:16:00,2010-12-02 16:12:00,4,697.55,371,28,0,Loyal Customers
14830.0,2011-10-17 14:29:00,2011-10-17 14:29:00,1,197.13,52,52,0,Others
14834.0,2011-11-22 10:30:00,2011-04-13 15:00:00,6,1720.3,239,17,0,Loyal Customers
14836.0,2011-11-29 16:45:00,2011-11-09 13:26:00,3,102.45,29,9,0,Potential Loyalist
14837.0,2011-09-11 10:58:00,2011-05-22 12:49:00,4,1649.5,201,89,0,At Risk
14840.0,2011-03-17 12:00:00,2011-03-17 12:00:00,1,62.85,267,267,1,At Risk
14841.0,2011-10-17 15:03:00,2010-12-16 10:28:00,6,3295.76,358,52,0,Others
14842.0,2011-10-27 12:37:00,2011-02-04 15:32:00,4,2824.69,307,43,0,Others
14844.0,2011-10-07 10:41:00,2011-04-12 13:10:00,4,3189.81,240,63,0,Others
14847.0,2011-07-14 10:52:00,2011-07-14 10:52:00,1,309.40000000000003,148,148,1,At Risk
14849.0,2011-11-18 10:58:00,2010-12-01 12:22:00,25,7930.54,373,21,0,Loyal Customers
14850.0,2011-02-01 11:21:00,2011-02-01 11:21:00,1,325.75,311,311,1,At Risk
14851.0,2011-11-16 14:20:00,2011-03-28 14:59:00,2,511.35,255,22,0,Potential Loyalist
14852.0,2011-10-12 13:20:00,2011-04-01 13:22:00,6,2836.69,251,57,0,Others
14853.0,2011-11-15 16:56:00,2011-05-12 15:17:00,2,475.8,210,23,0,Potential Loyalist
14854.0,2011-09-22 17:00:00,2011-03-10 12:22:00,7,2759.83,274,77,0,At Risk
14855.0,2011-08-12 14:02:00,2011-07-28 12:06:00,2,645.65,134,118,1,At Risk
14856.0,2011-11-03 14:53:00,2011-10-14 09:35:00,3,1311.38,56,35,0,Others
14857.0,2011-10-11 09:23:00,2011-07-14 15:03:00,2,1173.1200000000001,147,59,0,Others
14859.0,2011-11-27 11:18:00,2011-05-19 14:42:00,4,1353.74,203,12,0,Loyal Customers
14860.0,2011-11-20 14:17:00,2011-11-20 14:17:00,1,170.32,18,18,0,Potential Loyalist
14861.0,2011-10-18 12:54:00,2011-10-18 12:54:00,1,125.79,51,51,0,Others
14862.0,2011-11-14 10:01:00,2011-07-14 11:20:00,2,841.2,148,25,0,Potential Loyalist
14863.0,2011-11-10 15:04:00,2011-11-10 15:04:00,1,266.76,28,28,0,Potential Loyalist
14865.0,2011-12-02 16:25:00,2010-12-02 18:23:00,2,52.2,371,6,0,Potential Loyalist
14866.0,2011-11-29 11:45:00,2010-12-08 14:58:00,12,14389.9,365,10,0,Champions
14867.0,2011-06-07 11:39:00,2011-01-07 16:34:00,3,710.28,335,185,1,At Risk
14868.0,2011-12-06 14:49:00,2011-04-20 13:36:00,8,2953.59,232,2,0,Champions
14869.0,2011-12-01 12:36:00,2011-08-28 16:09:00,2,725.7,102,8,0,Potential Loyalist
14870.0,2011-03-23 10:51:00,2011-03-23 10:51:00,1,327.25,261,261,1,At Risk
14871.0,2011-12-06 13:42:00,2010-12-14 12:18:00,4,522.38,360,2,0,Loyal Customers
14873.0,2011-05-13 13:52:00,2011-05-13 13:52:00,1,519.68,209,209,1,At Risk
14875.0,2011-08-24 12:20:00,2011-03-22 11:53:00,2,1465.32,262,107,1,At Risk
14878.0,2011-11-27 11:15:00,2010-12-16 12:11:00,9,1485.54,358,12,0,Loyal Customers
14880.0,2011-09-23 13:42:00,2011-02-24 12:27:00,3,706.19,288,76,0,At Risk
14881.0,2011-11-20 11:06:00,2011-11-20 11:06:00,1,255.4,19,19,0,Potential Loyalist
14882.0,2011-11-13 12:47:00,2011-11-06 10:15:00,2,589.7,33,26,0,Potential Loyalist
14883.0,2011-11-21 10:23:00,2011-05-12 09:49:00,6,761.59,211,18,0,Loyal Customers
14885.0,2011-07-31 12:05:00,2011-07-31 12:05:00,1,765.3199999999999,131,131,1,At Risk
14886.0,2011-04-01 08:56:00,2011-04-01 08:56:00,1,364.8,252,252,1,At Risk
14887.0,2011-09-21 15:32:00,2011-09-21 15:32:00,1,1862.0,78,78,0,At Risk
14888.0,2011-05-16 14:58:00,2011-05-16 14:58:00,1,369.2,206,206,1,At Risk
14889.0,2011-01-07 15:19:00,2011-01-07 15:19:00,1,135.9,335,335,1,At Risk
14890.0,2011-03-31 11:57:00,2011-03-31 11:57:00,1,125.65,253,253,1,At Risk
14891.0,2011-07-14 18:08:00,2011-06-05 10:58:00,2,554.38,187,147,1,At Risk
14893.0,2011-11-30 12:31:00,2011-11-28 10:49:00,2,1237.8500000000001,11,9,0,Potential Loyalist
14894.0,2011-09-15 13:51:00,2011-09-15 13:51:00,1,655.75,84,84,0,At Risk
14895.0,2011-12-02 09:23:00,2011-02-22 13:08:00,20,11138.710000000001,289,7,0,Champions
14896.0,2011-05-19 10:20:00,2010-12-09 12:24:00,2,468.77000000000004,365,204,1,At Risk
14897.0,2011-12-02 10:32:00,2011-02-16 08:37:00,4,1366.38,296,7,0,Loyal Customers
14898.0,2011-11-16 14:54:00,2010-12-03 15:25:00,6,1303.52,370,22,0,Loyal Customers
14901.0,2011-11-28 17:09:00,2010-12-02 11:20:00,9,1421.29,372,10,0,Loyal Customers
14902.0,2011-11-14 10:34:00,2011-11-14 10:34:00,1,332.66,25,25,0,Potential Loyalist
14903.0,2011-11-18 16:07:00,2011-03-06 11:50:00,5,2810.63,278,20,0,Loyal Customers
14904.0,2011-12-07 12:55:00,2011-11-14 09:13:00,2,1025.44,25,1,0,Potential Loyalist
14905.0,2011-07-05 12:41:00,2011-04-20 10:48:00,2,616.15,233,157,1,At Risk
14907.0,2011-12-06 14:14:00,2010-12-07 10:14:00,7,3501.1,367,2,0,Champions
14908.0,2011-09-26 12:56:00,2011-09-26 12:56:00,1,277.8,73,73,0,At Risk
14910.0,2011-12-07 10:06:00,2011-10-16 11:06:00,4,434.35,54,2,0,Loyal Customers
14911.0,2011-12-08 15:54:00,2010-12-01 14:05:00,201,143825.06,372,0,0,Champions
14912.0,2011-11-23 09:20:00,2011-04-07 11:06:00,2,867.85,246,16,0,Potential Loyalist
14913.0,2011-11-04 08:29:00,2010-12-15 14:35:00,4,1227.43,358,35,0,Others
14915.0,2011-09-09 13:34:00,2011-03-07 09:39:00,2,307.48,277,90,0,At Risk
14916.0,2011-09-30 09:20:00,2011-01-19 15:30:00,4,1268.98,323,70,0,Others
14918.0,2011-08-16 11:50:00,2011-07-08 12:50:00,2,1610.15,154,115,1,At Risk
14920.0,2011-05-11 10:32:00,2011-05-11 10:31:00,2,977.77,212,212,1,At Risk
14921.0,2011-11-09 13:17:00,2011-05-22 12:51:00,2,1316.07,200,29,0,Potential Loyalist
14923.0,2011-10-20 11:51:00,2011-10-20 11:51:00,1,749.1,50,50,0,Others
14924.0,2011-04-08 09:25:00,2011-04-08 09:25:00,1,310.05,245,245,1,At Risk
14929.0,2011-11-07 17:21:00,2011-11-07 17:21:00,1,223.88,31,31,0,Potential Loyalist
14930.0,2011-08-23 10:31:00,2011-03-10 14:42:00,3,2372.86,273,108,1,At Risk
14931.0,2011-12-05 10:19:00,2011-04-13 09:32:00,5,1257.68,240,4,0,Loyal Customers
14932.0,2010-12-09 11:48:00,2010-12-09 11:48:00,1,363.53,365,365,1,At Risk
14934.0,2011-09-19 10:10:00,2011-03-02 11:48:00,2,1890.94,282,81,0,At Risk
14935.0,2011-02-15 14:44:00,2011-02-15 14:44:00,1,1784.71,296,296,1,At Risk
14936.0,2011-11-06 10:30:00,2011-03-09 11:53:00,8,8137.02,275,33,0,Others
14937.0,2011-10-14 12:29:00,2011-08-01 14:16:00,3,1621.88,129,56,0,Others
14944.0,2011-11-10 09:10:00,2011-02-16 12:47:00,12,5900.25,296,29,0,Loyal Customers
14946.0,2011-11-25 13:33:00,2011-11-25 13:33:00,1,100.9,13,13,0,Potential Loyalist
14947.0,2011-09-28 15:48:00,2011-08-01 09:31:00,2,290.82,130,71,0,Others
14948.0,2011-11-16 17:16:00,2011-05-04 14:52:00,6,1101.97,218,22,0,Loyal Customers
14950.0,2011-11-20 13:48:00,2011-11-20 13:48:00,1,371.2,18,18,0,Potential Loyalist
14951.0,2011-09-21 15:15:00,2011-09-21 15:15:00,1,311.69,78,78,0,At Risk
14952.0,2011-10-11 10:33:00,2010-12-10 12:48:00,11,8099.49,364,59,0,Others
14953.0,2011-11-14 14:59:00,2011-11-14 14:59:00,1,289.82,24,24,0,Potential Loyalist
14954.0,2011-11-27 14:30:00,2011-11-27 14:30:00,1,336.17,11,11,0,Potential Loyalist
14957.0,2011-03-31 17:59:00,2011-03-31 17:59:00,1,58.49,252,252,1,At Risk
14958.0,2011-07-15 14:20:00,2011-04-08 11:28:00,3,499.68,245,146,1,At Risk
14959.0,2011-10-06 18:23:00,2011-02-16 13:00:00,4,695.42,295,63,0,Others
14960.0,2011-12-01 12:54:00,2011-06-21 13:38:00,2,221.27,170,7,0,Potential Loyalist
14961.0,2011-11-29 09:42:00,2010-12-14 11:38:00,9,7044.68,360,10,0,Champions
14962.0,2011-03-14 09:42:00,2011-03-14 09:42:00,1,126.7,270,270,1,At Risk
14963.0,2011-11-30 12:16:00,2011-06-09 12:30:00,5,1487.8,183,9,0,Loyal Customers
14964.0,2011-04-06 14:13:00,2011-04-06 14:13:00,1,206.21,246,246,1,At Risk
14965.0,2011-09-04 13:20:00,2011-09-04 13:15:00,2,599.0,95,95,1,At Risk
14966.0,2011-11-25 12:20:00,2011-11-25 12:20:00,1,191.32,14,14,0,Potential Loyalist
14967.0,2011-10-21 11:06:00,2011-10-21 11:06:00,1,463.8,49,49,0,Others
14968.0,2011-11-09 13:58:00,2011-11-09 13:58:00,1,147.59,29,29,0,Potential Loyalist
14970.0,2011-10-02 13:44:00,2011-01-27 12:23:00,4,1592.06,316,67,0,Others
14971.0,2011-11-04 17:07:00,2011-10-27 13:33:00,3,1116.57,42,34,0,Others
14972.0,2011-08-03 14:54:00,2011-08-03 14:54:00,1,114.77,127,127,1,At Risk
14973.0,2011-08-24 15:51:00,2011-04-28 12:22:00,3,1314.45,225,106,1,At Risk
14974.0,2011-11-02 13:01:00,2011-11-02 13:01:00,1,114.39,36,36,0,Others
14975.0,2011-10-13 14:08:00,2011-10-13 14:08:00,1,279.94,56,56,0,Others
14976.0,2011-10-13 16:37:00,2011-01-17 11:09:00,7,790.86,326,56,0,Others
14978.0,2011-09-28 13:07:00,2011-01-13 12:03:00,5,1931.42,330,71,0,Others
14981.0,2011-04-07 13:45:00,2011-04-07 13:45:00,1,102.12,245,245,1,At Risk
14984.0,2011-11-20 14:28:00,2011-06-12 11:04:00,2,213.27,180,18,0,Potential Loyalist
14985.0,2011-05-25 14:29:00,2010-12-16 19:51:00,2,296.75,357,197,1,At Risk
14987.0,2011-11-24 09:59:00,2010-12-09 12:13:00,2,326.4,365,15,0,Potential Loyalist
14988.0,2011-05-12 12:05:00,2011-05-12 12:05:00,1,334.54,211,211,1,At Risk
14995.0,2011-11-01 11:39:00,2011-03-04 13:14:00,2,233.23000000000002,279,38,0,Others
14997.0,2011-10-24 13:28:00,2011-06-14 16:52:00,3,546.1999999999999,177,45,0,Others
14998.0,2011-06-22 17:30:00,2011-04-12 16:28:00,2,429.87,240,169,1,At Risk
15000.0,2011-10-23 11:42:00,2011-10-23 11:42:00,1,490.52,47,47,0,Others
15002.0,2011-08-16 10:44:00,2010-12-07 13:16:00,4,1641.76,366,115,1,At Risk
15004.0,2011-07-15 14:05:00,2011-07-15 14:05:00,1,1246.32,146,146,1,At Risk
15005.0,2011-11-24 12:25:00,2010-12-08 14:36:00,28,6316.57,365,15,0,Loyal Customers
15006.0,2011-10-19 15:08:00,2011-10-19 15:08:00,1,502.09,50,50,0,Others
15007.0,2011-07-03 16:00:00,2011-07-03 16:00:00,1,156.91,158,158,1,At Risk
15009.0,2011-11-27 13:35:00,2011-11-14 17:40:00,3,1261.78,24,11,0,Potential Loyalist
15010.0,2011-11-04 12:42:00,2011-11-04 12:42:00,1,308.94,35,35,0,Others
15012.0,2011-10-17 12:22:00,2010-12-01 12:49:00,2,423.04,373,53,0,Others
15014.0,2011-10-27 20:07:00,2011-06-16 19:40:00,2,260.17,175,42,0,Others
15016.0,2011-06-20 12:06:00,2011-06-20 12:06:00,1,170.04,172,172,1,At Risk
15017.0,2011-11-06 10:33:00,2011-11-06 10:33:00,1,125.58,33,33,0,Others
15018.0,2011-11-01 12:47:00,2010-12-07 10:47:00,3,496.21,367,38,0,Others
15019.0,2011-03-18 12:35:00,2011-03-18 12:35:00,1,266.0,266,266,1,At Risk
15021.0,2011-12-01 11:53:00,2010-12-08 12:17:00,9,1914.82,366,8,0,Loyal Customers
15022.0,2011-11-28 12:35:00,2011-10-23 15:47:00,4,905.04,46,11,0,Loyal Customers
15023.0,2011-12-06 17:23:00,2010-12-05 13:49:00,11,6802.76,368,2,0,Champions
15024.0,2011-11-30 12:06:00,2010-12-07 13:20:00,10,1661.33,366,9,0,Loyal Customers
15025.0,2011-11-06 15:20:00,2011-11-06 15:20:00,1,377.01,32,32,0,Potential Loyalist
15026.0,2011-09-20 13:52:00,2011-03-07 13:45:00,3,469.0,276,79,0,At Risk
15027.0,2011-11-09 10:16:00,2011-04-15 14:14:00,4,1066.15,237,30,0,Loyal Customers
15028.0,2011-12-01 14:06:00,2010-12-06 12:47:00,4,627.13,368,7,0,Loyal Customers
15030.0,2011-09-29 10:50:00,2011-03-16 15:34:00,2,518.28,267,71,0,Others
15031.0,2011-12-05 14:19:00,2011-03-02 14:46:00,4,668.14,281,3,0,Loyal Customers
15032.0,2011-03-28 15:03:00,2010-12-08 12:57:00,3,4959.1,365,255,1,At Risk
15033.0,2011-12-05 12:40:00,2011-01-14 13:28:00,10,2586.67,328,4,0,Champions
15034.0,2011-11-24 12:11:00,2010-12-21 09:47:00,8,4308.61,353,15,0,Loyal Customers
15035.0,2011-09-11 11:08:00,2011-09-11 11:08:00,1,252.73000000000002,89,89,0,At Risk
15036.0,2011-09-28 15:42:00,2011-06-13 12:19:00,3,465.55,179,71,0,Others
15038.0,2011-10-12 11:33:00,2010-12-05 10:54:00,6,705.49,369,58,0,Others
15039.0,2011-11-30 11:31:00,2010-12-06 11:26:00,47,19914.44,368,9,0,Champions
15041.0,2011-06-22 16:16:00,2011-06-22 16:16:00,1,180.35,169,169,1,At Risk
15042.0,2011-05-24 16:25:00,2011-05-24 16:25:00,1,135.93,198,198,1,At Risk
15043.0,2011-11-08 14:26:00,2011-11-08 14:26:00,1,537.0,30,30,0,Potential Loyalist
15044.0,2011-11-20 13:20:00,2010-12-12 14:27:00,17,7700.2300000000005,361,18,0,Loyal Customers
15045.0,2011-07-11 11:33:00,2011-03-27 11:44:00,2,735.66,257,151,1,At Risk
15046.0,2011-11-30 15:50:00,2011-01-05 15:30:00,15,5213.7699999999995,337,8,0,Champions
15047.0,2011-03-15 10:49:00,2011-03-15 10:49:00,1,343.62,269,269,1,At Risk
15048.0,2011-10-05 14:55:00,2010-12-06 12:15:00,4,384.05,368,64,0,Others
15049.0,2011-03-11 12:13:00,2011-03-11 12:13:00,1,121.17000000000002,273,273,1,At Risk
15050.0,2011-11-14 16:17:00,2011-09-29 13:22:00,3,1782.09,70,24,0,Potential Loyalist
15051.0,2011-11-16 15:38:00,2011-07-12 15:29:00,3,1391.61,149,22,0,Potential Loyalist
15052.0,2011-01-24 15:52:00,2011-01-24 15:52:00,1,215.78,318,318,1,At Risk
15053.0,2011-12-05 12:08:00,2011-03-03 12:06:00,3,697.79,281,4,0,Potential Loyalist
15054.0,2011-11-27 15:02:00,2011-10-30 14:33:00,2,302.1,39,11,0,Potential Loyalist
15057.0,2011-03-09 15:17:00,2011-01-28 09:09:00,2,1489.5,315,274,1,At Risk
15058.0,2011-11-14 14:57:00,2011-01-31 15:35:00,11,2124.99,311,24,0,Loyal Customers
15059.0,2011-10-30 11:35:00,2011-01-09 11:54:00,9,1337.72,334,40,0,Others
15060.0,2011-12-01 13:47:00,2011-11-30 14:03:00,4,303.09000000000003,8,7,0,Loyal Customers
15061.0,2011-12-06 12:06:00,2010-12-02 15:19:00,48,54534.14,371,3,0,Champions
15062.0,2011-09-29 16:51:00,2010-12-15 15:37:00,4,987.86,358,70,0,Others
15063.0,2011-05-10 13:25:00,2011-05-10 13:25:00,1,370.79999999999995,212,212,1,At Risk
15065.0,2011-11-02 09:45:00,2011-02-21 12:54:00,4,3158.13,290,37,0,Others
15066.0,2011-10-17 13:25:00,2011-10-17 13:25:00,1,893.59,52,52,0,Others
15067.0,2011-09-22 13:20:00,2011-03-02 12:10:00,3,1744.76,282,77,0,At Risk
15068.0,2011-10-24 14:47:00,2011-03-28 14:27:00,2,553.36,255,45,0,Others
15069.0,2011-06-13 14:16:00,2011-06-13 14:16:00,1,1109.53,178,178,1,At Risk
15070.0,2010-12-02 11:23:00,2010-12-02 11:23:00,1,106.2,372,372,1,At Risk
15071.0,2011-09-07 11:43:00,2011-03-09 10:19:00,2,982.07,275,93,1,At Risk
15073.0,2011-11-30 10:44:00,2011-06-06 09:59:00,3,1043.41,186,9,0,Potential Loyalist
15074.0,2011-08-26 14:45:00,2011-08-26 14:45:00,1,748.87,104,104,1,At Risk
15075.0,2011-09-23 12:27:00,2011-09-23 12:27:00,1,773.03,77,77,0,At Risk
15076.0,2011-06-20 08:23:00,2011-06-20 08:23:00,1,880.85,172,172,1,At Risk
15078.0,2011-12-02 15:41:00,2010-12-06 12:38:00,32,9743.11,368,6,0,Champions
15079.0,2011-05-11 12:45:00,2010-12-09 09:25:00,4,895.61,365,212,1,At Risk
15081.0,2011-11-17 17:08:00,2010-12-07 16:20:00,5,504.8,366,21,0,Loyal Customers
15083.0,2011-03-28 12:18:00,2011-03-28 12:18:00,1,88.2,256,256,1,At Risk
15087.0,2011-03-03 10:34:00,2011-03-03 10:34:00,1,306.94,281,281,1,At Risk
15088.0,2011-11-18 13:14:00,2011-10-03 14:05:00,2,1160.07,66,20,0,Potential Loyalist
15089.0,2011-11-29 16:31:00,2011-08-03 14:14:00,6,2420.84,127,9,0,Champions
15090.0,2011-02-04 14:03:00,2011-02-04 14:03:00,1,381.32,307,307,1,At Risk
15091.0,2011-10-03 12:47:00,2011-10-03 12:47:00,1,480.71,67,67,0,Others
15092.0,2011-05-08 14:10:00,2011-03-01 12:24:00,2,457.81,283,214,1,At Risk
15093.0,2011-11-21 13:09:00,2010-12-02 18:25:00,6,4597.02,371,17,0,Loyal Customers
15095.0,2011-08-28 12:01:00,2011-05-20 14:27:00,4,1370.6000000000001,202,103,1,At Risk
15096.0,2011-10-28 10:27:00,2011-10-28 10:27:00,1,219.39000000000001,42,42,0,Others
15097.0,2011-12-05 14:03:00,2011-12-05 14:03:00,1,248.08,3,3,0,Potential Loyalist
15098.0,2011-06-10 15:33:00,2011-06-10 15:22:00,3,39916.5,181,181,1,At Risk
15099.0,2011-09-16 13:13:00,2011-09-16 13:13:00,1,410.48,83,83,0,At Risk
15100.0,2011-01-10 10:35:00,2010-12-01 09:09:00,3,876.0,373,333,1,At Risk
15101.0,2011-12-01 10:18:00,2010-12-15 12:54:00,2,317.53000000000003,358,8,0,Potential Loyalist
15103.0,2011-11-08 14:53:00,2011-09-14 13:54:00,2,703.36,85,30,0,Potential Loyalist
15104.0,2011-05-27 12:29:00,2011-03-02 14:16:00,2,1027.44,281,196,1,At Risk
15105.0,2011-11-21 16:54:00,2011-07-28 10:09:00,7,2298.93,134,17,0,Loyal Customers
15106.0,2011-11-22 09:16:00,2011-03-15 12:52:00,5,1422.52,268,17,0,Loyal Customers
15107.0,2011-02-01 14:46:00,2010-12-02 13:45:00,6,319.5,371,310,1,At Risk
15108.0,2011-07-21 10:24:00,2011-04-26 10:54:00,4,1300.25,227,141,1,At Risk
15109.0,2011-04-08 09:58:00,2011-04-08 09:58:00,1,484.95,245,245,1,At Risk
15110.0,2011-11-16 11:16:00,2011-01-25 11:41:00,4,996.1,318,23,0,Loyal Customers
15111.0,2011-11-10 16:58:00,2010-12-02 11:45:00,3,1567.48,372,28,0,Potential Loyalist
15113.0,2011-11-30 08:23:00,2011-10-16 15:27:00,3,3609.33,53,9,0,Potential Loyalist
15114.0,2011-11-09 15:05:00,2011-02-11 08:45:00,10,2760.56,301,29,0,Loyal Customers
15115.0,2011-11-21 14:59:00,2011-11-21 14:59:00,1,340.11,17,17,0,Potential Loyalist
15116.0,2011-11-22 12:25:00,2011-05-19 08:50:00,4,1352.75,204,17,0,Loyal Customers
15117.0,2011-11-25 08:12:00,2011-05-08 12:38:00,5,1551.78,215,14,0,Loyal Customers
15118.0,2011-07-28 14:54:00,2011-07-28 14:54:00,1,244.8,133,133,1,At Risk
15119.0,2011-04-08 09:08:00,2011-04-08 09:08:00,1,266.4,245,245,1,At Risk
15120.0,2011-07-29 09:48:00,2011-07-29 09:48:00,1,358.82,133,133,1,At Risk
15121.0,2011-10-20 14:51:00,2011-02-24 12:41:00,2,457.72,288,49,0,Others
15122.0,2011-08-17 16:48:00,2011-02-15 09:59:00,3,1633.78,297,113,1,At Risk
15123.0,2011-12-02 13:12:00,2011-05-17 14:57:00,2,2199.31,205,6,0,Potential Loyalist
15124.0,2011-11-17 10:09:00,2011-06-01 09:06:00,2,184.19,191,22,0,Potential Loyalist
15125.0,2011-11-14 13:57:00,2011-03-14 09:59:00,15,11528.48,270,24,0,Loyal Customers
15127.0,2011-10-05 10:30:00,2011-10-05 10:30:00,1,406.53000000000003,65,65,0,Others
15128.0,2011-10-10 13:54:00,2011-05-04 12:32:00,4,1471.0,219,59,0,Others
15129.0,2011-10-20 14:40:00,2011-02-21 09:09:00,11,3447.4,291,49,0,Others
15130.0,2011-06-23 10:15:00,2011-06-23 10:15:00,1,330.11,169,169,1,At Risk
15132.0,2011-11-21 17:10:00,2011-03-22 12:02:00,5,977.9300000000001,262,17,0,Loyal Customers
15133.0,2011-08-04 10:44:00,2011-02-11 10:38:00,3,982.42,301,127,1,At Risk
15134.0,2011-11-25 08:55:00,2011-04-13 11:05:00,8,1387.99,240,14,0,Loyal Customers
15135.0,2011-04-14 19:16:00,2011-04-14 19:16:00,1,139.05,238,238,1,At Risk
15136.0,2011-12-07 12:26:00,2011-09-04 16:05:00,4,1286.7,95,2,0,Loyal Customers
15139.0,2011-04-14 11:39:00,2011-01-07 12:44:00,2,178.96,336,239,1,At Risk
15140.0,2011-10-18 14:07:00,2011-03-20 14:37:00,7,2354.25,263,51,0,Others
15142.0,2011-10-24 12:51:00,2011-10-24 12:51:00,1,498.74,45,45,0,Others
15143.0,2011-04-28 12:03:00,2011-04-28 12:03:00,1,259.45,225,225,1,At Risk
15144.0,2011-12-01 15:12:00,2011-01-31 13:17:00,17,6580.4400000000005,311,7,0,Champions
15145.0,2011-12-05 17:21:00,2011-04-05 15:20:00,4,1194.73,247,3,0,Loyal Customers
15146.0,2011-06-28 12:09:00,2011-02-21 13:07:00,2,1327.16,290,164,1,At Risk
15147.0,2011-04-13 15:57:00,2011-04-13 15:57:00,1,623.5,239,239,1,At Risk
15148.0,2011-11-29 08:21:00,2011-11-29 08:21:00,1,301.29,10,10,0,Potential Loyalist
15149.0,2011-07-29 10:58:00,2011-07-29 10:58:00,1,520.8000000000001,133,133,1,At Risk
15150.0,2011-11-22 12:52:00,2011-03-15 14:21:00,10,5314.47,268,16,0,Loyal Customers
15152.0,2011-11-30 12:32:00,2011-06-05 15:36:00,13,4745.69,186,9,0,Champions
15153.0,2011-11-08 17:09:00,2011-11-08 17:09:00,1,329.25,30,30,0,Potential Loyalist
15154.0,2011-09-25 16:05:00,2011-09-25 16:05:00,1,296.42,74,74,0,At Risk
15156.0,2011-12-08 18:22:00,2011-11-06 12:41:00,3,961.49,33,0,0,Potential Loyalist
15157.0,2011-12-06 11:28:00,2010-12-16 13:44:00,3,1936.07,357,3,0,Potential Loyalist
15158.0,2011-10-25 13:53:00,2011-10-25 13:53:00,1,401.40000000000003,44,44,0,Others
15159.0,2011-12-08 12:05:00,2010-12-13 15:44:00,30,18641.010000000002,360,1,0,Champions
15160.0,2010-12-17 14:15:00,2010-12-17 14:15:00,1,158.16,356,356,1,At Risk
15163.0,2011-11-21 13:10:00,2011-05-31 15:22:00,2,304.47,191,17,0,Potential Loyalist
15164.0,2011-10-02 12:05:00,2011-01-04 14:21:00,3,843.05,338,68,0,Others
15165.0,2010-12-01 14:03:00,2010-12-01 14:03:00,1,487.75,372,372,1,At Risk
15167.0,2011-01-23 12:41:00,2011-01-23 12:41:00,1,163.0,320,320,1,At Risk
15168.0,2011-11-14 11:26:00,2011-11-14 11:26:00,1,106.56,25,25,0,Potential Loyalist
15171.0,2011-01-12 15:36:00,2011-01-12 15:36:00,1,1289.5,330,330,1,At Risk
15172.0,2011-12-01 11:51:00,2011-04-17 11:56:00,5,1624.05,236,8,0,Loyal Customers
15174.0,2011-01-21 09:06:00,2011-01-21 09:06:00,1,135.75,322,322,1,At Risk
15175.0,2011-09-29 11:31:00,2011-09-29 11:31:00,1,224.14,71,71,0,Others
15178.0,2011-03-24 15:12:00,2011-03-24 15:12:00,1,40.5,259,259,1,At Risk
15179.0,2011-11-21 12:53:00,2011-01-24 13:48:00,5,2206.9500000000003,318,17,0,Loyal Customers
15180.0,2010-12-07 14:57:00,2010-12-07 14:57:00,1,87.5,366,366,1,At Risk
15181.0,2011-10-04 13:58:00,2011-03-15 12:03:00,3,689.48,269,65,0,Others
15182.0,2011-07-08 13:37:00,2011-03-16 12:42:00,2,622.85,268,153,1,At Risk
15184.0,2011-11-10 13:41:00,2011-06-02 12:06:00,2,406.76,190,28,0,Potential Loyalist
15185.0,2011-09-30 14:06:00,2011-09-30 14:06:00,1,310.62,69,69,0,Others
15186.0,2011-11-25 14:58:00,2011-06-24 14:54:00,2,411.41,167,13,0,Potential Loyalist
15187.0,2011-12-08 11:56:00,2011-05-11 13:49:00,16,4777.18,211,1,0,Champions
15189.0,2011-12-08 13:22:00,2011-01-11 12:29:00,41,16225.39,332,0,0,Champions
15192.0,2011-08-12 11:41:00,2010-12-09 14:56:00,3,1044.32,364,119,1,At Risk
15193.0,2011-10-10 08:23:00,2011-10-10 08:23:00,1,499.32,60,60,0,Others
15194.0,2011-12-06 15:10:00,2010-12-06 15:00:00,15,7616.53,367,2,0,Champions
15195.0,2011-12-07 12:20:00,2011-12-07 12:20:00,1,3861.0,2,2,0,Potential Loyalist
15197.0,2011-11-29 10:00:00,2010-12-16 18:01:00,3,1079.61,357,10,0,Potential Loyalist
15198.0,2011-09-08 14:42:00,2011-08-07 15:16:00,2,193.64,123,91,1,At Risk
15199.0,2011-10-11 15:12:00,2011-02-04 14:04:00,4,1268.7,307,58,0,Others
15201.0,2011-09-13 14:53:00,2011-04-06 14:02:00,5,1236.54,246,86,0,At Risk
15203.0,2011-11-14 08:16:00,2011-02-01 12:29:00,6,1827.8,311,25,0,Loyal Customers
15204.0,2010-12-17 13:49:00,2010-12-17 13:49:00,1,316.58,356,356,1,At Risk
15205.0,2011-09-15 19:36:00,2011-08-04 16:07:00,2,653.24,126,84,0,At Risk
15206.0,2011-11-29 13:41:00,2011-03-09 08:59:00,4,420.3,275,9,0,Loyal Customers
15208.0,2011-12-08 17:24:00,2010-12-21 13:03:00,5,870.12,352,0,0,Loyal Customers
15210.0,2011-04-28 16:11:00,2011-04-28 16:11:00,1,331.18,224,224,1,At Risk
15211.0,2011-10-10 13:31:00,2010-12-09 16:08:00,2,894.4100000000001,364,59,0,Others
15212.0,2011-04-12 13:45:00,2011-04-12 13:45:00,1,101.8,240,240,1,At Risk
15213.0,2011-01-25 12:21:00,2011-01-14 11:05:00,2,328.35,329,318,1,At Risk
15214.0,2011-12-08 12:07:00,2011-04-11 09:46:00,8,1661.44,242,1,0,Loyal Customers
15215.0,2011-10-24 11:41:00,2011-09-04 12:24:00,3,734.94,96,46,0,Others
15216.0,2011-09-13 11:41:00,2011-09-13 11:41:00,1,96.6,87,87,0,At Risk
15218.0,2011-11-29 11:48:00,2011-01-25 11:20:00,11,5756.89,318,10,0,Champions
15219.0,2011-06-16 16:57:00,2011-06-16 16:57:00,1,305.75,175,175,1,At Risk
15220.0,2011-10-19 12:39:00,2011-03-04 10:24:00,6,1778.96,280,51,0,Others
15221.0,2010-12-08 13:08:00,2010-12-08 13:08:00,1,403.25,365,365,1,At Risk
15222.0,2011-01-25 08:03:00,2011-01-25 08:03:00,1,585.0,318,318,1,At Risk
15223.0,2011-04-28 11:31:00,2011-04-04 12:17:00,2,755.75,249,225,1,At Risk
15224.0,2010-12-16 15:02:00,2010-12-12 12:34:00,2,322.08,362,357,1,At Risk
15225.0,2011-04-19 14:51:00,2011-04-19 14:51:00,1,409.40000000000003,233,233,1,At Risk
15226.0,2011-02-02 11:41:00,2011-02-02 11:41:00,1,154.41,310,310,1,At Risk
15227.0,2011-11-03 11:59:00,2011-01-26 15:31:00,5,1219.4,316,36,0,Others
15228.0,2011-10-04 13:56:00,2011-02-18 09:04:00,4,3386.71,294,65,0,Others
15230.0,2011-04-14 14:39:00,2011-04-13 11:04:00,2,429.6,240,238,1,At Risk
15232.0,2011-08-18 16:27:00,2011-07-22 12:21:00,2,612.06,140,112,1,At Risk
15234.0,2011-03-08 08:53:00,2011-03-08 08:53:00,1,197.0,276,276,1,At Risk
15235.0,2011-05-06 09:44:00,2010-12-01 17:22:00,12,2247.51,372,217,1,At Risk
15236.0,2011-02-14 10:52:00,2011-02-14 10:52:00,1,321.05,298,298,1,At Risk
15237.0,2011-12-08 09:46:00,2011-04-26 15:04:00,4,1412.32,226,1,0,Loyal Customers
15238.0,2011-11-10 14:28:00,2011-06-08 16:00:00,3,1071.99,183,28,0,Potential Loyalist
15239.0,2011-11-29 14:14:00,2011-09-22 09:53:00,2,780.59,78,9,0,Potential Loyalist
15240.0,2011-10-26 09:50:00,2011-02-01 08:23:00,5,1706.57,311,44,0,Others
15241.0,2011-10-04 09:05:00,2011-03-01 11:02:00,8,1756.44,283,66,0,Others
15243.0,2011-09-26 14:12:00,2011-09-26 14:12:00,1,316.68,73,73,0,At Risk
15244.0,2011-10-05 13:19:00,2011-04-05 15:12:00,2,631.57,247,64,0,Others
15245.0,2011-07-28 18:56:00,2011-03-23 13:42:00,3,2515.84,260,133,1,At Risk
15246.0,2011-04-15 14:45:00,2010-12-16 09:46:00,2,514.15,358,237,1,At Risk
15247.0,2011-08-09 12:52:00,2011-08-09 12:52:00,1,356.0,121,121,1,At Risk
15249.0,2011-11-08 11:45:00,2011-03-28 12:49:00,13,6688.46,256,31,0,Loyal Customers
15251.0,2011-11-30 15:02:00,2011-04-12 10:38:00,11,10484.99,241,8,0,Champions
15252.0,2011-11-03 13:30:00,2011-06-09 14:15:00,2,740.78,182,35,0,Others
15253.0,2011-11-23 16:22:00,2011-06-23 12:19:00,5,918.2,169,15,0,Loyal Customers
15254.0,2011-08-04 15:04:00,2011-08-04 15:04:00,1,300.36,126,126,1,At Risk
15255.0,2011-10-04 12:43:00,2011-10-04 12:43:00,1,890.85,66,66,0,Others
15256.0,2011-07-14 11:47:00,2011-07-14 11:47:00,1,98.45,148,148,1,At Risk
15257.0,2011-03-01 12:58:00,2011-03-01 12:58:00,1,317.15,282,282,1,At Risk
15258.0,2011-06-24 12:30:00,2011-05-06 14:16:00,2,623.16,216,168,1,At Risk
15260.0,2011-08-31 13:55:00,2010-12-02 12:09:00,7,1810.77,372,99,1,At Risk
15261.0,2011-07-27 15:20:00,2011-07-27 15:20:00,1,254.82,134,134,1,At Risk
15262.0,2011-01-20 12:16:00,2011-01-20 12:16:00,1,178.95000000000002,323,323,1,At Risk
15263.0,2011-08-25 10:26:00,2011-08-25 10:26:00,1,156.51,106,106,1,At Risk
15264.0,2011-10-06 13:49:00,2011-10-06 13:49:00,1,393.74,63,63,0,Others
15265.0,2011-07-11 14:46:00,2011-04-18 12:16:00,2,1506.1200000000001,235,150,1,At Risk
15266.0,2011-01-05 13:40:00,2011-01-05 13:40:00,1,119.3,337,337,1,At Risk
15267.0,2011-11-17 15:59:00,2011-06-10 10:24:00,5,1717.36,182,21,0,Loyal Customers
15269.0,2011-11-16 09:32:00,2011-11-16 09:32:00,1,408.8,23,23,0,Potential Loyalist
15270.0,2011-11-24 09:24:00,2011-02-02 13:25:00,7,2379.49,309,15,0,Loyal Customers
15271.0,2011-12-02 14:11:00,2010-12-09 13:47:00,15,2507.07,364,6,0,Champions
15272.0,2011-10-13 12:59:00,2011-09-14 16:36:00,2,721.94,85,56,0,Others
15274.0,2011-12-05 16:57:00,2011-11-21 14:17:00,2,716.57,17,3,0,Potential Loyalist
15275.0,2011-11-02 11:20:00,2011-11-02 11:20:00,1,615.14,37,37,0,Others
15276.0,2011-10-04 16:39:00,2011-10-04 16:39:00,1,135.31,65,65,0,Others
15277.0,2011-10-24 10:08:00,2011-10-24 10:08:00,1,255.89999999999998,46,46,0,Others
15279.0,2010-12-20 10:48:00,2010-12-20 10:48:00,1,290.51,354,354,1,At Risk
15280.0,2011-06-20 17:14:00,2011-06-20 17:14:00,1,113.12,171,171,1,At Risk
15281.0,2011-10-12 09:10:00,2011-01-10 15:51:00,9,2332.15,332,58,0,Others
15286.0,2011-10-21 11:08:00,2011-10-21 11:08:00,1,240.55,49,49,0,Others
15287.0,2011-11-17 15:34:00,2011-09-30 12:30:00,2,486.69,70,21,0,Potential Loyalist
15288.0,2011-10-27 16:58:00,2010-12-09 13:59:00,5,2306.52,364,42,0,Others
15289.0,2011-11-10 13:49:00,2011-04-04 12:44:00,3,939.78,249,28,0,Potential Loyalist
15290.0,2011-12-05 11:39:00,2010-12-15 16:03:00,18,7943.22,358,4,0,Champions
15291.0,2011-11-14 11:02:00,2010-12-01 09:32:00,15,4668.3,373,25,0,Loyal Customers
15292.0,2011-05-22 15:00:00,2011-05-22 15:00:00,1,180.94,200,200,1,At Risk
15296.0,2011-10-20 11:47:00,2011-01-17 11:57:00,6,3672.86,326,50,0,Others
15297.0,2011-11-29 16:32:00,2011-10-07 09:42:00,3,641.94,63,9,0,Potential Loyalist
15298.0,2011-12-07 17:17:00,2010-12-08 13:55:00,12,4799.9,365,1,0,Champions
15299.0,2011-10-03 14:19:00,2010-12-02 16:48:00,7,4507.01,371,66,0,Others
15300.0,2011-10-06 17:08:00,2011-10-06 17:08:00,1,496.44,63,63,0,Others
15301.0,2011-10-20 09:57:00,2010-12-06 12:21:00,12,5070.35,368,50,0,Others
15303.0,2011-02-22 13:59:00,2011-02-22 13:59:00,1,574.02,289,289,1,At Risk
15304.0,2011-10-10 10:23:00,2010-12-06 11:42:00,8,694.4,368,60,0,Others
15306.0,2011-10-06 12:56:00,2011-07-14 15:22:00,3,1174.3500000000001,147,63,0,Others
15307.0,2011-09-05 11:38:00,2011-09-05 11:38:00,1,205.3,95,95,1,At Risk
15308.0,2011-03-10 13:08:00,2011-03-10 13:08:00,1,310.47,273,273,1,At Risk
15311.0,2011-12-09 12:00:00,2010-12-01 09:41:00,91,60767.9,373,0,0,Champions
15312.0,2011-09-25 13:10:00,2010-12-20 12:51:00,4,924.85,353,74,0,At Risk
15313.0,2011-08-21 16:02:00,2011-08-21 16:02:00,1,52.0,109,109,1,At Risk
15314.0,2011-05-24 14:39:00,2011-05-24 14:39:00,1,327.97,198,198,1,At Risk
15315.0,2011-10-06 12:51:00,2011-08-15 15:17:00,2,570.5,115,63,0,Others
15316.0,2011-01-17 11:34:00,2011-01-17 11:34:00,1,165.0,326,326,1,At Risk
15318.0,2011-12-06 11:30:00,2011-12-06 11:30:00,1,312.62,3,3,0,Potential Loyalist
15319.0,2011-03-01 12:48:00,2011-03-01 12:48:00,1,204.5,283,283,1,At Risk
15320.0,2011-10-26 13:27:00,2011-10-26 13:27:00,1,267.13,43,43,0,Others
15321.0,2011-09-30 09:40:00,2011-02-21 11:10:00,3,2748.31,291,70,0,Others
15322.0,2011-09-15 09:34:00,2011-09-15 09:34:00,1,679.68,85,85,0,At Risk
15325.0,2011-08-28 11:55:00,2011-08-28 11:55:00,1,162.29,103,103,1,At Risk
15326.0,2011-01-10 11:38:00,2011-01-10 11:38:00,1,311.71,333,333,1,At Risk
15327.0,2011-10-18 11:55:00,2011-10-18 11:55:00,1,208.75,52,52,0,Others
15329.0,2011-10-31 15:36:00,2011-06-21 10:37:00,3,1049.7,171,38,0,Others
15330.0,2011-11-07 17:50:00,2011-10-10 12:30:00,2,714.9599999999999,60,31,0,Potential Loyalist
15332.0,2010-12-08 14:43:00,2010-12-05 12:00:00,4,1661.06,369,365,1,At Risk
15333.0,2011-05-15 13:27:00,2011-05-15 13:27:00,1,1028.56,207,207,1,At Risk
15334.0,2011-07-06 11:22:00,2011-06-19 13:51:00,3,351.67,172,156,1,At Risk
15335.0,2011-10-17 12:50:00,2011-10-17 12:50:00,1,173.97,53,53,0,Others
15339.0,2011-10-04 12:51:00,2011-01-25 13:15:00,2,574.07,317,65,0,Others
15341.0,2011-09-20 09:40:00,2011-09-20 09:40:00,1,2020.52,80,80,0,At Risk
15342.0,2011-08-02 10:19:00,2011-08-02 10:19:00,1,406.09000000000003,129,129,1,At Risk
15343.0,2011-09-13 13:55:00,2011-09-13 13:55:00,1,364.5,86,86,0,At Risk
15344.0,2011-12-09 10:45:00,2011-09-26 14:48:00,3,563.94,73,0,0,Potential Loyalist
15345.0,2011-10-25 11:28:00,2011-10-25 11:28:00,1,393.54,45,45,0,Others
15346.0,2011-01-11 11:18:00,2011-01-11 11:18:00,1,252.42000000000002,332,332,1,At Risk
15347.0,2010-12-08 15:25:00,2010-12-08 15:25:00,1,201.60000000000002,365,365,1,At Risk
15348.0,2011-09-28 13:17:00,2011-09-28 13:17:00,1,158.04,71,71,0,Others
15349.0,2011-07-04 16:06:00,2011-06-05 15:46:00,2,473.81,186,157,1,At Risk
15350.0,2010-12-01 13:33:00,2010-12-01 13:33:00,1,115.65,372,372,1,At Risk
15351.0,2011-11-27 12:52:00,2010-12-05 11:49:00,7,1960.11,369,11,0,Loyal Customers
15353.0,2011-03-30 12:15:00,2010-12-07 11:49:00,2,777.02,367,254,1,At Risk
15355.0,2011-11-10 13:44:00,2011-10-17 15:22:00,2,277.05,52,28,0,Potential Loyalist
15356.0,2011-11-08 13:11:00,2010-12-06 14:05:00,10,2766.5,367,30,0,Loyal Customers
15358.0,2011-12-05 09:04:00,2010-12-09 10:04:00,22,8347.2,365,4,0,Champions
15360.0,2011-10-31 09:35:00,2011-10-31 09:35:00,1,427.93,39,39,0,Others
15361.0,2010-12-13 09:52:00,2010-12-13 09:52:00,1,418.92,361,361,1,At Risk
15363.0,2010-12-02 12:28:00,2010-12-02 12:28:00,1,326.0,372,372,1,At Risk
15364.0,2011-09-05 09:46:00,2011-03-30 13:39:00,2,913.19,253,95,1,At Risk
15365.0,2011-11-14 08:29:00,2011-01-28 13:08:00,7,2314.32,314,25,0,Loyal Customers
15366.0,2011-09-25 15:01:00,2010-12-16 15:59:00,2,602.51,357,74,0,At Risk
15367.0,2011-10-13 14:13:00,2011-03-09 13:53:00,4,1877.5900000000001,274,56,0,Others
15368.0,2011-11-18 14:42:00,2011-11-18 14:42:00,1,446.94000000000005,20,20,0,Potential Loyalist
15370.0,2011-10-30 10:58:00,2011-01-11 11:32:00,7,2386.05,332,40,0,Others
15372.0,2011-07-25 16:39:00,2011-07-25 16:39:00,1,2007.4,136,136,1,At Risk
15373.0,2011-12-01 15:05:00,2010-12-03 14:40:00,12,2415.91,370,7,0,Champions
15374.0,2011-08-03 09:59:00,2011-08-03 09:59:00,1,168.0,128,128,1,At Risk
15376.0,2011-10-30 15:04:00,2011-05-01 13:45:00,3,1233.3600000000001,221,39,0,Others
15379.0,2011-06-23 13:13:00,2010-12-16 13:02:00,7,3703.29,357,168,1,At Risk
15380.0,2011-12-01 12:13:00,2010-12-09 15:01:00,5,1690.26,364,8,0,Loyal Customers
15381.0,2011-05-10 11:55:00,2011-03-16 13:44:00,2,596.85,267,213,1,At Risk
15382.0,2011-11-25 10:58:00,2011-02-17 12:01:00,6,5955.71,295,14,0,Loyal Customers
15384.0,2011-06-23 10:57:00,2010-12-15 11:34:00,2,642.41,359,169,1,At Risk
15385.0,2011-10-30 15:11:00,2011-10-30 15:11:00,1,316.88,39,39,0,Others
15386.0,2011-06-06 13:47:00,2011-06-06 13:47:00,1,394.14,185,185,1,At Risk
15388.0,2011-03-14 13:53:00,2011-03-14 13:53:00,1,140.54,269,269,1,At Risk
15389.0,2011-06-20 16:18:00,2011-06-20 16:18:00,1,500.0,171,171,1,At Risk
15392.0,2011-12-05 11:01:00,2010-12-14 15:50:00,4,1535.53,359,4,0,Loyal Customers
15393.0,2011-11-23 16:48:00,2011-03-03 16:58:00,2,231.86,280,15,0,Potential Loyalist
15394.0,2011-11-30 11:49:00,2010-12-16 12:46:00,4,2183.54,358,9,0,Loyal Customers
15395.0,2011-01-18 12:40:00,2011-01-18 12:40:00,1,107.45,325,325,1,At Risk
15396.0,2011-08-19 10:56:00,2011-08-19 10:56:00,1,288.18,112,112,1,At Risk
15397.0,2011-02-23 09:25:00,2011-02-23 09:25:00,1,94.0,289,289,1,At Risk
15398.0,2011-11-23 16:47:00,2011-09-22 14:56:00,2,1345.53,77,15,0,Potential Loyalist
15399.0,2011-12-08 13:04:00,2011-09-21 15:57:00,3,815.77,78,0,0,Potential Loyalist
15400.0,2011-09-08 13:57:00,2011-03-06 11:27:00,5,716.2,278,91,1,At Risk
15402.0,2011-07-14 12:17:00,2011-05-27 13:32:00,2,626.77,195,148,1,At Risk
15405.0,2011-06-03 14:44:00,2011-06-03 14:44:00,1,349.1,188,188,1,At Risk
15406.0,2011-11-08 13:22:00,2011-02-11 16:19:00,2,510.71000000000004,300,30,0,Potential Loyalist
15407.0,2011-11-06 11:55:00,2011-02-07 13:18:00,4,1056.44,304,33,0,Others
15408.0,2011-03-20 15:02:00,2011-03-20 15:02:00,1,267.18,263,263,1,At Risk
15410.0,2011-09-16 14:47:00,2011-03-23 10:15:00,8,3450.84,261,83,0,At Risk
15411.0,2011-11-13 15:19:00,2011-06-10 12:30:00,4,1358.88,182,25,0,Loyal Customers
15412.0,2011-06-21 15:24:00,2011-06-21 15:24:00,1,190.53,170,170,1,At Risk
15414.0,2011-11-30 09:50:00,2011-04-11 13:45:00,3,774.9000000000001,241,9,0,Potential Loyalist
15415.0,2011-01-30 14:13:00,2011-01-30 14:13:00,1,572.8100000000001,312,312,1,At Risk
15416.0,2011-10-06 09:38:00,2011-03-02 08:41:00,4,3984.32,282,64,0,Others
15417.0,2011-09-15 15:26:00,2011-09-15 15:26:00,1,508.8,84,84,0,At Risk
15419.0,2011-11-15 09:23:00,2011-11-15 09:23:00,1,135.86,24,24,0,Potential Loyalist
15421.0,2011-10-12 09:20:00,2011-02-02 14:36:00,4,950.36,309,58,0,Others
15422.0,2011-01-20 16:17:00,2011-01-20 14:17:00,2,97.7,322,322,1,At Risk
15423.0,2011-11-01 14:01:00,2011-11-01 14:01:00,1,43.5,37,37,0,Others
15424.0,2011-03-30 13:02:00,2011-03-30 13:00:00,2,383.34,253,253,1,At Risk
15426.0,2011-11-20 15:36:00,2010-12-05 13:55:00,5,1447.39,368,18,0,Loyal Customers
15427.0,2011-11-06 14:29:00,2011-10-23 14:47:00,3,1483.14,46,32,0,Potential Loyalist
15428.0,2011-11-24 16:54:00,2011-11-24 16:54:00,1,93.78,14,14,0,Potential Loyalist
15429.0,2011-11-13 12:28:00,2011-09-25 13:42:00,2,397.35,74,26,0,Potential Loyalist
15432.0,2011-11-16 16:30:00,2011-11-16 16:30:00,1,171.19000000000003,22,22,0,Potential Loyalist
15433.0,2011-05-10 10:45:00,2011-03-17 14:12:00,2,533.3,266,213,1,At Risk
15434.0,2011-12-01 13:33:00,2011-05-23 14:18:00,5,1041.48,199,7,0,Loyal Customers
15435.0,2011-11-17 16:39:00,2011-11-17 16:39:00,1,149.29,21,21,0,Potential Loyalist
15436.0,2011-11-27 16:05:00,2011-04-19 16:52:00,3,1122.53,233,11,0,Potential Loyalist
15437.0,2011-03-22 13:11:00,2011-03-22 13:11:00,1,200.16,261,261,1,At Risk
15438.0,2011-07-31 14:19:00,2011-07-31 14:19:00,1,156.57999999999998,130,130,1,At Risk
15440.0,2011-10-16 12:16:00,2011-05-15 11:30:00,3,383.68,208,54,0,Others
15442.0,2011-04-05 12:24:00,2011-04-05 12:24:00,1,594.0,248,248,1,At Risk
15443.0,2011-12-08 10:40:00,2011-01-23 13:25:00,7,3236.91,319,1,0,Champions
15444.0,2011-11-30 17:37:00,2011-10-30 16:12:00,2,1418.26,39,8,0,Potential Loyalist
15445.0,2011-03-20 15:06:00,2011-03-20 15:06:00,1,113.5,263,263,1,At Risk
15447.0,2011-01-13 11:26:00,2011-01-13 11:26:00,1,155.17000000000002,330,330,1,At Risk
15448.0,2011-01-31 10:42:00,2011-01-31 10:42:00,1,494.64,312,312,1,At Risk
15449.0,2011-11-13 15:02:00,2011-03-23 10:43:00,3,974.52,261,25,0,Potential Loyalist
15450.0,2011-11-09 17:11:00,2011-11-09 17:11:00,1,429.84,29,29,0,Potential Loyalist
15452.0,2011-11-10 12:13:00,2011-03-20 15:21:00,3,538.73,263,29,0,Potential Loyalist
15453.0,2011-12-08 10:59:00,2011-06-05 12:37:00,7,1388.37,187,1,0,Loyal Customers
15454.0,2010-12-12 14:21:00,2010-12-12 14:21:00,1,179.1,361,361,1,At Risk
15456.0,2011-03-01 13:51:00,2010-12-15 15:34:00,3,447.22,358,282,1,At Risk
15457.0,2011-03-22 15:31:00,2011-03-22 15:31:00,1,237.07,261,261,1,At Risk
15458.0,2011-11-14 13:08:00,2011-11-14 13:08:00,1,161.64,24,24,0,Potential Loyalist
15460.0,2010-12-20 16:08:00,2010-12-20 16:08:00,1,216.76,353,353,1,At Risk
15462.0,2011-09-06 13:11:00,2011-06-05 15:36:00,3,234.6,186,93,1,At Risk
15463.0,2011-11-10 12:57:00,2011-11-10 12:57:00,1,126.14,28,28,0,Potential Loyalist
15464.0,2011-01-05 15:56:00,2011-01-05 15:56:00,1,1048.85,337,337,1,At Risk
15465.0,2011-11-20 10:11:00,2010-12-05 10:12:00,18,7354.62,369,19,0,Loyal Customers
15466.0,2011-09-15 14:08:00,2011-09-15 14:08:00,1,334.53,84,84,0,At Risk
15467.0,2011-11-30 14:17:00,2011-07-10 14:42:00,3,524.88,151,8,0,Potential Loyalist
15468.0,2011-10-19 13:49:00,2011-10-19 13:38:00,2,467.51,50,50,0,Others
15469.0,2011-10-20 16:21:00,2011-08-11 16:54:00,2,538.55,119,49,0,Others
15471.0,2011-12-07 14:12:00,2011-12-07 14:12:00,1,469.48,1,1,0,Potential Loyalist
15472.0,2011-08-18 15:17:00,2011-08-18 15:17:00,1,371.56,112,112,1,At Risk
15473.0,2011-11-25 15:15:00,2011-10-10 11:12:00,7,1771.2,60,13,0,Loyal Customers
15475.0,2011-09-23 15:20:00,2011-09-23 15:20:00,1,454.11,76,76,0,At Risk
15478.0,2011-10-30 14:19:00,2011-10-14 11:09:00,2,1441.42,56,39,0,Others
15480.0,2011-08-15 14:32:00,2011-08-15 14:32:00,1,905.5,115,115,1,At Risk
15482.0,2011-11-24 10:46:00,2010-12-16 10:08:00,12,11054.96,358,15,0,Loyal Customers
15483.0,2011-07-01 13:07:00,2011-03-18 12:26:00,4,233.81,266,160,1,At Risk
15484.0,2011-12-08 15:03:00,2011-09-22 13:31:00,4,3594.31,77,0,0,Loyal Customers
15485.0,2011-11-09 14:31:00,2010-12-01 13:23:00,3,2575.0,372,29,0,Potential Loyalist
15488.0,2011-09-08 10:11:00,2011-09-08 10:11:00,1,91.32000000000001,92,92,1,At Risk
15489.0,2011-11-17 08:53:00,2011-05-12 12:54:00,3,1134.28,210,22,0,Potential Loyalist
15491.0,2011-09-05 15:56:00,2011-04-18 10:04:00,6,3100.09,235,94,1,At Risk
15492.0,2011-11-11 14:53:00,2011-09-26 14:02:00,2,659.46,73,27,0,Potential Loyalist
15493.0,2011-11-07 12:04:00,2011-03-14 11:44:00,5,2001.8,270,32,0,Loyal Customers
15494.0,2011-11-18 14:51:00,2011-08-10 15:29:00,2,1299.23,120,20,0,Potential Loyalist
15497.0,2011-11-22 11:51:00,2011-01-24 10:01:00,2,1262.2,319,17,0,Potential Loyalist
15498.0,2011-12-07 12:48:00,2010-12-08 12:29:00,27,13316.4,366,2,0,Champions
15500.0,2011-12-01 13:47:00,2011-09-19 13:47:00,4,1131.56,80,7,0,Loyal Customers
15502.0,2011-11-24 12:48:00,2010-12-05 15:40:00,12,10384.93,368,15,0,Loyal Customers
15503.0,2010-12-12 10:57:00,2010-12-12 10:57:00,1,147.09,362,362,1,At Risk
15504.0,2011-09-19 13:45:00,2011-09-19 13:45:00,1,52.83,80,80,0,At Risk
15505.0,2011-10-18 07:56:00,2011-07-07 13:33:00,5,3610.96,154,52,0,Others
15506.0,2011-11-17 12:11:00,2011-07-24 11:45:00,3,979.26,138,22,0,Potential Loyalist
15507.0,2011-06-21 11:19:00,2011-06-21 11:19:00,1,492.36,171,171,1,At Risk
15508.0,2011-06-03 15:43:00,2011-04-18 15:31:00,6,1000.27,234,188,1,At Risk
15510.0,2011-01-13 12:10:00,2011-01-13 12:10:00,1,250.0,330,330,1,At Risk
15511.0,2011-11-28 09:43:00,2011-09-15 15:05:00,5,909.23,84,11,0,Loyal Customers
15512.0,2011-07-07 10:20:00,2010-12-15 12:01:00,2,121.0,359,155,1,At Risk
15513.0,2011-11-06 14:36:00,2010-12-01 11:22:00,19,14758.22,373,32,0,Loyal Customers
15514.0,2011-11-27 14:40:00,2010-12-10 13:50:00,11,4139.46,363,11,0,Champions
15516.0,2011-10-26 10:51:00,2011-10-24 11:33:00,3,62.43,46,44,0,Others
15517.0,2011-04-20 14:02:00,2011-04-20 14:02:00,1,267.03,232,232,1,At Risk
15518.0,2011-10-06 13:05:00,2011-01-11 12:55:00,8,1942.45,331,63,0,Others
15520.0,2011-12-08 10:58:00,2011-12-08 10:58:00,1,343.5,1,1,0,Potential Loyalist
15521.0,2011-10-30 13:42:00,2011-03-30 09:15:00,8,3000.2,254,39,0,Others
15522.0,2011-11-07 11:26:00,2011-09-13 12:26:00,2,398.84,87,32,0,Potential Loyalist
15523.0,2011-09-16 16:29:00,2011-09-16 16:29:00,1,412.01000000000005,83,83,0,At Risk
15524.0,2011-11-15 12:09:00,2011-11-15 12:09:00,1,440.0,24,24,0,Potential Loyalist
15525.0,2011-12-07 14:43:00,2010-12-01 13:17:00,3,825.92,372,1,0,Potential Loyalist
15526.0,2011-11-06 15:04:00,2011-11-06 15:01:00,2,148.44,32,32,0,Potential Loyalist
15527.0,2011-11-21 12:17:00,2010-12-20 14:15:00,8,2429.78,353,18,0,Loyal Customers
15528.0,2011-03-30 16:14:00,2011-03-30 16:14:00,1,229.33,253,253,1,At Risk
15529.0,2011-11-17 11:29:00,2010-12-08 12:24:00,11,3995.23,366,22,0,Loyal Customers
15530.0,2011-11-18 12:25:00,2011-04-07 11:16:00,4,1502.3500000000001,246,21,0,Loyal Customers
15531.0,2011-12-01 18:43:00,2011-11-09 17:47:00,2,2007.44,29,7,0,Potential Loyalist
15532.0,2011-11-14 14:51:00,2010-12-16 16:45:00,4,1580.93,357,24,0,Loyal Customers
15533.0,2011-11-20 15:35:00,2011-09-11 15:41:00,3,807.57,88,18,0,Potential Loyalist
15535.0,2011-06-19 16:02:00,2011-01-16 12:35:00,4,536.4,327,172,1,At Risk
15537.0,2011-06-29 13:10:00,2011-06-29 13:10:00,1,110.92,162,162,1,At Risk
15539.0,2011-12-02 13:36:00,2011-12-02 13:36:00,1,538.46,6,6,0,Potential Loyalist
15540.0,2011-11-28 13:51:00,2011-11-28 13:51:00,1,213.3,10,10,0,Potential Loyalist
15541.0,2011-08-17 14:58:00,2011-08-17 14:58:00,1,85.13000000000001,113,113,1,At Risk
15543.0,2011-02-24 15:26:00,2011-02-24 15:26:00,1,127.86,287,287,1,At Risk
15544.0,2011-11-30 16:43:00,2010-12-02 12:47:00,9,3546.71,372,8,0,Champions
15545.0,2011-10-16 13:24:00,2010-12-03 17:28:00,2,292.71999999999997,370,53,0,Others
15547.0,2011-12-02 12:52:00,2010-12-12 13:26:00,14,4954.84,361,6,0,Champions
15549.0,2011-09-23 16:22:00,2011-01-27 15:38:00,3,1693.26,315,76,0,At Risk
15550.0,2011-12-05 15:38:00,2011-02-11 12:49:00,4,575.63,301,3,0,Loyal Customers
15551.0,2011-11-03 12:37:00,2011-11-03 12:37:00,1,436.06,36,36,0,Others
15552.0,2011-05-06 14:47:00,2011-05-06 14:47:00,1,90.12,216,216,1,At Risk
15553.0,2011-10-10 14:02:00,2011-10-10 14:02:00,1,437.23,59,59,0,Others
15554.0,2011-03-07 09:00:00,2011-03-07 09:00:00,1,217.2,277,277,1,At Risk
15555.0,2011-11-27 16:19:00,2010-12-05 14:45:00,16,4805.17,368,11,0,Champions
15556.0,2011-11-15 16:08:00,2011-11-15 16:08:00,1,279.77,23,23,0,Potential Loyalist
15557.0,2011-11-11 12:46:00,2011-11-11 12:46:00,1,473.65000000000003,28,28,0,Potential Loyalist
15561.0,2011-11-28 11:07:00,2011-05-08 11:38:00,4,800.5899999999999,215,11,0,Loyal Customers
15562.0,2010-12-23 09:55:00,2010-12-23 09:55:00,1,134.55,351,351,1,At Risk
15563.0,2011-11-17 14:50:00,2010-12-16 11:27:00,4,1400.44,358,21,0,Loyal Customers
15565.0,2011-10-20 14:33:00,2011-09-30 10:44:00,2,173.16000000000003,70,49,0,Others
15567.0,2011-11-21 10:48:00,2011-11-21 10:48:00,1,186.01,18,18,0,Potential Loyalist
15568.0,2011-12-07 11:27:00,2011-09-27 14:37:00,3,758.29,72,2,0,Potential Loyalist
15569.0,2011-08-28 10:15:00,2011-01-11 13:26:00,5,1375.71,331,103,1,At Risk
15570.0,2011-12-02 14:47:00,2010-12-05 12:57:00,12,4165.52,368,6,0,Champions
15571.0,2011-11-28 10:02:00,2011-09-22 13:15:00,4,650.4300000000001,77,11,0,Loyal Customers
15572.0,2011-12-05 10:09:00,2011-03-06 14:44:00,7,2552.86,277,4,0,Champions
15573.0,2011-11-08 11:38:00,2011-09-15 12:16:00,2,607.45,85,31,0,Potential Loyalist
15574.0,2011-06-15 12:01:00,2010-12-02 15:46:00,4,702.25,371,177,1,At Risk
15576.0,2011-11-02 12:03:00,2011-11-02 12:03:00,1,940.67,37,37,0,Others
15577.0,2011-07-11 17:03:00,2011-02-07 13:32:00,3,258.88,304,150,1,At Risk
15578.0,2011-06-30 13:03:00,2011-06-30 13:03:00,1,127.1,161,161,1,At Risk
15579.0,2011-10-02 12:45:00,2011-01-30 12:09:00,2,348.6,313,68,0,Others
15581.0,2011-08-11 09:38:00,2010-12-08 14:38:00,13,3679.9700000000003,365,120,1,At Risk
15582.0,2011-11-15 09:55:00,2011-05-03 13:36:00,3,682.9100000000001,219,24,0,Potential Loyalist
15584.0,2011-11-16 10:55:00,2011-06-30 16:39:00,4,725.11,161,23,0,Loyal Customers
15585.0,2011-06-16 08:38:00,2011-06-16 08:38:00,1,455.3,176,176,1,At Risk
15587.0,2011-10-20 13:37:00,2010-12-23 09:59:00,4,913.68,351,49,0,Others
15589.0,2011-03-29 09:54:00,2011-02-02 10:46:00,3,478.53,310,255,1,At Risk
15592.0,2011-10-24 08:59:00,2011-10-24 08:59:00,1,388.58,46,46,0,Others
15593.0,2011-09-30 11:46:00,2011-09-30 11:46:00,1,199.8,70,70,0,Others
15594.0,2011-11-24 08:53:00,2011-04-19 10:08:00,5,1771.78,234,15,0,Loyal Customers
15596.0,2011-08-31 10:55:00,2010-12-09 16:10:00,5,1406.59,364,100,1,At Risk
15597.0,2011-11-04 13:26:00,2011-11-04 13:26:00,1,324.57,34,34,0,Others
15598.0,2011-10-17 16:04:00,2011-10-17 16:04:00,1,240.68,52,52,0,Others
15599.0,2011-11-13 11:44:00,2011-05-19 13:05:00,2,761.74,203,26,0,Potential Loyalist
15601.0,2011-11-28 15:15:00,2010-12-02 10:39:00,14,6776.56,372,10,0,Champions
15602.0,2011-12-01 14:14:00,2010-12-06 15:35:00,9,1297.8700000000001,367,7,0,Loyal Customers
15603.0,2011-09-22 10:04:00,2011-09-22 10:04:00,1,48.480000000000004,78,78,0,At Risk
15604.0,2011-10-18 14:47:00,2011-10-18 14:47:00,1,216.39000000000001,51,51,0,Others
15605.0,2011-11-03 14:17:00,2010-12-01 13:38:00,5,1198.23,372,35,0,Others
15606.0,2011-10-09 15:47:00,2011-01-19 12:07:00,9,2920.16,324,60,0,Others
15607.0,2011-01-07 12:44:00,2011-01-07 12:44:00,1,104.76,336,336,1,At Risk
15608.0,2011-11-11 13:20:00,2011-08-11 09:56:00,4,1093.68,120,27,0,Loyal Customers
15609.0,2011-06-08 13:00:00,2011-06-08 13:00:00,1,298.48,183,183,1,At Risk
15610.0,2011-10-19 10:36:00,2011-10-19 10:36:00,1,112.46000000000001,51,51,0,Others
15611.0,2011-11-30 12:36:00,2011-01-09 11:32:00,13,1591.45,334,9,0,Loyal Customers
15612.0,2011-11-03 14:52:00,2011-10-09 12:49:00,2,195.15,61,35,0,Others
15615.0,2011-11-29 14:42:00,2010-12-15 16:21:00,23,10399.74,358,9,0,Champions
15618.0,2011-11-07 08:34:00,2011-07-26 10:13:00,4,776.851,136,32,0,Loyal Customers
15619.0,2011-11-29 08:14:00,2011-11-29 08:14:00,1,336.4,10,10,0,Potential Loyalist
15620.0,2011-10-14 12:41:00,2010-12-16 14:34:00,3,1553.18,357,56,0,Others
15621.0,2011-12-05 14:01:00,2011-11-18 11:49:00,4,1293.03,21,3,0,Loyal Customers
15622.0,2011-10-27 16:44:00,2011-03-02 13:42:00,9,3709.56,281,42,0,Others
15623.0,2011-07-21 17:26:00,2011-07-21 17:26:00,1,301.03000000000003,140,140,1,At Risk
15624.0,2011-08-15 11:38:00,2011-03-28 13:32:00,4,588.13,255,116,1,At Risk
15625.0,2011-08-28 10:21:00,2011-04-18 14:01:00,4,1534.26,234,103,1,At Risk
15626.0,2011-09-26 10:03:00,2011-01-14 10:10:00,2,675.8,329,74,0,At Risk
15628.0,2011-12-05 10:24:00,2010-12-08 09:51:00,9,2870.2400000000002,366,4,0,Champions
15630.0,2011-10-25 15:36:00,2011-05-19 10:16:00,2,1186.35,204,44,0,Others
15632.0,2011-11-24 09:51:00,2011-03-10 08:29:00,8,3285.31,274,15,0,Loyal Customers
15634.0,2011-11-22 16:28:00,2011-11-22 16:28:00,1,243.55,16,16,0,Potential Loyalist
15636.0,2011-09-11 11:17:00,2011-03-02 14:50:00,2,724.76,281,89,0,At Risk
15637.0,2011-10-18 08:28:00,2011-10-18 08:28:00,1,223.36,52,52,0,Others
15639.0,2011-07-28 14:30:00,2011-07-28 14:30:00,1,425.32,133,133,1,At Risk
15640.0,2011-12-05 14:35:00,2010-12-02 15:40:00,15,12515.66,371,3,0,Champions
15641.0,2011-08-26 14:04:00,2010-12-15 14:45:00,4,1887.2,358,104,1,At Risk
15643.0,2011-06-01 07:38:00,2011-03-02 14:34:00,3,664.0,281,191,1,At Risk
15644.0,2011-06-26 14:54:00,2011-03-23 15:37:00,4,813.0,260,165,1,At Risk
15645.0,2011-11-21 11:55:00,2011-11-21 11:55:00,1,612.01,18,18,0,Potential Loyalist
15646.0,2011-07-05 09:53:00,2010-12-02 16:59:00,3,447.64000000000004,371,157,1,At Risk
15648.0,2011-05-19 15:53:00,2011-03-17 18:59:00,2,657.35,266,203,1,At Risk
15649.0,2011-01-07 13:34:00,2010-12-07 10:06:00,2,816.0,367,335,1,At Risk
15651.0,2011-11-03 08:41:00,2011-03-24 08:56:00,3,646.3,260,36,0,Others
15652.0,2011-09-09 14:22:00,2011-09-09 14:22:00,1,337.74,90,90,0,At Risk
15653.0,2011-09-08 10:49:00,2011-08-16 09:50:00,2,877.44,115,92,1,At Risk
15654.0,2011-11-30 13:08:00,2011-11-13 15:15:00,2,922.53,25,8,0,Potential Loyalist
15655.0,2011-04-10 15:25:00,2011-04-10 15:25:00,1,560.6700000000001,242,242,1,At Risk
15656.0,2011-10-25 14:56:00,2011-02-28 15:32:00,4,748.5,283,44,0,Others
15657.0,2011-11-17 12:19:00,2011-11-17 12:19:00,1,30.0,22,22,0,Potential Loyalist
15658.0,2011-06-02 15:22:00,2010-12-02 10:53:00,5,1024.1000000000001,372,189,1,At Risk
15659.0,2011-10-27 09:23:00,2011-10-27 09:23:00,1,306.45,43,43,0,Others
15660.0,2011-11-14 16:58:00,2010-12-09 09:49:00,9,1600.86,365,24,0,Loyal Customers
15661.0,2011-01-26 13:56:00,2011-01-05 12:32:00,2,309.8,338,316,1,At Risk
15663.0,2011-08-25 15:50:00,2011-08-25 15:50:00,1,138.14,105,105,1,At Risk
15664.0,2011-10-20 10:57:00,2011-10-20 10:57:00,1,386.43,50,50,0,Others
15665.0,2011-06-24 14:57:00,2011-04-10 15:09:00,2,2242.01,242,167,1,At Risk
15667.0,2011-10-31 10:56:00,2011-10-31 10:56:00,1,301.32000000000005,39,39,0,Others
15668.0,2011-05-06 10:39:00,2011-05-06 10:39:00,1,76.32000000000001,217,217,1,At Risk
15669.0,2011-10-30 16:03:00,2011-03-21 09:13:00,4,684.34,263,39,0,Others
15670.0,2011-02-16 10:50:00,2011-02-16 10:50:00,1,173.05,296,296,1,At Risk
15671.0,2011-11-21 12:43:00,2011-03-14 09:37:00,7,2657.13,270,18,0,Loyal Customers
15673.0,2011-09-12 16:12:00,2011-01-16 16:25:00,4,2881.02,326,87,0,At Risk
15674.0,2011-09-27 15:17:00,2011-03-30 09:19:00,5,2446.6,254,72,0,At Risk
15675.0,2011-09-19 13:48:00,2011-03-04 14:21:00,3,323.69,279,80,0,At Risk
15676.0,2011-11-21 12:40:00,2011-03-01 10:19:00,3,3435.76,283,18,0,Potential Loyalist
15677.0,2011-10-21 15:36:00,2011-10-21 15:36:00,1,657.23,48,48,0,Others
15678.0,2011-10-18 09:25:00,2011-10-18 09:25:00,1,352.7,52,52,0,Others
15679.0,2011-11-15 16:19:00,2011-06-10 08:24:00,4,781.28,182,23,0,Loyal Customers
15680.0,2011-11-30 13:46:00,2010-12-08 14:43:00,3,1333.68,365,8,0,Potential Loyalist
15681.0,2011-11-14 16:30:00,2011-03-04 13:46:00,5,1426.16,279,24,0,Loyal Customers
15683.0,2011-08-14 12:56:00,2011-08-14 12:56:00,1,193.75,116,116,1,At Risk
15687.0,2011-12-01 08:33:00,2011-01-13 15:13:00,9,2993.1,329,8,0,Champions
15689.0,2011-08-12 09:37:00,2010-12-13 09:57:00,2,254.1,361,119,1,At Risk
15690.0,2011-12-05 15:59:00,2011-08-31 11:40:00,2,239.76,100,3,0,Potential Loyalist
15691.0,2011-04-01 15:13:00,2011-04-01 15:13:00,1,136.8,251,251,1,At Risk
15692.0,2011-11-11 14:12:00,2011-11-11 14:12:00,1,191.04,27,27,0,Potential Loyalist
15694.0,2011-12-09 09:44:00,2010-12-02 07:49:00,14,6479.4,372,0,0,Champions
15695.0,2011-03-18 08:32:00,2011-03-18 08:31:00,2,409.98,266,266,1,At Risk
15696.0,2011-11-06 14:02:00,2011-01-17 11:24:00,8,2736.46,326,32,0,Loyal Customers
15699.0,2011-11-22 08:26:00,2011-11-22 08:26:00,1,309.65,17,17,0,Potential Loyalist
15700.0,2011-06-20 16:53:00,2011-06-19 15:36:00,2,696.68,172,171,1,At Risk
15701.0,2011-12-07 14:39:00,2011-08-21 12:36:00,4,1542.14,110,1,0,Loyal Customers
15703.0,2011-03-20 10:51:00,2011-03-20 10:51:00,1,211.5,264,264,1,At Risk
15704.0,2011-07-22 13:35:00,2011-05-08 12:42:00,4,2293.62,215,139,1,At Risk
15705.0,2011-05-22 15:37:00,2011-05-22 15:37:00,1,143.1,200,200,1,At Risk
15706.0,2011-10-07 10:09:00,2011-08-15 14:32:00,4,1060.56,115,63,0,Others
15707.0,2011-11-04 14:35:00,2011-09-14 14:19:00,4,945.58,85,34,0,Others
15708.0,2011-10-30 10:54:00,2010-12-05 11:12:00,7,3364.2400000000002,369,40,0,Others
15709.0,2011-03-01 10:38:00,2011-03-01 10:38:00,1,133.25,283,283,1,At Risk
15712.0,2011-11-30 14:09:00,2011-02-25 11:32:00,5,1072.3600000000001,287,8,0,Loyal Customers
15713.0,2011-07-19 13:34:00,2010-12-08 15:16:00,2,356.7,365,142,1,At Risk
15714.0,2011-11-28 11:26:00,2011-09-23 11:25:00,2,330.88,77,11,0,Potential Loyalist
15716.0,2011-07-17 11:59:00,2010-12-05 12:26:00,4,1118.81,369,145,1,At Risk
15717.0,2011-04-19 13:21:00,2011-04-19 13:21:00,1,150.3,233,233,1,At Risk
15719.0,2011-11-07 12:29:00,2011-01-06 12:31:00,13,5045.61,337,32,0,Loyal Customers
15720.0,2011-11-15 14:48:00,2011-11-15 14:48:00,1,598.73,23,23,0,Potential Loyalist
15721.0,2011-11-28 12:14:00,2011-11-28 12:14:00,1,507.08000000000004,11,11,0,Potential Loyalist
15722.0,2011-11-04 11:43:00,2011-02-22 12:24:00,5,2222.56,290,35,0,Others
15723.0,2010-12-10 11:12:00,2010-12-10 11:12:00,1,203.10000000000002,364,364,1,At Risk
15724.0,2011-05-22 14:40:00,2011-02-28 10:40:00,2,218.25,284,200,1,At Risk
15725.0,2011-11-24 14:51:00,2011-11-24 14:51:00,1,415.25,14,14,0,Potential Loyalist
15727.0,2011-11-23 12:36:00,2010-12-15 15:47:00,7,5178.96,358,16,0,Loyal Customers
15729.0,2011-05-11 12:36:00,2011-05-11 12:36:00,1,85.0,212,212,1,At Risk
15730.0,2011-10-05 12:31:00,2011-05-17 12:43:00,3,1120.88,206,65,0,Others
15732.0,2011-05-11 14:24:00,2010-12-02 15:00:00,2,294.12,371,211,1,At Risk
15733.0,2011-03-02 09:05:00,2011-03-02 09:05:00,1,162.3,282,282,1,At Risk
15734.0,2011-08-17 10:50:00,2011-05-23 14:59:00,2,1339.45,199,114,1,At Risk
15737.0,2011-11-25 11:21:00,2011-04-11 10:01:00,8,1205.1200000000001,242,14,0,Loyal Customers
15738.0,2011-11-21 08:26:00,2010-12-02 12:50:00,16,4812.42,372,18,0,Loyal Customers
15739.0,2011-10-04 13:42:00,2011-10-04 13:42:00,1,449.12,65,65,0,Others
15740.0,2011-10-21 14:29:00,2011-10-21 14:29:00,1,154.88,48,48,0,Others
15743.0,2011-11-23 17:19:00,2011-06-08 10:14:00,4,784.46,184,15,0,Loyal Customers
15744.0,2011-09-23 09:52:00,2011-09-23 09:52:00,1,34.8,77,77,0,At Risk
15745.0,2011-11-20 13:45:00,2011-04-17 13:04:00,4,1094.5900000000001,235,18,0,Loyal Customers
15746.0,2011-07-28 15:21:00,2011-07-28 15:21:00,1,196.88,133,133,1,At Risk
15747.0,2011-11-27 12:26:00,2011-06-20 11:30:00,3,974.04,172,12,0,Potential Loyalist
15748.0,2011-10-30 12:51:00,2011-10-30 12:51:00,1,149.31,39,39,0,Others
15749.0,2011-04-18 13:20:00,2011-01-11 12:55:00,3,44534.3,331,234,1,At Risk
15750.0,2011-12-07 12:34:00,2010-12-08 10:36:00,8,2465.48,366,2,0,Champions
15752.0,2011-10-31 11:37:00,2010-12-02 09:43:00,7,2637.38,372,39,0,Others
15753.0,2011-02-08 12:41:00,2011-02-08 12:41:00,1,79.2,304,304,1,At Risk
15754.0,2011-10-19 14:40:00,2011-04-07 12:24:00,3,458.57,246,50,0,Others
15755.0,2011-11-29 14:57:00,2011-02-18 11:53:00,6,2364.25,294,9,0,Champions
15756.0,2011-10-09 13:30:00,2011-04-04 14:00:00,4,532.96,248,60,0,Others
15757.0,2011-10-05 12:14:00,2011-05-06 11:40:00,2,714.42,217,65,0,Others
15758.0,2011-11-15 10:48:00,2011-11-15 10:48:00,1,205.25,24,24,0,Potential Loyalist
15759.0,2011-05-05 15:13:00,2010-12-16 15:29:00,3,253.04000000000002,357,217,1,At Risk
15762.0,2011-10-05 16:15:00,2011-09-23 15:17:00,2,583.75,76,64,0,Others
15763.0,2011-11-08 09:44:00,2011-09-23 12:10:00,2,1086.92,77,31,0,Potential Loyalist
15764.0,2011-09-12 17:58:00,2011-03-08 09:23:00,6,3279.9700000000003,276,87,0,At Risk
15766.0,2011-10-06 17:03:00,2011-10-06 17:03:00,1,315.06,63,63,0,Others
15768.0,2011-08-16 10:48:00,2011-04-28 09:20:00,3,621.83,225,115,1,At Risk
15769.0,2011-12-02 13:52:00,2010-12-03 15:16:00,26,56252.72,370,6,0,Champions
15773.0,2011-12-04 12:48:00,2011-12-04 12:48:00,1,635.6800000000001,5,5,0,Potential Loyalist
15774.0,2011-10-02 12:04:00,2011-10-02 12:04:00,1,270.8,68,68,0,Others
15775.0,2011-04-08 12:56:00,2011-04-08 12:56:00,1,104.9,244,244,1,At Risk
15776.0,2011-07-29 13:46:00,2011-07-29 13:46:00,1,241.62,132,132,1,At Risk
15777.0,2011-04-12 16:43:00,2010-12-13 16:38:00,4,1047.1100000000001,360,240,1,At Risk
15780.0,2011-06-09 12:01:00,2010-12-17 11:43:00,3,475.28000000000003,357,183,1,At Risk
15781.0,2011-11-14 14:57:00,2011-02-07 09:15:00,3,345.46000000000004,305,24,0,Loyal Customers
15782.0,2011-11-30 10:49:00,2011-09-11 14:29:00,3,2614.74,88,9,0,Loyal Customers
15783.0,2011-11-29 09:50:00,2011-11-29 09:50:00,1,246.3,10,10,0,Potential Loyalist
15785.0,2011-11-07 11:33:00,2011-02-17 14:17:00,5,2328.9700000000003,294,32,0,Loyal Customers
15786.0,2011-10-24 14:13:00,2011-08-17 13:33:00,3,4932.2,113,45,0,Others
15787.0,2011-11-13 14:55:00,2011-10-09 13:11:00,3,948.05,60,25,0,Loyal Customers
15789.0,2010-12-16 14:35:00,2010-12-16 14:35:00,1,351.3,357,357,1,At Risk
15790.0,2011-11-29 14:53:00,2011-11-29 14:53:00,1,220.85,9,9,0,Potential Loyalist
15791.0,2011-10-27 10:14:00,2011-05-19 15:15:00,2,1612.69,203,43,0,Others
15793.0,2011-11-25 09:31:00,2011-03-16 10:45:00,3,965.61,268,14,0,Loyal Customers
15795.0,2011-07-13 10:43:00,2011-07-13 10:43:00,1,610.01,149,149,1,At Risk
15796.0,2011-12-08 19:55:00,2011-02-10 15:40:00,8,2711.56,301,0,0,Champions
15797.0,2011-08-18 17:04:00,2011-01-24 15:47:00,4,2207.4,318,112,1,At Risk
15799.0,2011-09-25 12:46:00,2011-01-09 15:13:00,3,884.14,333,75,0,At Risk
15800.0,2011-08-24 14:23:00,2011-04-07 12:39:00,2,699.08,246,106,1,At Risk
15801.0,2011-10-24 13:52:00,2011-08-22 09:53:00,3,1063.95,109,45,0,Others
15802.0,2011-07-20 11:38:00,2011-07-20 11:38:00,1,451.42,142,142,1,At Risk
15803.0,2011-10-19 14:56:00,2011-10-19 14:56:00,1,415.82000000000005,50,50,0,Others
15804.0,2011-12-09 12:31:00,2011-05-25 10:12:00,13,4206.39,198,0,0,Champions
15805.0,2011-11-16 16:32:00,2010-12-10 09:33:00,17,5528.4800000000005,364,22,0,Loyal Customers
15806.0,2011-10-24 14:35:00,2011-03-08 09:24:00,3,784.58,276,45,0,Others
15807.0,2011-10-20 14:10:00,2011-09-23 14:43:00,3,903.9,76,49,0,Others
15808.0,2011-02-06 14:33:00,2010-12-05 13:05:00,4,3734.9700000000003,368,305,1,At Risk
15809.0,2011-11-03 16:40:00,2011-02-10 11:16:00,5,515.77,302,35,0,Others
15810.0,2011-09-22 09:38:00,2011-02-16 09:11:00,4,1391.98,296,78,0,At Risk
15811.0,2011-11-17 15:31:00,2010-12-09 15:29:00,6,2218.62,364,21,0,Loyal Customers
15812.0,2011-08-24 14:19:00,2011-01-26 12:12:00,5,1801.14,317,106,1,At Risk
15813.0,2011-05-16 08:13:00,2011-04-14 09:09:00,2,1303.9099999999999,239,207,1,At Risk
15814.0,2011-11-23 08:17:00,2011-10-20 09:04:00,4,1945.3300000000002,50,16,0,Loyal Customers
15815.0,2011-10-07 12:42:00,2011-03-25 08:43:00,5,2100.6,259,63,0,Others
15819.0,2011-10-21 14:50:00,2011-03-08 09:45:00,4,1905.45,276,48,0,Others
15820.0,2011-01-24 12:00:00,2011-01-24 12:00:00,1,206.98,319,319,1,At Risk
15821.0,2011-10-26 15:48:00,2011-10-09 13:28:00,2,570.96,60,43,0,Others
15822.0,2011-12-06 14:50:00,2010-12-15 13:38:00,2,885.47,358,2,0,Potential Loyalist
15823.0,2010-12-02 15:08:00,2010-12-02 15:08:00,1,15.0,371,371,1,At Risk
15825.0,2011-06-20 13:27:00,2011-06-20 13:27:00,1,532.94,171,171,1,At Risk
15826.0,2011-10-14 16:05:00,2011-05-13 10:44:00,3,1654.31,210,55,0,Others
15827.0,2011-09-27 15:35:00,2010-12-02 13:06:00,14,1836.09,371,72,0,At Risk
15829.0,2011-09-01 16:45:00,2011-07-22 10:23:00,2,636.14,140,98,1,At Risk
15830.0,2011-11-02 10:40:00,2011-11-02 10:40:00,1,576.0,37,37,0,Others
15831.0,2011-10-12 13:14:00,2011-01-19 14:52:00,3,801.76,323,57,0,Others
15832.0,2011-03-30 15:29:00,2011-03-30 15:29:00,1,836.79,253,253,1,At Risk
15834.0,2011-09-30 14:41:00,2011-03-07 17:52:00,4,2233.75,276,69,0,Others
15835.0,2011-10-26 15:47:00,2011-01-13 10:35:00,4,954.09,330,43,0,Others
15836.0,2011-10-20 17:13:00,2011-10-20 17:13:00,1,137.37,49,49,0,Others
15837.0,2011-10-06 09:01:00,2011-10-06 09:01:00,1,391.98,64,64,0,Others
15838.0,2011-11-28 14:00:00,2010-12-07 11:26:00,19,33643.08,367,10,0,Champions
15839.0,2011-11-06 13:54:00,2011-07-14 16:35:00,3,1048.49,147,32,0,Loyal Customers
15840.0,2011-10-12 09:08:00,2011-06-20 11:42:00,2,355.56,172,58,0,Others
15841.0,2011-09-28 12:15:00,2011-01-05 11:25:00,4,1224.06,338,72,0,At Risk
15843.0,2011-02-09 10:19:00,2011-02-09 10:19:00,1,118.95,303,303,1,At Risk
15844.0,2011-10-24 15:19:00,2011-10-24 15:19:00,1,130.73999999999998,45,45,0,Others
15845.0,2011-11-22 09:42:00,2011-01-06 17:19:00,8,3711.77,336,17,0,Loyal Customers
15847.0,2011-11-01 14:41:00,2011-02-24 16:46:00,2,389.27,287,37,0,Others
15850.0,2011-11-20 14:14:00,2011-06-24 14:16:00,2,238.85,167,18,0,Potential Loyalist
15852.0,2011-06-06 11:22:00,2011-05-26 13:26:00,2,160.71,196,186,1,At Risk
15853.0,2011-10-19 10:38:00,2011-10-19 10:38:00,1,110.8,51,51,0,Others
15854.0,2011-12-05 13:39:00,2010-12-13 11:47:00,12,2974.65,361,3,0,Champions
15855.0,2011-07-26 10:20:00,2011-03-21 12:32:00,5,712.24,263,136,1,At Risk
15856.0,2011-12-05 17:09:00,2010-12-09 13:34:00,27,16387.57,364,3,0,Champions
15857.0,2011-11-21 12:18:00,2011-11-21 12:18:00,1,297.0,18,18,0,Potential Loyalist
15858.0,2011-11-24 12:48:00,2010-12-07 14:31:00,5,1438.85,366,15,0,Loyal Customers
15860.0,2011-10-30 11:25:00,2010-12-06 11:38:00,8,977.21,368,40,0,Others
15861.0,2011-11-27 15:59:00,2011-03-17 20:12:00,8,3165.36,266,11,0,Champions
15862.0,2011-12-01 13:28:00,2010-12-01 11:21:00,4,832.88,373,7,0,Loyal Customers
15863.0,2011-11-14 12:49:00,2011-05-31 11:36:00,2,68.84,192,25,0,Potential Loyalist
15864.0,2011-11-17 13:32:00,2011-01-27 16:43:00,6,1936.32,315,21,0,Loyal Customers
15865.0,2011-10-30 12:43:00,2011-05-10 11:44:00,3,895.13,213,40,0,Others
15866.0,2011-08-30 14:09:00,2011-08-30 14:09:00,1,230.53,100,100,1,At Risk
15867.0,2011-12-04 13:32:00,2010-12-05 14:17:00,15,3812.64,368,4,0,Champions
15869.0,2011-03-07 17:23:00,2011-03-07 17:19:00,2,149.64,276,276,1,At Risk
15870.0,2011-11-07 10:58:00,2011-11-07 10:58:00,1,354.09000000000003,32,32,0,Potential Loyalist
15872.0,2011-11-25 11:55:00,2011-11-25 11:54:00,2,360.93,14,14,0,Potential Loyalist
15874.0,2011-10-07 12:31:00,2011-02-28 13:28:00,7,4405.88,283,63,0,Others
15877.0,2011-12-08 11:53:00,2011-11-22 11:18:00,2,493.28,17,1,0,Potential Loyalist
15880.0,2010-12-05 13:00:00,2010-12-05 13:00:00,1,343.28,368,368,1,At Risk
15881.0,2011-01-31 16:59:00,2010-12-10 13:32:00,5,501.39,363,311,1,At Risk
15882.0,2011-05-25 11:35:00,2010-12-06 13:01:00,4,516.36,367,198,1,At Risk
15883.0,2011-12-07 17:05:00,2011-11-06 14:50:00,2,396.48,32,1,0,Potential Loyalist
15885.0,2011-09-08 10:43:00,2011-02-03 15:28:00,3,379.35,308,92,1,At Risk
15886.0,2011-10-10 14:25:00,2011-10-10 14:25:00,1,181.09,59,59,0,Others
15888.0,2011-09-20 12:30:00,2011-09-20 12:30:00,1,168.31,80,80,0,At Risk
15889.0,2011-07-06 11:10:00,2010-12-05 15:12:00,2,446.87,368,156,1,At Risk
15891.0,2011-04-27 12:35:00,2011-04-27 12:35:00,1,524.52,226,226,1,At Risk
15894.0,2011-03-31 13:50:00,2010-12-05 14:06:00,2,263.55,368,252,1,At Risk
15895.0,2011-07-13 10:27:00,2011-07-13 10:27:00,1,179.17,149,149,1,At Risk
15897.0,2011-05-29 13:50:00,2011-05-29 13:32:00,2,222.05,193,193,1,At Risk
15898.0,2011-12-08 15:23:00,2010-12-06 11:01:00,5,1388.88,368,0,0,Loyal Customers
15899.0,2010-12-06 10:36:00,2010-12-06 10:36:00,1,56.25,368,368,1,At Risk
15900.0,2011-11-16 12:19:00,2011-11-16 12:19:00,1,351.11,23,23,0,Potential Loyalist
15901.0,2011-11-23 12:43:00,2011-07-08 12:18:00,3,363.88,154,16,0,Loyal Customers
15903.0,2011-11-30 08:08:00,2011-02-17 14:04:00,7,5126.76,294,9,0,Champions
15904.0,2011-12-01 14:50:00,2011-12-01 14:50:00,1,164.68,7,7,0,Potential Loyalist
15906.0,2011-11-20 12:24:00,2011-03-29 13:28:00,7,1567.69,254,19,0,Loyal Customers
15907.0,2011-12-06 12:21:00,2011-05-13 13:01:00,3,967.45,209,3,0,Loyal Customers
15909.0,2011-06-19 10:38:00,2011-06-19 10:38:00,1,191.94,173,173,1,At Risk
15910.0,2011-12-09 10:51:00,2011-01-27 11:55:00,8,1232.18,316,0,0,Loyal Customers
15912.0,2011-06-14 14:29:00,2011-04-20 17:10:00,2,264.62,232,177,1,At Risk
15916.0,2011-11-23 13:46:00,2010-12-08 13:07:00,8,1528.09,365,15,0,Loyal Customers
15917.0,2011-04-06 10:40:00,2011-04-06 10:40:00,1,123.1,247,247,1,At Risk
15918.0,2011-06-02 11:42:00,2011-03-13 15:55:00,2,334.23,270,190,1,At Risk
15919.0,2011-11-20 11:28:00,2010-12-06 11:26:00,2,639.89,368,19,0,Potential Loyalist
15920.0,2011-07-08 15:31:00,2011-07-08 15:16:00,4,167.5,153,153,1,At Risk
15921.0,2011-06-20 11:03:00,2011-06-20 11:03:00,1,336.03000000000003,172,172,1,At Risk
15922.0,2010-12-01 13:51:00,2010-12-01 13:51:00,1,369.5,372,372,1,At Risk
15923.0,2010-12-02 12:16:00,2010-12-02 12:16:00,1,127.08,372,372,1,At Risk
15925.0,2011-05-29 15:35:00,2011-05-29 15:35:00,1,207.15,193,193,1,At Risk
15930.0,2011-10-03 14:52:00,2011-10-03 14:52:00,1,426.63,66,66,0,Others
15932.0,2011-12-05 17:13:00,2011-02-23 14:50:00,8,2495.87,288,3,0,Champions
15933.0,2011-11-18 13:14:00,2011-09-14 12:05:00,3,1107.46,86,20,0,Loyal Customers
15935.0,2011-04-14 13:27:00,2011-04-12 09:35:00,2,416.86,241,238,1,At Risk
15937.0,2011-10-06 15:48:00,2011-10-06 15:48:00,1,145.35000000000002,63,63,0,Others
15938.0,2011-08-19 12:56:00,2011-01-20 10:11:00,5,404.58000000000004,323,111,1,At Risk
15939.0,2011-09-11 11:30:00,2011-01-12 12:43:00,15,6115.01,331,89,0,At Risk
15940.0,2011-02-01 16:18:00,2011-02-01 16:18:00,1,35.8,310,310,1,At Risk
15942.0,2011-07-29 09:01:00,2011-07-29 09:01:00,1,337.44,133,133,1,At Risk
15944.0,2011-03-08 10:33:00,2011-03-08 10:33:00,1,325.1,276,276,1,At Risk
15945.0,2010-12-09 13:14:00,2010-12-09 13:14:00,1,181.0,364,364,1,At Risk
15947.0,2011-09-18 10:46:00,2011-09-18 10:46:00,1,1708.24,82,82,0,At Risk
15948.0,2011-12-01 15:32:00,2011-10-27 08:35:00,2,955.24,43,7,0,Potential Loyalist
15949.0,2011-11-23 09:09:00,2011-09-29 17:34:00,2,364.72,70,16,0,Potential Loyalist
15950.0,2011-11-08 11:09:00,2010-12-15 11:56:00,4,1765.51,359,31,0,Loyal Customers
15951.0,2011-12-01 08:34:00,2011-02-27 11:57:00,2,708.22,285,8,0,Potential Loyalist
15952.0,2011-11-06 11:18:00,2011-04-28 12:55:00,4,806.57,224,33,0,Others
15953.0,2011-11-24 15:32:00,2010-12-05 15:15:00,8,1659.3799999999999,368,14,0,Loyal Customers
15955.0,2011-11-15 14:15:00,2010-12-02 11:22:00,14,4416.26,372,23,0,Loyal Customers
15957.0,2011-11-08 12:14:00,2011-11-08 12:14:00,1,428.89,31,31,0,Potential Loyalist
15958.0,2011-09-26 13:41:00,2011-09-26 13:41:00,1,104.35,73,73,0,At Risk
15963.0,2011-11-20 11:33:00,2011-10-25 13:05:00,2,470.76,44,19,0,Potential Loyalist
15965.0,2011-11-22 16:44:00,2010-12-07 13:18:00,4,845.64,366,16,0,Loyal Customers
15967.0,2011-11-16 15:41:00,2011-01-25 11:57:00,2,418.83,318,22,0,Potential Loyalist
15969.0,2011-12-07 11:06:00,2011-06-07 12:19:00,3,666.1,185,2,0,Loyal Customers
15970.0,2011-02-09 12:08:00,2011-02-09 12:08:00,1,314.09999999999997,303,303,1,At Risk
15971.0,2011-11-22 12:50:00,2011-02-01 16:47:00,12,4199.85,310,17,0,Loyal Customers
15973.0,2010-12-08 11:42:00,2010-12-08 11:42:00,1,307.82000000000005,366,366,1,At Risk
15974.0,2011-10-31 13:13:00,2011-02-24 10:10:00,7,3442.15,288,38,0,Others
15975.0,2011-09-16 13:33:00,2011-09-16 13:33:00,1,371.01,83,83,0,At Risk
15976.0,2011-06-27 13:00:00,2011-05-03 17:12:00,2,430.94,219,164,1,At Risk
15977.0,2011-11-22 13:29:00,2011-10-31 16:24:00,2,1054.73,38,16,0,Potential Loyalist
15978.0,2011-09-23 15:21:00,2011-09-23 15:21:00,1,1098.78,76,76,0,At Risk
15980.0,2011-09-12 09:41:00,2011-03-30 15:05:00,3,2398.86,253,88,0,At Risk
15981.0,2011-11-15 08:00:00,2011-02-01 13:50:00,8,3408.48,310,24,0,Loyal Customers
15983.0,2011-11-17 17:34:00,2010-12-01 12:15:00,4,1475.02,373,21,0,Loyal Customers
15984.0,2011-12-07 12:16:00,2010-12-06 13:21:00,10,2837.67,367,2,0,Champions
15985.0,2011-08-08 16:31:00,2011-04-17 11:04:00,2,1142.42,236,122,1,At Risk
15986.0,2011-11-09 15:17:00,2011-11-09 15:17:00,1,168.12,29,29,0,Potential Loyalist
15987.0,2011-11-27 15:38:00,2010-12-06 08:34:00,7,1451.28,368,11,0,Loyal Customers
15988.0,2011-11-20 13:23:00,2011-11-20 13:23:00,1,158.03,18,18,0,Potential Loyalist
15990.0,2011-10-26 15:58:00,2011-02-25 15:35:00,2,792.11,286,43,0,Others
15992.0,2011-12-06 11:00:00,2011-12-06 11:00:00,1,41.989999999999995,3,3,0,Potential Loyalist
15993.0,2011-12-01 10:45:00,2011-10-26 16:21:00,7,2797.57,43,8,0,Champions
15994.0,2011-10-16 12:28:00,2011-10-16 12:28:00,1,427.07,54,54,0,Others
15996.0,2011-09-12 15:14:00,2010-12-08 15:59:00,6,1060.68,365,87,0,At Risk
15998.0,2011-11-03 12:45:00,2010-12-12 13:32:00,5,3089.97,361,36,0,Others
16000.0,2011-12-07 12:17:00,2011-12-07 12:14:00,3,12393.7,2,2,0,Loyal Customers
16003.0,2011-11-10 09:57:00,2010-12-15 12:09:00,5,2735.37,359,29,0,Loyal Customers
16005.0,2011-11-27 13:47:00,2011-03-14 11:46:00,4,615.39,270,11,0,Loyal Customers
16006.0,2011-05-12 13:12:00,2011-05-12 13:12:00,1,101.4,210,210,1,At Risk
16007.0,2011-10-23 11:05:00,2011-05-08 13:32:00,4,1701.94,214,47,0,Others
16008.0,2011-11-16 10:32:00,2011-05-19 10:54:00,3,478.78,204,23,0,Loyal Customers
16009.0,2011-11-17 16:51:00,2011-07-03 11:26:00,4,992.71,159,21,0,Loyal Customers
16010.0,2011-04-08 10:14:00,2010-12-12 12:18:00,3,407.5,362,245,1,At Risk
16011.0,2011-12-01 16:31:00,2010-12-08 16:34:00,16,3362.71,365,7,0,Champions
16012.0,2011-11-04 13:25:00,2011-07-07 18:02:00,3,1415.29,154,34,0,Others
16013.0,2011-12-06 10:36:00,2010-12-03 13:09:00,47,37130.6,370,3,0,Champions
16014.0,2011-11-02 12:04:00,2011-02-21 17:42:00,3,662.38,290,37,0,Others
16015.0,2011-12-06 10:58:00,2011-10-21 12:56:00,3,705.39,48,3,0,Loyal Customers
16016.0,2011-12-06 14:35:00,2010-12-08 12:36:00,8,1508.76,366,2,0,Loyal Customers
16017.0,2011-10-23 12:56:00,2011-10-23 12:56:00,1,211.88,46,46,0,Others
16018.0,2011-10-31 14:13:00,2011-06-12 13:52:00,2,408.9,179,38,0,Others
16019.0,2011-10-24 11:51:00,2010-12-10 12:29:00,9,3786.24,364,46,0,Others
16020.0,2011-11-23 11:18:00,2011-10-05 13:54:00,3,851.01,64,16,0,Loyal Customers
16022.0,2011-03-24 13:16:00,2011-03-24 13:16:00,1,628.28,259,259,1,At Risk
16023.0,2011-10-24 16:34:00,2011-03-18 13:32:00,3,719.81,265,45,0,Others
16024.0,2011-11-27 13:26:00,2011-11-27 13:26:00,1,251.24,11,11,0,Potential Loyalist
16025.0,2011-11-10 11:45:00,2011-11-10 11:45:00,1,439.65999999999997,29,29,0,Potential Loyalist
16026.0,2011-10-27 13:53:00,2011-10-27 13:53:00,1,236.09,42,42,0,Others
16027.0,2011-09-09 10:47:00,2011-02-10 12:19:00,6,934.62,302,91,1,At Risk
16029.0,2011-11-01 10:27:00,2010-12-01 09:57:00,63,81024.84,373,38,0,Others
16030.0,2011-02-03 11:28:00,2011-02-03 11:28:00,1,331.24,309,309,1,At Risk
16031.0,2011-09-08 13:07:00,2011-04-06 14:23:00,2,548.94,246,91,1,At Risk
16033.0,2011-12-04 12:44:00,2010-12-05 10:36:00,20,8816.4,369,5,0,Champions
16034.0,2011-05-27 16:17:00,2011-01-11 11:54:00,3,437.70000000000005,332,195,1,At Risk
16036.0,2011-09-13 14:53:00,2011-03-21 13:01:00,2,758.9200000000001,262,86,0,At Risk
16037.0,2011-03-15 09:13:00,2010-12-16 10:18:00,3,855.02,358,269,1,At Risk
16038.0,2011-12-02 12:40:00,2011-05-22 11:29:00,3,471.78,201,7,0,Loyal Customers
16040.0,2011-10-05 13:47:00,2011-03-16 09:58:00,3,1313.55,268,64,0,Others
16041.0,2011-11-09 12:25:00,2011-07-21 16:27:00,3,3166.4,140,30,0,Loyal Customers
16042.0,2011-11-17 17:50:00,2011-01-11 13:25:00,5,1197.27,331,21,0,Loyal Customers
16043.0,2011-11-02 12:50:00,2011-01-26 11:14:00,4,773.99,317,37,0,Others
16045.0,2011-08-12 12:41:00,2011-02-22 14:55:00,4,1340.7,289,119,1,At Risk
16048.0,2010-12-01 15:28:00,2010-12-01 15:27:00,2,256.44,372,372,1,At Risk
16049.0,2011-10-30 13:19:00,2011-09-25 14:33:00,3,1111.79,74,39,0,Others
16050.0,2011-06-19 11:44:00,2011-06-19 11:44:00,1,137.9,173,173,1,At Risk
16052.0,2011-10-16 15:13:00,2011-10-16 15:13:00,1,362.06,53,53,0,Others
16053.0,2011-11-07 11:21:00,2011-08-09 14:57:00,2,1511.95,121,32,0,Potential Loyalist
16054.0,2011-07-17 13:08:00,2011-07-17 13:08:00,1,783.9,144,144,1,At Risk
16055.0,2011-05-03 09:26:00,2011-05-03 09:26:00,1,134.8,220,220,1,At Risk
16056.0,2011-10-25 15:19:00,2011-10-25 15:19:00,1,664.85,44,44,0,Others
16057.0,2011-11-23 15:23:00,2011-02-28 10:35:00,7,2263.12,284,15,0,Loyal Customers
16059.0,2011-10-05 09:56:00,2010-12-07 10:36:00,6,1459.8600000000001,367,65,0,Others
16062.0,2011-11-30 12:15:00,2010-12-10 12:00:00,4,1153.62,364,9,0,Loyal Customers
16063.0,2011-03-24 14:56:00,2011-03-24 14:55:00,1,335.32,259,259,1,At Risk
16065.0,2010-12-09 13:03:00,2010-12-09 13:03:00,1,372.09,364,364,1,At Risk
16066.0,2011-11-23 11:54:00,2011-08-07 14:33:00,5,1521.87,123,16,0,Loyal Customers
16070.0,2011-11-17 15:50:00,2011-11-07 16:36:00,2,852.15,31,21,0,Potential Loyalist
16071.0,2011-10-26 11:14:00,2011-10-26 11:14:00,1,326.24,44,44,0,Others
16072.0,2011-02-24 14:32:00,2011-02-24 14:32:00,1,584.3199999999999,287,287,1,At Risk
16073.0,2011-02-15 15:41:00,2011-02-15 15:41:00,1,122.4,296,296,1,At Risk
16076.0,2011-12-06 14:59:00,2011-05-15 12:31:00,10,2234.73,208,2,0,Champions
16078.0,2011-03-01 09:47:00,2011-03-01 09:47:00,1,79.2,283,283,1,At Risk
16079.0,2011-11-23 12:48:00,2011-10-30 13:06:00,3,1352.0,39,16,0,Loyal Customers
16080.0,2011-09-19 10:42:00,2011-03-10 14:44:00,2,217.16,273,81,0,At Risk
16081.0,2011-10-14 13:06:00,2010-12-08 11:16:00,5,2806.9,366,55,0,Others
16083.0,2011-08-31 10:47:00,2010-12-14 11:51:00,2,1317.62,360,100,1,At Risk
16084.0,2011-02-13 16:05:00,2011-02-13 16:05:00,1,436.18,298,298,1,At Risk
16085.0,2011-11-16 13:24:00,2011-01-23 12:07:00,5,981.51,320,22,0,Loyal Customers
16086.0,2011-10-11 13:09:00,2010-12-07 13:45:00,5,1121.39,366,58,0,Others
16091.0,2011-07-08 08:45:00,2011-05-25 09:18:00,2,315.06,198,154,1,At Risk
16092.0,2011-08-17 10:46:00,2011-03-30 15:38:00,3,817.86,253,114,1,At Risk
16093.0,2011-08-25 11:09:00,2011-08-25 11:09:00,1,17.0,106,106,1,At Risk
16094.0,2011-11-28 12:45:00,2011-05-04 13:57:00,4,1078.23,218,11,0,Loyal Customers
16096.0,2011-03-20 13:38:00,2011-03-20 13:38:00,1,320.62,263,263,1,At Risk
16097.0,2011-04-13 13:47:00,2011-04-13 13:47:00,1,185.04999999999998,239,239,1,At Risk
16098.0,2011-09-13 09:59:00,2010-12-01 09:45:00,7,2005.63,373,87,0,At Risk
16099.0,2011-10-20 13:13:00,2011-04-28 08:34:00,3,731.9,225,49,0,Others
16101.0,2011-09-30 10:18:00,2011-09-30 10:18:00,1,1290.7,70,70,0,Others
16102.0,2011-10-28 13:19:00,2011-08-03 12:50:00,3,1842.14,128,41,0,Others
16103.0,2011-12-02 14:16:00,2011-04-20 12:28:00,6,1429.64,233,6,0,Loyal Customers
16104.0,2011-10-09 10:23:00,2011-10-09 10:23:00,1,302.36,61,61,0,Others
16105.0,2011-04-05 10:13:00,2011-04-05 10:13:00,1,336.96,248,248,1,At Risk
16106.0,2011-10-05 10:37:00,2011-10-05 10:37:00,1,108.38,65,65,0,Others
16107.0,2011-11-22 09:40:00,2011-06-09 18:42:00,7,3204.1600000000003,182,17,0,Loyal Customers
16108.0,2011-09-16 11:48:00,2011-09-16 11:48:00,1,842.5,84,84,0,At Risk
16109.0,2011-05-05 09:17:00,2011-02-04 12:37:00,2,611.88,308,218,1,At Risk
16110.0,2011-10-25 14:35:00,2011-02-01 14:01:00,3,1337.48,310,44,0,Others
16112.0,2011-07-19 14:28:00,2011-01-05 11:47:00,4,195.74,338,142,1,At Risk
16113.0,2011-06-09 16:16:00,2011-06-09 16:16:00,1,161.38,182,182,1,At Risk
16114.0,2011-06-22 10:13:00,2011-06-22 10:13:00,1,135.75000000000003,170,170,1,At Risk
16115.0,2011-11-30 11:32:00,2011-02-20 12:14:00,8,1667.97,292,9,0,Loyal Customers
16116.0,2011-05-12 12:01:00,2011-05-12 12:01:00,1,612.78,211,211,1,At Risk
16117.0,2011-06-03 11:42:00,2011-06-03 11:42:00,1,232.21,189,189,1,At Risk
16119.0,2011-12-01 15:11:00,2011-09-28 10:15:00,2,423.36,72,7,0,Potential Loyalist
16120.0,2011-10-11 14:22:00,2011-10-11 14:10:00,4,1309.14,58,58,0,Others
16121.0,2011-10-13 12:59:00,2011-05-08 11:52:00,2,867.11,215,56,0,Others
16122.0,2011-09-27 15:34:00,2010-12-08 11:41:00,4,684.42,366,72,0,At Risk
16123.0,2011-10-19 09:18:00,2011-10-19 09:18:00,1,307.78000000000003,51,51,0,Others
16124.0,2011-01-26 14:45:00,2011-01-26 14:45:00,1,249.0,316,316,1,At Risk
16125.0,2010-12-07 15:48:00,2010-12-07 15:48:00,1,289.35,366,366,1,At Risk
16126.0,2011-11-10 16:03:00,2011-02-16 11:18:00,4,6287.77,296,28,0,Loyal Customers
16127.0,2011-10-31 13:58:00,2011-10-31 13:58:00,1,656.25,38,38,0,Others
16128.0,2011-11-22 11:14:00,2011-03-02 12:21:00,5,1880.22,282,17,0,Loyal Customers
16131.0,2011-10-19 11:53:00,2011-04-14 08:32:00,6,3506.54,239,51,0,Others
16133.0,2011-12-06 11:24:00,2011-01-25 15:55:00,33,14589.04,317,3,0,Champions
16134.0,2011-11-18 10:05:00,2010-12-15 14:00:00,2,618.09,358,21,0,Potential Loyalist
16135.0,2011-03-22 12:30:00,2011-03-22 12:30:00,1,517.55,262,262,1,At Risk
16136.0,2011-10-11 09:10:00,2011-03-07 09:52:00,3,709.38,277,59,0,Others
16139.0,2011-11-21 08:37:00,2011-05-17 10:23:00,3,635.4100000000001,206,18,0,Loyal Customers
16140.0,2011-10-05 12:15:00,2010-12-03 14:40:00,2,725.1800000000001,370,65,0,Others
16141.0,2011-09-12 13:11:00,2011-09-12 13:11:00,1,620.4,87,87,0,At Risk
16142.0,2011-04-04 10:16:00,2011-04-04 10:16:00,1,535.34,249,249,1,At Risk
16143.0,2011-12-06 14:13:00,2010-12-05 15:18:00,6,2424.94,368,2,0,Champions
16144.0,2011-04-07 10:09:00,2011-04-07 10:09:00,1,175.2,246,246,1,At Risk
16145.0,2011-12-01 10:33:00,2010-12-15 09:09:00,11,3799.4900000000002,359,8,0,Champions
16146.0,2011-07-05 14:20:00,2011-04-21 15:25:00,3,734.13,231,156,1,At Risk
16147.0,2011-07-29 09:57:00,2011-07-29 09:57:00,1,375.0,133,133,1,At Risk
16148.0,2011-02-16 14:01:00,2011-02-16 14:01:00,1,76.32000000000001,295,295,1,At Risk
16149.0,2011-12-05 11:29:00,2011-07-20 14:54:00,2,280.52,141,4,0,Potential Loyalist
16150.0,2011-10-28 12:39:00,2010-12-02 18:27:00,5,2053.02,371,42,0,Others
16152.0,2011-03-16 09:47:00,2011-03-16 09:47:00,1,1829.04,268,268,1,At Risk
16153.0,2011-10-21 10:50:00,2010-12-20 09:22:00,5,1824.23,354,49,0,Others
16156.0,2011-12-01 12:42:00,2011-02-02 12:02:00,9,3122.04,310,8,0,Champions
16157.0,2011-11-24 11:41:00,2011-09-28 11:48:00,3,656.69,72,15,0,Loyal Customers
16159.0,2011-03-03 12:27:00,2011-03-03 12:27:00,1,348.2,281,281,1,At Risk
16160.0,2011-10-05 14:19:00,2011-09-15 10:53:00,2,1025.44,85,64,0,Others
16161.0,2011-12-08 12:10:00,2010-12-06 10:03:00,19,5575.56,368,1,0,Champions
16162.0,2011-04-01 15:03:00,2011-04-01 15:03:00,1,37.4,251,251,1,At Risk
16163.0,2011-04-21 15:15:00,2010-12-09 16:28:00,2,856.6,364,231,1,At Risk
16164.0,2011-11-22 15:04:00,2011-10-28 09:12:00,3,822.48,42,16,0,Loyal Customers
16168.0,2011-11-29 12:45:00,2010-12-05 11:38:00,27,3787.6,369,10,0,Champions
16169.0,2011-12-01 15:28:00,2011-09-25 11:33:00,4,1822.97,75,7,0,Loyal Customers
16170.0,2011-10-20 08:21:00,2011-04-05 13:42:00,6,1885.05,247,50,0,Others
16171.0,2011-10-11 14:51:00,2011-10-11 14:51:00,1,73.19999999999999,58,58,0,Others
16172.0,2011-09-05 13:22:00,2011-04-12 12:02:00,5,1140.21,241,94,1,At Risk
16173.0,2011-11-24 10:53:00,2011-09-02 15:23:00,6,1418.32,97,15,0,Loyal Customers
16174.0,2011-08-05 13:26:00,2011-07-11 09:23:00,3,1009.55,151,125,1,At Risk
16175.0,2011-09-06 14:32:00,2011-04-13 14:38:00,4,1037.5900000000001,239,93,1,At Risk
16177.0,2011-10-20 12:57:00,2011-10-20 12:57:00,1,331.95,49,49,0,Others
16178.0,2011-07-24 16:05:00,2011-07-24 16:05:00,1,197.9,137,137,1,At Risk
16179.0,2011-10-10 09:41:00,2011-10-10 09:41:00,1,215.83,60,60,0,Others
16180.0,2011-08-31 16:28:00,2011-04-01 10:23:00,8,10254.18,252,99,1,At Risk
16181.0,2011-09-27 13:38:00,2011-09-27 13:38:00,1,305.54,72,72,0,At Risk
16182.0,2011-09-28 13:23:00,2011-02-18 10:11:00,4,6617.65,294,71,0,Others
16183.0,2011-10-03 14:59:00,2011-10-03 14:59:00,1,338.71000000000004,66,66,0,Others
16184.0,2011-10-06 17:43:00,2011-05-12 13:33:00,6,1158.79,210,63,0,Others
16185.0,2011-11-23 09:41:00,2011-04-21 11:59:00,2,529.41,232,16,0,Potential Loyalist
16186.0,2011-11-17 12:43:00,2010-12-02 14:40:00,12,4006.94,371,22,0,Loyal Customers
16187.0,2011-11-08 09:50:00,2011-02-28 13:34:00,15,6911.4400000000005,283,31,0,Loyal Customers
16188.0,2011-10-26 12:19:00,2011-04-11 09:44:00,4,981.86,242,44,0,Others
16189.0,2011-11-24 11:47:00,2011-09-15 15:21:00,2,215.48,84,15,0,Potential Loyalist
16190.0,2011-10-30 15:59:00,2011-10-30 15:59:00,1,215.08,39,39,0,Others
16191.0,2011-12-07 11:26:00,2010-12-14 12:38:00,13,5180.52,360,2,0,Champions
16193.0,2011-04-17 11:45:00,2011-04-17 11:45:00,1,314.45,236,236,1,At Risk
16198.0,2011-09-25 14:58:00,2011-09-25 14:58:00,1,400.68100000000004,74,74,0,At Risk
16200.0,2011-12-05 14:40:00,2011-06-28 15:47:00,2,1080.6200000000001,163,3,0,Potential Loyalist
16201.0,2011-12-06 16:02:00,2011-08-22 10:47:00,4,1863.47,109,2,0,Loyal Customers
16202.0,2010-12-14 10:43:00,2010-12-14 10:43:00,1,365.27,360,360,1,At Risk
16203.0,2011-10-12 12:31:00,2010-12-02 15:39:00,4,592.9,371,58,0,Others
16204.0,2011-11-16 13:40:00,2011-11-16 13:40:00,1,405.71,22,22,0,Potential Loyalist
16205.0,2011-11-09 09:32:00,2011-06-13 11:33:00,4,761.38,179,30,0,Loyal Customers
16206.0,2011-10-16 10:41:00,2011-01-16 11:07:00,4,537.0600000000001,327,54,0,Others
16207.0,2011-11-14 13:51:00,2011-11-14 13:51:00,1,394.38,24,24,0,Potential Loyalist
16208.0,2011-10-26 11:36:00,2011-02-23 13:37:00,2,664.26,288,44,0,Others
16209.0,2011-09-12 11:58:00,2011-04-07 12:23:00,5,2262.62,246,88,0,At Risk
16210.0,2011-12-08 12:36:00,2010-12-01 12:27:00,18,21086.3,373,1,0,Champions
16211.0,2011-09-12 12:11:00,2011-09-12 12:11:00,1,547.02,88,88,0,At Risk
16212.0,2011-11-20 13:00:00,2011-03-01 12:51:00,2,690.34,282,18,0,Potential Loyalist
16213.0,2011-09-22 10:03:00,2011-09-22 10:03:00,1,159.0,78,78,0,At Risk
16214.0,2011-06-22 11:30:00,2011-03-15 13:23:00,3,1062.75,268,170,1,At Risk
16215.0,2011-09-20 10:18:00,2011-09-20 10:18:00,1,242.35,80,80,0,At Risk
16216.0,2011-03-17 15:34:00,2011-03-17 15:34:00,1,914.9300000000001,266,266,1,At Risk
16217.0,2011-04-18 13:31:00,2011-03-02 15:28:00,2,304.25,281,234,1,At Risk
16218.0,2011-11-10 09:59:00,2010-12-01 11:29:00,7,3084.68,373,29,0,Loyal Customers
16221.0,2011-11-03 11:43:00,2010-12-07 13:13:00,3,864.86,366,36,0,Others
16222.0,2011-01-25 13:38:00,2011-01-25 13:38:00,1,846.72,317,317,1,At Risk
16224.0,2011-10-13 17:51:00,2011-04-04 12:00:00,4,1295.3,249,56,0,Others
16225.0,2011-10-26 08:30:00,2011-03-07 12:17:00,5,1096.32,277,44,0,Others
16226.0,2011-05-20 14:41:00,2011-04-18 12:58:00,3,255.12,234,202,1,At Risk
16227.0,2011-04-28 13:33:00,2011-04-28 13:33:00,1,314.22,224,224,1,At Risk
16229.0,2011-09-13 17:16:00,2011-05-11 10:18:00,2,1010.6,212,86,0,At Risk
16230.0,2011-06-03 10:06:00,2011-05-03 15:12:00,2,542.03,219,189,1,At Risk
16232.0,2011-10-27 12:16:00,2011-05-08 14:05:00,4,990.88,214,43,0,Others
16233.0,2011-09-29 17:27:00,2010-12-08 12:51:00,3,536.6800000000001,365,70,0,Others
16235.0,2011-10-30 10:56:00,2011-01-11 15:42:00,5,867.3100000000001,331,40,0,Others
16236.0,2011-09-22 14:10:00,2011-09-22 14:10:00,1,432.2,77,77,0,At Risk
16239.0,2011-10-14 08:29:00,2011-06-03 09:30:00,2,414.2,189,56,0,Others
16240.0,2011-11-15 14:30:00,2011-09-23 13:44:00,2,3718.8,76,23,0,Potential Loyalist
16241.0,2011-11-30 11:08:00,2010-12-05 11:04:00,13,2607.87,369,9,0,Champions
16242.0,2011-12-01 15:12:00,2011-03-07 17:04:00,7,3603.21,276,7,0,Champions
16243.0,2011-11-06 12:32:00,2011-10-16 12:09:00,2,409.1,54,33,0,Others
16244.0,2011-05-12 10:18:00,2010-12-02 11:41:00,2,1522.75,372,211,1,At Risk
16245.0,2011-11-16 10:14:00,2011-03-28 09:30:00,3,1413.66,256,23,0,Loyal Customers
16247.0,2011-06-22 14:23:00,2011-06-22 14:23:00,1,114.56,169,169,1,At Risk
16248.0,2011-10-09 11:32:00,2011-10-09 11:32:00,1,152.94,61,61,0,Others
16249.0,2011-10-18 10:07:00,2011-04-14 13:50:00,5,1800.07,238,52,0,Others
16250.0,2011-03-23 15:07:00,2010-12-01 09:59:00,2,389.44,373,260,1,At Risk
16253.0,2011-10-04 09:09:00,2011-03-29 13:33:00,2,3683.86,254,66,0,Others
16255.0,2011-11-23 12:40:00,2010-12-09 14:25:00,8,2619.91,364,16,0,Loyal Customers
16256.0,2011-03-18 12:18:00,2011-03-18 12:18:00,1,752.4300000000001,266,266,1,At Risk
16257.0,2011-06-16 10:11:00,2011-06-16 10:11:00,1,46.95,176,176,1,At Risk
16258.0,2011-10-25 13:30:00,2011-05-04 14:33:00,5,5203.51,218,44,0,Others
16260.0,2011-10-20 09:40:00,2011-10-20 09:40:00,1,1035.45,50,50,0,Others
16261.0,2011-11-22 17:23:00,2011-04-07 19:05:00,4,746.83,245,16,0,Loyal Customers
16265.0,2011-11-30 16:41:00,2010-12-10 10:21:00,9,5447.0,364,8,0,Champions
16266.0,2011-09-27 12:08:00,2011-05-17 14:50:00,7,861.89,205,73,0,At Risk
16268.0,2011-09-29 18:30:00,2011-09-29 18:30:00,2,667.65,70,70,0,Others
16270.0,2010-12-21 14:26:00,2010-12-21 14:26:00,1,1141.24,352,352,1,At Risk
16271.0,2011-12-07 12:45:00,2010-12-16 16:36:00,5,1429.24,357,2,0,Loyal Customers
16272.0,2011-08-15 10:54:00,2011-08-15 10:53:00,1,411.7,116,116,1,At Risk
16274.0,2010-12-01 15:35:00,2010-12-01 15:35:00,1,357.95,372,372,1,At Risk
16275.0,2011-05-27 12:41:00,2011-05-27 12:41:00,1,559.87,196,196,1,At Risk
16276.0,2011-06-16 09:34:00,2011-06-16 09:34:00,1,810.6,176,176,1,At Risk
16278.0,2011-08-31 17:12:00,2011-08-31 17:12:00,1,566.38,99,99,1,At Risk
16279.0,2011-11-18 15:00:00,2011-06-16 11:50:00,3,1509.58,176,20,0,Loyal Customers
16281.0,2011-09-28 14:57:00,2011-09-28 14:57:00,1,2062.06,71,71,0,Others
16282.0,2011-01-04 11:42:00,2011-01-04 11:42:00,1,168.3,339,339,1,At Risk
16283.0,2011-12-04 12:08:00,2011-05-15 13:37:00,5,1570.81,207,5,0,Loyal Customers
16284.0,2011-11-08 16:12:00,2011-10-20 13:54:00,2,823.97,49,30,0,Potential Loyalist
16287.0,2011-06-23 09:08:00,2011-06-23 09:08:00,1,142.5,169,169,1,At Risk
16292.0,2011-08-10 12:24:00,2011-08-10 12:24:00,1,302.25,121,121,1,At Risk
16293.0,2011-11-18 09:58:00,2010-12-07 15:02:00,10,2248.9900000000002,366,21,0,Loyal Customers
16295.0,2011-11-30 08:17:00,2011-10-06 10:45:00,4,1328.55,64,9,0,Loyal Customers
16297.0,2011-03-16 08:29:00,2011-03-16 08:29:00,1,301.9,268,268,1,At Risk
16298.0,2011-11-17 11:59:00,2011-06-06 10:06:00,3,598.2,186,22,0,Loyal Customers
16302.0,2011-08-05 09:44:00,2011-08-05 09:44:00,1,233.22,126,126,1,At Risk
16303.0,2011-11-14 10:49:00,2011-01-10 14:16:00,3,5360.63,332,25,0,Loyal Customers
16305.0,2011-07-24 12:18:00,2011-07-24 12:18:00,1,361.22,138,138,1,At Risk
16306.0,2011-05-10 12:12:00,2010-12-07 15:18:00,6,632.27,366,213,1,At Risk
16308.0,2011-11-02 11:24:00,2011-03-23 14:46:00,4,2560.0,260,37,0,Others
16309.0,2011-08-25 15:35:00,2011-04-13 11:46:00,2,706.57,240,105,1,At Risk
16311.0,2011-11-22 08:54:00,2011-10-21 13:13:00,2,616.26,48,17,0,Potential Loyalist
16313.0,2011-12-06 13:02:00,2011-10-21 09:04:00,2,274.15000000000003,49,2,0,Potential Loyalist
16315.0,2011-01-13 11:57:00,2011-01-13 11:57:00,1,226.37,330,330,1,At Risk
16316.0,2011-10-06 13:48:00,2010-12-16 14:26:00,8,2938.91,357,63,0,Others
16317.0,2011-08-12 12:46:00,2011-02-15 14:30:00,3,1341.65,296,119,1,At Risk
16318.0,2011-11-04 13:05:00,2011-11-04 13:05:00,1,328.15000000000003,34,34,0,Others
16319.0,2011-05-06 11:27:00,2011-05-06 11:27:00,1,404.40000000000003,217,217,1,At Risk
16320.0,2011-06-20 15:25:00,2011-05-10 15:31:00,2,1038.46,212,171,1,At Risk
16321.0,2011-09-28 14:55:00,2011-01-20 12:11:00,5,373.65000000000003,323,71,0,Others
16322.0,2011-12-08 15:41:00,2011-11-03 14:33:00,2,326.75,35,0,0,Potential Loyalist
16323.0,2011-05-27 14:48:00,2011-05-27 14:48:00,1,207.50000000000003,195,195,1,At Risk
16324.0,2011-08-03 12:58:00,2011-06-15 14:26:00,3,428.68,176,127,1,At Risk
16325.0,2011-10-24 08:48:00,2011-04-08 09:20:00,3,594.24,245,46,0,Others
16326.0,2011-12-04 10:11:00,2011-01-09 12:01:00,14,3110.96,334,5,0,Champions
16327.0,2011-11-25 13:23:00,2010-12-05 12:43:00,6,3844.2200000000003,369,13,0,Loyal Customers
16330.0,2011-11-22 12:24:00,2011-08-19 17:08:00,3,251.91,111,17,0,Loyal Customers
16332.0,2011-11-11 14:22:00,2011-02-07 14:16:00,7,1593.2,304,27,0,Loyal Customers
16333.0,2011-12-02 12:19:00,2011-02-03 10:50:00,22,26626.8,309,7,0,Champions
16337.0,2011-11-03 10:03:00,2011-11-03 10:03:00,1,151.05,36,36,0,Others
16338.0,2011-07-05 13:56:00,2011-07-05 13:56:00,1,214.8,156,156,1,At Risk
16339.0,2011-02-28 13:41:00,2011-02-28 13:41:00,1,109.95,283,283,1,At Risk
16340.0,2011-08-24 14:53:00,2011-08-24 14:53:00,1,549.07,106,106,1,At Risk
16341.0,2011-11-15 09:12:00,2011-05-22 13:20:00,4,1971.8700000000001,200,24,0,Loyal Customers
16342.0,2011-09-25 14:36:00,2011-06-13 10:10:00,4,322.41,179,74,0,At Risk
16343.0,2011-11-23 17:45:00,2011-11-23 17:43:00,2,370.48,15,15,0,Potential Loyalist
16344.0,2011-07-04 15:50:00,2011-07-04 15:50:00,1,101.10000000000001,157,157,1,At Risk
16345.0,2011-10-26 16:03:00,2011-10-26 16:03:00,1,575.41,43,43,0,Others
16347.0,2011-11-28 13:14:00,2011-11-03 13:01:00,2,887.65,35,10,0,Potential Loyalist
16348.0,2011-11-07 15:44:00,2011-04-13 15:49:00,7,1469.45,239,31,0,Loyal Customers
16349.0,2011-02-22 12:40:00,2011-02-22 12:40:00,1,53.5,290,290,1,At Risk
16350.0,2011-11-18 15:53:00,2011-01-10 09:44:00,4,1116.47,333,20,0,Loyal Customers
16351.0,2011-01-11 10:26:00,2011-01-11 10:26:00,1,153.9,332,332,1,At Risk
16352.0,2011-11-22 10:32:00,2011-11-02 08:44:00,2,494.44,37,17,0,Potential Loyalist
16353.0,2011-12-06 12:23:00,2010-12-05 12:09:00,23,6675.71,369,3,0,Champions
16354.0,2011-10-07 14:28:00,2011-09-27 16:28:00,2,395.8,72,62,0,Others
16356.0,2011-05-26 11:51:00,2011-03-07 12:31:00,3,211.77,277,197,1,At Risk
16357.0,2011-11-06 16:04:00,2011-05-10 10:35:00,3,658.88,213,32,0,Loyal Customers
16358.0,2011-12-08 15:09:00,2011-06-08 15:05:00,4,2027.5,183,0,0,Loyal Customers
16359.0,2011-12-02 17:04:00,2011-01-12 10:49:00,9,1750.92,331,6,0,Loyal Customers
16360.0,2011-12-05 12:16:00,2011-09-12 13:50:00,6,3512.53,87,4,0,Champions
16361.0,2011-11-30 12:32:00,2011-09-29 13:13:00,4,896.66,70,9,0,Loyal Customers
16362.0,2011-11-07 13:01:00,2011-09-09 14:47:00,5,734.77,90,31,0,Loyal Customers
16363.0,2011-10-17 14:14:00,2011-10-17 14:14:00,1,109.36000000000001,52,52,0,Others
16364.0,2011-11-28 11:27:00,2011-07-25 14:35:00,2,707.04,136,11,0,Potential Loyalist
16365.0,2011-11-22 11:24:00,2010-12-07 17:19:00,9,1540.42,366,17,0,Loyal Customers
16366.0,2011-11-21 08:19:00,2011-11-21 08:19:00,1,327.3,18,18,0,Potential Loyalist
16367.0,2011-11-02 13:13:00,2010-12-12 12:01:00,2,804.49,362,36,0,Others
16368.0,2011-12-07 13:12:00,2011-11-11 15:08:00,2,497.43,27,1,0,Potential Loyalist
16369.0,2011-11-21 16:25:00,2011-05-27 09:39:00,3,1553.66,196,17,0,Loyal Customers
16370.0,2011-09-18 15:55:00,2011-04-28 16:40:00,4,1320.56,224,81,0,At Risk
16372.0,2011-11-06 13:08:00,2011-11-06 12:50:00,2,367.93,33,32,0,Potential Loyalist
16374.0,2011-10-04 15:21:00,2011-03-22 13:46:00,2,473.03,261,65,0,Others
16376.0,2011-12-01 11:38:00,2011-11-22 16:47:00,2,987.01,16,8,0,Potential Loyalist
16377.0,2011-03-17 15:41:00,2011-03-17 15:41:00,1,676.2,266,266,1,At Risk
16378.0,2011-04-06 15:07:00,2011-02-02 12:42:00,3,362.95,310,246,1,At Risk
16379.0,2011-12-05 15:38:00,2011-09-22 09:33:00,4,2157.4,78,3,0,Loyal Customers
16380.0,2011-10-09 15:40:00,2011-10-09 15:40:00,1,1780.59,60,60,0,Others
16383.0,2011-09-26 12:45:00,2011-03-16 13:00:00,2,668.36,267,74,0,At Risk
16384.0,2011-09-11 11:19:00,2011-03-21 10:13:00,2,584.5,263,89,0,At Risk
16385.0,2011-10-10 13:12:00,2010-12-08 12:56:00,3,555.89,365,59,0,Others
16386.0,2011-11-11 12:28:00,2011-03-31 12:19:00,2,317.2,253,28,0,Potential Loyalist
16387.0,2011-01-21 11:34:00,2011-01-21 11:34:00,1,94.36,322,322,1,At Risk
16389.0,2011-10-17 14:41:00,2011-03-01 15:47:00,4,1382.0700000000002,282,52,0,Others
16392.0,2011-03-15 12:11:00,2011-03-15 12:11:00,1,221.19,269,269,1,At Risk
16393.0,2011-12-07 12:51:00,2010-12-05 13:10:00,13,3046.21,368,1,0,Champions
16394.0,2011-10-14 09:48:00,2011-02-23 10:58:00,5,1555.34,289,56,0,Others
16395.0,2011-10-10 12:50:00,2011-01-13 12:10:00,5,1486.9,330,60,0,Others
16398.0,2011-07-08 15:16:00,2011-03-31 09:38:00,2,1705.8,253,153,1,At Risk
16399.0,2011-11-20 16:12:00,2011-04-18 13:46:00,2,408.57,234,18,0,Potential Loyalist
16400.0,2011-09-06 12:27:00,2011-09-06 12:27:00,1,303.93,94,94,1,At Risk
16401.0,2011-12-08 18:15:00,2011-01-16 10:56:00,12,4098.32,327,0,0,Champions
16402.0,2011-03-20 12:25:00,2010-12-05 13:42:00,2,299.6,368,264,1,At Risk
16403.0,2011-01-31 13:39:00,2011-01-31 13:39:00,1,177.5,311,311,1,At Risk
16404.0,2011-09-30 14:55:00,2011-09-30 14:55:00,1,443.05,69,69,0,Others
16405.0,2011-02-10 15:24:00,2011-02-02 17:08:00,2,167.25,309,301,1,At Risk
16406.0,2011-11-21 11:57:00,2011-11-21 11:57:00,1,163.07,18,18,0,Potential Loyalist
16407.0,2011-11-27 11:05:00,2011-01-31 14:02:00,10,2126.93,311,12,0,Champions
16409.0,2011-11-03 16:45:00,2011-01-26 14:51:00,5,2028.88,316,35,0,Others
16411.0,2011-11-20 13:23:00,2010-12-05 13:26:00,2,214.65,368,18,0,Potential Loyalist
16412.0,2011-10-17 12:35:00,2011-10-17 12:35:00,1,151.83,53,53,0,Others
16413.0,2011-10-14 12:08:00,2011-10-14 12:08:00,1,262.2,56,56,0,Others
16414.0,2011-11-18 09:42:00,2011-03-04 13:27:00,2,126.25,279,21,0,Potential Loyalist
16415.0,2011-10-26 13:35:00,2011-10-26 13:35:00,1,210.35,43,43,0,Others
16416.0,2011-11-13 12:50:00,2011-10-14 13:35:00,3,1051.4,55,26,0,Loyal Customers
16418.0,2011-10-26 12:39:00,2011-04-27 16:54:00,3,675.27,225,44,0,Others
16419.0,2011-08-19 12:33:00,2011-02-01 12:25:00,6,972.23,311,112,1,At Risk
16422.0,2011-11-22 14:00:00,2010-12-05 15:35:00,51,34684.4,368,16,0,Loyal Customers
16423.0,2011-11-15 09:21:00,2011-11-15 09:21:00,1,346.12,24,24,0,Potential Loyalist
16424.0,2011-06-01 13:40:00,2011-06-01 13:40:00,1,133.56,190,190,1,At Risk
16425.0,2011-02-10 14:30:00,2011-02-10 14:30:00,1,302.7,301,301,1,At Risk
16426.0,2011-12-07 14:01:00,2011-03-08 15:45:00,10,1908.25,275,1,0,Loyal Customers
16427.0,2011-03-21 17:10:00,2011-02-28 15:18:00,2,241.06,283,262,1,At Risk
16429.0,2011-08-25 13:54:00,2011-08-25 13:54:00,1,284.55,105,105,1,At Risk
16430.0,2011-10-13 14:47:00,2011-10-13 14:47:00,1,300.85,56,56,0,Others
16431.0,2011-05-10 14:09:00,2011-02-15 14:02:00,3,642.81,296,212,1,At Risk
16432.0,2011-10-06 13:59:00,2011-10-06 13:59:00,1,287.40000000000003,63,63,0,Others
16433.0,2011-11-11 14:09:00,2011-11-11 14:09:00,1,184.26,27,27,0,Potential Loyalist
16434.0,2011-11-10 14:28:00,2011-02-13 12:17:00,7,1522.25,299,28,0,Loyal Customers
16438.0,2011-12-04 10:51:00,2011-09-18 13:31:00,5,798.35,81,5,0,Loyal Customers
16440.0,2011-12-02 12:02:00,2011-05-09 12:25:00,5,3640.67,214,7,0,Loyal Customers
16441.0,2011-10-03 17:48:00,2011-02-21 17:35:00,2,381.2,290,66,0,Others
16442.0,2011-12-08 11:43:00,2010-12-14 10:46:00,3,616.79,360,1,0,Loyal Customers
16444.0,2011-10-24 13:50:00,2011-03-20 12:14:00,4,654.67,264,45,0,Others
16445.0,2011-11-06 12:32:00,2011-11-06 12:32:00,1,230.51,33,33,0,Others
16446.0,2011-12-09 09:15:00,2011-05-18 09:52:00,2,168472.5,205,0,0,Potential Loyalist
16447.0,2011-07-27 12:45:00,2011-07-27 12:45:00,1,259.01,135,135,1,At Risk
16448.0,2011-05-25 16:28:00,2011-05-25 16:28:00,1,188.89000000000001,197,197,1,At Risk
16449.0,2011-05-26 10:25:00,2011-03-04 12:15:00,2,707.69,280,197,1,At Risk
16450.0,2011-07-13 11:47:00,2011-07-13 11:47:00,1,311.92,149,149,1,At Risk
16451.0,2011-09-13 09:17:00,2011-09-13 09:17:00,1,266.97,87,87,0,At Risk
16454.0,2011-10-26 11:40:00,2011-10-06 16:57:00,2,6.9,63,44,0,Others
16455.0,2011-10-07 12:17:00,2010-12-03 16:44:00,7,1841.18,370,63,0,Others
16456.0,2011-09-01 13:50:00,2010-12-01 14:11:00,5,2158.37,372,98,1,At Risk
16457.0,2011-05-05 13:19:00,2011-05-05 13:19:00,1,208.36,217,217,1,At Risk
16458.0,2011-12-07 09:34:00,2010-12-14 11:51:00,18,3482.7400000000002,360,2,0,Champions
16460.0,2011-11-11 13:46:00,2011-09-19 10:15:00,3,814.72,81,27,0,Loyal Customers
16461.0,2011-06-15 12:07:00,2011-06-15 12:07:00,1,151.42,177,177,1,At Risk
16462.0,2011-09-27 10:24:00,2011-03-01 08:58:00,3,136.0,283,73,0,At Risk
16463.0,2011-11-18 14:01:00,2011-05-19 14:45:00,4,1422.4,203,20,0,Loyal Customers
16464.0,2011-11-20 12:11:00,2011-07-20 13:53:00,3,1314.68,141,19,0,Loyal Customers
16466.0,2011-11-06 11:35:00,2011-02-20 11:39:00,7,1603.46,292,33,0,Others
16468.0,2011-09-26 14:13:00,2011-09-26 14:13:00,1,74.9,73,73,0,At Risk
16469.0,2011-11-16 12:25:00,2011-04-07 13:11:00,4,650.43,245,23,0,Loyal Customers
16470.0,2011-10-19 12:11:00,2010-12-16 11:53:00,4,762.39,358,51,0,Others
16471.0,2011-03-10 09:41:00,2011-03-10 09:41:00,1,223.95000000000002,274,274,1,At Risk
16473.0,2011-06-28 09:10:00,2011-01-07 10:55:00,3,316.11,336,164,1,At Risk
16474.0,2011-12-02 13:02:00,2011-07-17 14:51:00,7,1871.5,144,6,0,Loyal Customers
16475.0,2011-09-12 14:37:00,2011-03-11 09:39:00,4,544.3,273,87,0,At Risk
16477.0,2011-10-07 09:44:00,2010-12-03 12:48:00,7,2494.46,371,63,0,Others
16478.0,2011-11-14 15:51:00,2011-10-05 12:02:00,3,331.0,65,24,0,Loyal Customers
16479.0,2011-11-29 13:40:00,2011-11-29 13:04:00,2,300.83,9,9,0,Potential Loyalist
16480.0,2011-09-25 11:40:00,2011-09-25 11:40:00,1,769.29,75,75,0,At Risk
16482.0,2011-11-24 12:33:00,2011-11-24 12:33:00,1,220.62,15,15,0,Potential Loyalist
16483.0,2011-05-31 13:08:00,2011-05-31 13:08:00,1,139.35,191,191,1,At Risk
16484.0,2011-06-19 12:06:00,2011-06-02 10:39:00,2,404.3,190,173,1,At Risk
16485.0,2011-09-23 15:50:00,2011-09-23 15:50:00,1,363.65,76,76,0,At Risk
16488.0,2011-11-06 13:42:00,2011-07-14 11:46:00,3,498.8,148,32,0,Loyal Customers
16491.0,2011-10-24 10:18:00,2011-10-24 10:18:00,1,731.5,46,46,0,Others
16493.0,2011-09-21 11:10:00,2011-01-14 08:16:00,4,1351.63,329,79,0,At Risk
16494.0,2011-02-16 12:49:00,2011-02-16 12:49:00,1,826.53,296,296,1,At Risk
16495.0,2011-12-06 13:20:00,2011-03-08 16:38:00,3,684.41,275,2,0,Loyal Customers
16496.0,2011-12-01 10:31:00,2011-01-27 09:42:00,3,1599.52,316,8,0,Loyal Customers
16497.0,2011-10-21 10:55:00,2011-01-10 13:20:00,6,2965.69,332,49,0,Others
16498.0,2011-07-01 15:07:00,2011-06-30 19:52:00,2,100.97,161,160,1,At Risk
16499.0,2010-12-14 13:31:00,2010-12-10 10:27:00,2,365.45,364,359,1,At Risk
16500.0,2011-12-05 12:04:00,2011-01-13 10:28:00,6,400.86,330,4,0,Loyal Customers
16503.0,2011-08-25 11:46:00,2010-12-14 13:50:00,4,1431.93,359,106,1,At Risk
16504.0,2011-11-14 15:18:00,2011-11-14 15:18:00,1,484.38,24,24,0,Potential Loyalist
16505.0,2011-11-08 12:14:00,2011-11-08 12:14:00,1,777.6,31,31,0,Potential Loyalist
16506.0,2011-11-20 12:17:00,2011-10-30 15:50:00,2,90.30000000000001,39,19,0,Potential Loyalist
16509.0,2011-02-16 09:25:00,2011-02-16 09:25:00,1,363.70000000000005,296,296,1,At Risk
16510.0,2010-12-02 13:39:00,2010-12-02 13:39:00,1,248.1,371,371,1,At Risk
16511.0,2011-11-18 10:41:00,2011-03-18 11:24:00,3,950.26,266,21,0,Loyal Customers
16513.0,2011-12-05 10:18:00,2011-10-27 14:56:00,4,874.59,42,4,0,Loyal Customers
16515.0,2011-10-18 13:10:00,2011-02-01 13:09:00,5,1627.13,310,51,0,Others
16516.0,2011-11-09 14:59:00,2011-11-09 14:59:00,1,101.69999999999999,29,29,0,Potential Loyalist
16517.0,2011-03-07 13:50:00,2011-03-07 13:50:00,1,162.70000000000002,276,276,1,At Risk
16518.0,2011-10-09 15:04:00,2011-02-28 16:36:00,2,484.32,283,60,0,Others
16519.0,2011-11-14 15:41:00,2010-12-09 14:08:00,2,215.07999999999998,364,24,0,Potential Loyalist
16520.0,2011-06-06 13:24:00,2010-12-09 13:08:00,3,1046.57,364,185,1,At Risk
16523.0,2011-12-08 09:06:00,2011-01-28 12:06:00,21,9418.470000000001,315,1,0,Champions
16525.0,2011-12-07 15:07:00,2010-12-08 11:31:00,26,13027.45,366,1,0,Champions
16526.0,2011-06-21 12:02:00,2011-06-21 12:02:00,1,290.36,171,171,1,At Risk
16527.0,2011-09-19 16:21:00,2011-09-19 16:21:00,1,228.06,80,80,0,At Risk
16528.0,2011-12-06 12:45:00,2011-12-06 12:45:00,1,244.41,3,3,0,Potential Loyalist
16529.0,2011-06-02 17:23:00,2011-06-02 17:23:00,1,455.25,189,189,1,At Risk
16531.0,2011-11-17 16:29:00,2010-12-14 13:19:00,7,1244.59,359,21,0,Loyal Customers
16532.0,2011-11-22 11:08:00,2011-01-05 12:37:00,3,6748.8,338,17,0,Loyal Customers
16533.0,2011-11-20 13:08:00,2011-10-02 15:07:00,3,1095.56,67,18,0,Loyal Customers
16535.0,2011-12-04 15:18:00,2011-12-04 15:18:00,1,593.75,4,4,0,Potential Loyalist
16536.0,2011-08-21 15:54:00,2011-08-21 15:54:00,1,548.97,109,109,1,At Risk
16539.0,2011-12-07 08:41:00,2010-12-01 15:40:00,4,1388.81,372,2,0,Loyal Customers
16542.0,2011-10-17 10:47:00,2011-10-17 10:47:00,1,119.62,53,53,0,Others
16545.0,2011-06-28 10:37:00,2011-06-28 10:37:00,1,339.3,164,164,1,At Risk
16546.0,2011-02-22 11:20:00,2010-12-02 12:07:00,2,787.15,372,290,1,At Risk
16549.0,2011-11-29 15:06:00,2011-01-09 14:03:00,10,4154.64,333,9,0,Champions
16550.0,2011-08-23 11:12:00,2010-12-06 13:53:00,5,2298.97,367,108,1,At Risk
16551.0,2011-09-05 09:38:00,2011-01-07 10:24:00,3,922.12,336,95,1,At Risk
16552.0,2011-04-11 10:04:00,2010-12-01 12:36:00,2,379.73,373,242,1,At Risk
16553.0,2011-06-29 15:42:00,2010-12-14 13:58:00,12,5719.82,359,162,1,At Risk
16554.0,2011-10-28 14:51:00,2011-01-12 12:41:00,3,837.1,331,41,0,Others
16555.0,2011-11-04 14:31:00,2011-08-22 12:32:00,2,285.89,109,34,0,Others
16556.0,2011-10-04 11:36:00,2010-12-14 13:32:00,7,3313.79,359,66,0,Others
16557.0,2011-11-15 14:04:00,2011-07-25 13:28:00,2,281.85,136,23,0,Potential Loyalist
16558.0,2011-12-09 10:20:00,2010-12-08 12:01:00,20,8338.49,366,0,0,Champions
16560.0,2011-11-13 10:35:00,2010-12-16 14:36:00,2,841.41,357,26,0,Potential Loyalist
16561.0,2011-12-04 11:50:00,2011-10-11 09:53:00,2,511.12,59,5,0,Potential Loyalist
16563.0,2011-10-17 11:51:00,2011-10-17 11:51:00,1,1077.74,53,53,0,Others
16565.0,2010-12-10 15:21:00,2010-12-10 15:21:00,1,173.7,363,363,1,At Risk
16566.0,2011-11-24 16:34:00,2011-02-20 10:29:00,5,614.66,292,14,0,Loyal Customers
16567.0,2011-05-29 13:57:00,2011-01-07 09:31:00,2,865.6,336,193,1,At Risk
16569.0,2011-12-06 15:32:00,2011-12-06 15:32:00,1,124.2,2,2,0,Potential Loyalist
16570.0,2011-11-24 17:02:00,2011-02-01 10:37:00,10,3738.4,311,14,0,Loyal Customers
16571.0,2011-11-13 11:46:00,2011-03-03 09:41:00,3,1421.69,281,26,0,Loyal Customers
16572.0,2011-08-04 16:34:00,2011-03-09 12:04:00,3,1009.6,275,126,1,At Risk
16573.0,2011-09-16 09:13:00,2011-02-22 15:14:00,2,663.61,289,84,0,At Risk
16574.0,2011-09-29 13:39:00,2011-09-29 13:39:00,1,451.44,70,70,0,Others
16581.0,2011-06-10 10:05:00,2011-06-10 10:05:00,1,105.84,182,182,1,At Risk
16582.0,2011-08-18 17:02:00,2011-08-18 17:02:00,1,313.62,112,112,1,At Risk
16583.0,2010-12-01 12:03:00,2010-12-01 12:03:00,1,233.45,373,373,1,At Risk
16584.0,2011-09-20 13:45:00,2011-03-30 13:14:00,2,936.08,253,79,0,At Risk
16586.0,2011-04-05 09:32:00,2011-04-05 09:32:00,1,463.95,248,248,1,At Risk
16587.0,2011-04-21 15:51:00,2011-04-21 15:51:00,1,225.15,231,231,1,At Risk
16589.0,2011-09-29 14:50:00,2011-07-01 13:31:00,3,459.24,160,70,0,Others
16591.0,2011-10-02 10:43:00,2011-10-02 10:43:00,1,213.5,68,68,0,Others
16592.0,2011-12-05 13:49:00,2011-02-25 10:19:00,16,4113.68,287,3,0,Champions
16593.0,2011-10-20 12:41:00,2011-01-16 12:11:00,3,330.03,327,50,0,Others
16594.0,2011-09-25 14:08:00,2011-09-25 14:08:00,1,181.09,74,74,0,At Risk
16595.0,2011-10-09 13:15:00,2011-10-09 13:15:00,1,360.16,60,60,0,Others
16596.0,2011-11-24 10:02:00,2010-12-08 16:18:00,2,250.15,365,15,0,Potential Loyalist
16597.0,2011-12-05 15:44:00,2011-12-05 15:44:00,1,90.04,3,3,0,Potential Loyalist
16598.0,2011-02-27 11:42:00,2011-02-27 11:42:00,1,145.05,285,285,1,At Risk
16600.0,2011-12-05 16:00:00,2011-01-05 12:13:00,6,813.52,338,3,0,Loyal Customers
16601.0,2011-10-30 11:09:00,2011-10-30 11:09:00,1,244.8,40,40,0,Others
16602.0,2011-11-03 15:54:00,2011-11-03 15:54:00,1,528.08,35,35,0,Others
16603.0,2011-09-26 10:06:00,2011-09-09 13:02:00,2,482.47,90,74,0,At Risk
16607.0,2011-11-22 10:24:00,2010-12-16 08:41:00,14,3347.71,358,17,0,Loyal Customers
16609.0,2011-11-24 13:32:00,2011-04-01 10:11:00,7,5493.46,252,14,0,Loyal Customers
16610.0,2011-05-04 13:13:00,2011-05-04 13:13:00,1,75.66,218,218,1,At Risk
16611.0,2011-06-06 15:46:00,2011-06-06 15:46:00,1,129.49,185,185,1,At Risk
16612.0,2011-11-07 07:38:00,2011-02-01 10:38:00,4,1187.66,311,32,0,Loyal Customers
16613.0,2011-09-30 15:52:00,2011-09-30 15:52:00,1,618.59,69,69,0,Others
16614.0,2011-06-10 11:36:00,2011-06-10 11:36:00,1,506.19,182,182,1,At Risk
16616.0,2011-11-24 16:31:00,2011-07-05 13:38:00,2,500.42,156,14,0,Potential Loyalist
16617.0,2011-04-18 10:35:00,2011-04-18 10:35:00,1,151.85,235,235,1,At Risk
16618.0,2011-11-08 13:52:00,2011-01-21 11:55:00,5,2647.59,322,30,0,Loyal Customers
16619.0,2011-03-21 08:18:00,2011-03-21 08:18:00,1,226.21,263,263,1,At Risk
16620.0,2011-12-06 12:19:00,2011-03-24 10:37:00,2,178.96,260,3,0,Potential Loyalist
16621.0,2011-10-19 11:38:00,2011-03-07 11:32:00,4,813.48,277,51,0,Others
16623.0,2011-04-08 10:09:00,2011-04-08 10:09:00,1,129.45000000000002,245,245,1,At Risk
16624.0,2011-09-20 12:39:00,2011-05-26 14:20:00,2,810.57,196,80,0,At Risk
16625.0,2011-03-10 12:50:00,2011-03-10 12:50:00,1,333.08,274,274,1,At Risk
16626.0,2011-12-09 11:56:00,2011-03-18 12:27:00,17,4413.1,266,0,0,Champions
16627.0,2011-09-21 14:38:00,2011-09-21 14:38:00,1,322.8,78,78,0,At Risk
16628.0,2011-11-10 12:45:00,2011-04-19 08:55:00,5,2188.05,234,29,0,Loyal Customers
16629.0,2011-09-27 10:34:00,2011-09-04 16:12:00,2,417.73,95,73,0,At Risk
16633.0,2011-11-22 13:41:00,2011-04-19 14:36:00,6,2883.1,233,16,0,Loyal Customers
16634.0,2011-05-01 12:09:00,2010-12-02 17:41:00,2,217.9,371,222,1,At Risk
16637.0,2011-11-07 13:17:00,2011-04-28 10:20:00,4,1154.47,225,31,0,Loyal Customers
16638.0,2011-11-17 11:09:00,2010-12-06 10:19:00,10,1680.72,368,22,0,Loyal Customers
16639.0,2011-11-08 13:20:00,2011-04-18 09:31:00,3,1257.51,235,30,0,Loyal Customers
16641.0,2011-08-26 12:49:00,2011-08-26 12:49:00,1,231.1,105,105,1,At Risk
16642.0,2011-12-05 11:31:00,2011-05-16 12:35:00,2,688.33,207,4,0,Potential Loyalist
16643.0,2011-04-08 08:24:00,2011-04-08 08:24:00,1,487.51,245,245,1,At Risk
16644.0,2011-06-15 12:39:00,2011-05-11 12:53:00,2,833.78,211,177,1,At Risk
16647.0,2011-06-23 11:47:00,2011-05-19 09:31:00,2,214.06,204,169,1,At Risk
16648.0,2011-10-28 08:58:00,2011-10-28 08:58:00,1,290.66,42,42,0,Others
16650.0,2011-09-29 09:51:00,2011-09-29 09:51:00,1,518.42,71,71,0,Others
16652.0,2011-10-12 09:38:00,2011-03-11 13:13:00,7,6773.97,272,58,0,Others
16653.0,2011-11-23 14:51:00,2011-09-29 13:38:00,2,1212.66,70,15,0,Potential Loyalist
16654.0,2011-07-21 15:23:00,2010-12-06 15:09:00,4,601.27,367,140,1,At Risk
16655.0,2011-11-22 11:25:00,2011-01-12 10:16:00,6,3794.52,331,17,0,Loyal Customers
16656.0,2011-11-17 14:43:00,2010-12-10 11:23:00,15,8625.8,364,21,0,Loyal Customers
16657.0,2011-11-30 11:48:00,2011-03-30 12:02:00,4,933.62,254,9,0,Loyal Customers
16658.0,2010-12-06 13:47:00,2010-12-06 13:47:00,1,123.24,367,367,1,At Risk
16659.0,2011-06-03 15:03:00,2011-06-03 15:03:00,1,39.12,188,188,1,At Risk
16660.0,2011-11-23 14:53:00,2011-01-24 12:44:00,4,1267.65,319,15,0,Loyal Customers
16665.0,2010-12-12 14:03:00,2010-12-12 14:03:00,1,135.4,361,361,1,At Risk
16666.0,2011-11-20 14:01:00,2011-11-20 14:01:00,1,118.98,18,18,0,Potential Loyalist
16667.0,2011-10-02 15:26:00,2011-02-28 12:57:00,2,570.13,283,67,0,Others
16668.0,2011-11-24 17:43:00,2011-02-28 12:46:00,6,306.72,284,14,0,Loyal Customers
16669.0,2011-11-16 12:26:00,2011-09-22 14:13:00,3,1374.87,77,23,0,Loyal Customers
16670.0,2011-11-23 09:34:00,2010-12-16 10:30:00,11,4095.9,358,16,0,Loyal Customers
16671.0,2011-11-11 13:40:00,2011-06-28 11:20:00,3,1692.27,164,27,0,Loyal Customers
16672.0,2011-12-07 16:29:00,2011-03-18 10:15:00,20,8134.9400000000005,266,1,0,Champions
16674.0,2011-10-16 11:31:00,2011-09-02 13:59:00,2,319.61,97,54,0,Others
16676.0,2011-11-06 12:01:00,2011-01-06 13:00:00,4,1592.12,336,33,0,Others
16678.0,2011-12-07 12:17:00,2011-03-02 09:24:00,12,3109.99,282,2,0,Champions
16679.0,2010-12-08 13:51:00,2010-12-08 13:51:00,1,129.75,365,365,1,At Risk
16680.0,2011-10-27 17:35:00,2011-10-27 17:35:00,1,183.7,42,42,0,Others
16681.0,2011-09-28 11:11:00,2011-03-31 13:46:00,6,1770.3400000000001,252,72,0,At Risk
16682.0,2011-12-05 12:13:00,2011-06-05 11:02:00,5,1028.0,187,4,0,Loyal Customers
16684.0,2011-12-05 14:06:00,2010-12-16 17:34:00,28,66653.56,357,3,0,Champions
16685.0,2011-10-09 13:58:00,2011-10-09 13:44:00,2,324.24,60,60,0,Others
16686.0,2011-10-23 13:49:00,2010-12-19 14:41:00,7,3062.83,354,46,0,Others
16688.0,2011-12-08 15:24:00,2011-10-10 12:23:00,4,1260.8600000000001,60,0,0,Loyal Customers
16689.0,2011-09-25 11:39:00,2011-09-18 13:29:00,2,422.6,81,75,0,At Risk
16690.0,2011-09-28 15:02:00,2011-05-22 10:53:00,2,225.58,201,71,0,Others
16692.0,2011-03-28 14:46:00,2011-02-23 15:41:00,2,1276.0,288,255,1,At Risk
16693.0,2011-10-02 11:10:00,2011-03-13 11:06:00,2,482.01,271,68,0,Others
16696.0,2011-07-27 14:23:00,2011-04-05 15:20:00,4,657.9,247,134,1,At Risk
16697.0,2011-04-12 17:12:00,2011-04-12 17:12:00,1,112.75,240,240,1,At Risk
16698.0,2011-04-27 10:52:00,2011-03-31 13:33:00,2,1998.0,252,226,1,At Risk
16700.0,2011-12-01 11:00:00,2010-12-08 16:34:00,13,5076.55,365,8,0,Champions
16701.0,2011-12-01 11:10:00,2010-12-13 11:51:00,13,5398.3,361,8,0,Champions
16705.0,2011-12-09 12:08:00,2010-12-16 10:51:00,20,14034.99,358,0,0,Champions
16706.0,2011-11-02 13:50:00,2011-08-17 15:53:00,3,531.35,113,36,0,Others
16708.0,2011-10-25 12:20:00,2011-10-25 12:20:00,1,656.63,45,45,0,Others
16709.0,2011-09-16 10:56:00,2011-03-03 10:55:00,5,3029.87,281,84,0,At Risk
16710.0,2011-11-20 14:50:00,2010-12-06 13:13:00,10,2483.04,367,18,0,Loyal Customers
16711.0,2011-12-06 16:32:00,2010-12-17 12:43:00,5,1651.03,357,2,0,Loyal Customers
16712.0,2011-11-30 13:48:00,2011-03-08 15:07:00,11,3645.43,275,8,0,Champions
16713.0,2011-11-21 12:36:00,2010-12-08 13:01:00,15,6923.13,365,18,0,Loyal Customers
16714.0,2011-05-05 11:09:00,2011-01-26 13:40:00,3,1161.53,316,218,1,At Risk
16715.0,2011-09-22 18:15:00,2011-09-22 18:15:00,1,301.71999999999997,77,77,0,At Risk
16716.0,2011-03-18 10:03:00,2011-02-01 15:35:00,2,901.2,310,266,1,At Risk
16717.0,2011-11-16 12:16:00,2010-12-08 16:48:00,6,3858.38,365,23,0,Loyal Customers
16718.0,2010-12-05 13:03:00,2010-12-05 13:03:00,1,623.75,368,368,1,At Risk
16719.0,2011-11-25 09:27:00,2010-12-06 12:06:00,7,1790.42,368,14,0,Loyal Customers
16720.0,2011-11-13 16:22:00,2011-11-13 16:22:00,1,155.24,25,25,0,Potential Loyalist
16721.0,2011-03-22 16:08:00,2011-03-22 16:08:00,1,292.47,261,261,1,At Risk
16722.0,2011-11-22 13:28:00,2010-12-06 12:59:00,13,4730.81,367,16,0,Loyal Customers
16723.0,2011-09-09 13:01:00,2011-08-24 11:31:00,2,589.15,107,90,0,At Risk
16725.0,2011-02-10 16:52:00,2010-12-03 16:02:00,7,781.02,370,301,1,At Risk
16726.0,2011-11-13 14:53:00,2010-12-13 13:28:00,5,1382.02,360,25,0,Loyal Customers
16727.0,2010-12-10 13:48:00,2010-12-10 13:48:00,1,272.82,363,363,1,At Risk
16728.0,2011-10-24 14:36:00,2011-03-20 13:28:00,4,1054.67,263,45,0,Others
16729.0,2011-11-01 14:29:00,2011-04-12 14:22:00,21,7239.92,240,37,0,Others
16730.0,2011-10-18 14:11:00,2011-01-24 14:01:00,3,743.11,318,51,0,Others
16732.0,2011-11-08 09:54:00,2011-11-08 09:54:00,1,603.75,31,31,0,Potential Loyalist
16734.0,2011-10-18 13:44:00,2011-08-17 15:00:00,3,650.51,113,51,0,Others
16735.0,2011-09-22 11:49:00,2011-01-09 12:53:00,5,2300.56,333,78,0,At Risk
16737.0,2011-10-17 13:03:00,2011-10-17 13:03:00,1,417.6,52,52,0,Others
16738.0,2011-02-15 09:46:00,2011-02-15 09:46:00,1,3.75,297,297,1,At Risk
16739.0,2011-06-16 09:17:00,2011-06-16 09:17:00,1,323.0,176,176,1,At Risk
16742.0,2011-10-24 12:02:00,2011-10-24 12:02:00,1,464.9,46,46,0,Others
16743.0,2011-11-10 13:13:00,2010-12-16 12:15:00,7,2238.09,358,28,0,Loyal Customers
16744.0,2011-11-28 13:06:00,2011-06-19 15:13:00,7,1304.76,172,10,0,Loyal Customers
16745.0,2011-09-14 11:58:00,2011-02-01 11:31:00,17,7194.3,311,86,0,At Risk
16746.0,2011-12-05 12:33:00,2010-12-16 11:43:00,18,6697.66,358,4,0,Champions
16747.0,2011-11-02 11:37:00,2011-10-03 10:18:00,2,836.0600000000001,67,37,0,Others
16748.0,2011-11-22 10:17:00,2011-01-09 13:50:00,5,1515.9,333,17,0,Loyal Customers
16750.0,2011-10-26 12:48:00,2011-04-21 16:53:00,5,623.93,231,44,0,Others
16751.0,2011-11-09 10:48:00,2011-11-09 10:48:00,1,1764.72,30,30,0,Potential Loyalist
16752.0,2010-12-02 12:18:00,2010-12-02 12:18:00,1,207.5,372,372,1,At Risk
16753.0,2011-10-12 13:14:00,2011-10-12 13:14:00,1,223.92000000000002,57,57,0,Others
16754.0,2010-12-02 17:38:00,2010-12-02 17:38:00,1,2002.4,371,371,1,At Risk
16755.0,2011-08-17 13:21:00,2011-01-28 10:47:00,3,1496.83,315,113,1,At Risk
16756.0,2011-05-09 09:33:00,2011-05-09 09:33:00,1,239.4,214,214,1,At Risk
16757.0,2011-01-25 11:59:00,2011-01-25 11:59:00,1,106.83000000000001,318,318,1,At Risk
16758.0,2011-10-05 14:47:00,2011-10-05 14:47:00,1,369.34000000000003,64,64,0,Others
16759.0,2011-12-02 12:42:00,2011-11-09 09:06:00,3,789.79,30,7,0,Loyal Customers
16761.0,2011-09-04 11:15:00,2011-09-04 11:15:00,1,316.62,96,96,1,At Risk
16762.0,2011-11-20 11:43:00,2011-07-18 12:52:00,3,1501.38,143,19,0,Loyal Customers
16763.0,2011-05-25 11:52:00,2011-05-25 11:52:00,1,611.8499999999999,198,198,1,At Risk
16764.0,2011-12-06 11:41:00,2011-07-19 17:17:00,13,2799.25,142,3,0,Champions
16765.0,2011-02-18 15:41:00,2011-02-18 15:41:00,1,34.0,293,293,1,At Risk
16766.0,2011-03-11 15:22:00,2011-03-11 13:34:00,2,1145.6,272,272,1,At Risk
16767.0,2011-11-09 09:42:00,2011-01-27 13:38:00,11,5580.6,315,30,0,Loyal Customers
16768.0,2011-10-23 10:38:00,2011-03-13 10:25:00,3,478.09000000000003,271,47,0,Others
16769.0,2011-03-24 13:41:00,2011-03-24 13:41:00,1,380.39,259,259,1,At Risk
16770.0,2011-10-13 12:21:00,2010-12-02 15:49:00,5,770.1,371,57,0,Others
16771.0,2011-11-06 13:28:00,2011-01-05 13:57:00,5,2246.81,337,32,0,Loyal Customers
16773.0,2011-10-13 14:37:00,2011-10-13 14:37:00,1,171.59,56,56,0,Others
16774.0,2011-10-03 12:41:00,2011-06-14 12:45:00,4,661.52,178,67,0,Others
16775.0,2011-11-29 15:22:00,2010-12-07 15:15:00,11,1695.66,366,9,0,Loyal Customers
16776.0,2011-10-10 13:04:00,2011-10-10 13:04:00,1,388.28,59,59,0,Others
16777.0,2011-09-20 13:41:00,2011-03-27 14:34:00,2,226.35,256,79,0,At Risk
16778.0,2011-09-26 13:48:00,2011-03-10 15:21:00,2,245.94,273,73,0,At Risk
16779.0,2011-12-07 14:54:00,2010-12-08 09:56:00,22,10629.72,366,1,0,Champions
16780.0,2011-08-31 16:09:00,2011-03-25 17:34:00,2,425.19,258,99,1,At Risk
16781.0,2010-12-02 14:26:00,2010-12-02 14:26:00,1,311.25,371,371,1,At Risk
16782.0,2011-11-29 13:20:00,2010-12-09 11:28:00,13,2279.9,365,9,0,Champions
16784.0,2011-11-20 12:20:00,2011-11-20 12:20:00,1,107.6,19,19,0,Potential Loyalist
16788.0,2011-08-08 14:53:00,2011-03-30 13:05:00,2,597.48,253,122,1,At Risk
16789.0,2011-12-01 15:12:00,2011-12-01 15:12:00,1,80.80000000000001,7,7,0,Potential Loyalist
16790.0,2011-12-06 11:53:00,2011-11-02 11:23:00,6,1545.6200000000001,37,3,0,Loyal Customers
16791.0,2011-11-10 19:12:00,2011-01-11 15:42:00,7,1721.78,331,28,0,Loyal Customers
16792.0,2011-03-02 14:41:00,2011-03-02 14:39:00,2,110.38,281,281,1,At Risk
16793.0,2011-10-13 15:08:00,2011-10-13 15:08:00,1,243.84,56,56,0,Others
16794.0,2011-12-08 17:54:00,2011-06-12 14:15:00,10,1222.71,179,0,0,Loyal Customers
16795.0,2010-12-09 14:08:00,2010-12-09 14:08:00,1,414.88,364,364,1,At Risk
16796.0,2011-09-11 14:01:00,2011-09-11 14:01:00,1,305.62,88,88,0,At Risk
16800.0,2011-11-28 14:06:00,2011-11-28 14:06:00,1,1201.49,10,10,0,Potential Loyalist
16801.0,2011-06-29 15:33:00,2011-03-11 13:56:00,4,1619.73,272,162,1,At Risk
16803.0,2011-10-05 14:28:00,2011-10-05 14:28:00,1,332.3,64,64,0,Others
16804.0,2011-11-16 16:43:00,2011-03-14 15:48:00,3,536.99,269,22,0,Loyal Customers
16805.0,2011-06-19 11:23:00,2010-12-14 13:35:00,2,460.59000000000003,359,173,1,At Risk
16806.0,2011-08-28 15:27:00,2011-04-14 19:59:00,4,801.49,238,102,1,At Risk
16807.0,2011-07-20 12:00:00,2011-03-14 09:46:00,3,1121.59,270,142,1,At Risk
16808.0,2011-09-01 19:34:00,2011-03-10 19:05:00,2,288.42,273,98,1,At Risk
16809.0,2011-11-16 15:45:00,2011-03-22 15:20:00,5,914.69,261,22,0,Loyal Customers
16810.0,2011-05-31 15:32:00,2011-05-31 15:32:00,1,309.54,191,191,1,At Risk
16811.0,2011-12-05 11:39:00,2011-11-22 17:19:00,2,547.07,16,4,0,Potential Loyalist
16812.0,2010-12-14 12:35:00,2010-12-14 12:35:00,1,479.35,360,360,1,At Risk
16813.0,2011-12-01 14:03:00,2011-05-19 13:28:00,10,1692.98,203,7,0,Loyal Customers
16814.0,2011-11-25 13:27:00,2010-12-05 11:45:00,21,6509.1,369,13,0,Loyal Customers
16816.0,2011-08-28 14:16:00,2010-12-16 17:01:00,4,417.06,357,102,1,At Risk
16817.0,2011-12-07 11:03:00,2010-12-06 14:19:00,9,1604.75,367,2,0,Loyal Customers
16818.0,2011-11-29 10:41:00,2011-05-18 11:42:00,11,3349.57,205,10,0,Champions
16820.0,2011-09-05 12:06:00,2011-09-05 12:06:00,1,497.61,95,95,1,At Risk
16823.0,2011-04-26 15:00:00,2011-04-26 15:00:00,1,358.38,226,226,1,At Risk
16824.0,2011-11-24 12:38:00,2011-06-28 13:36:00,2,460.64,163,15,0,Potential Loyalist
16825.0,2011-11-01 11:51:00,2011-06-07 09:44:00,2,775.18,185,38,0,Others
16826.0,2011-10-19 14:05:00,2011-10-19 14:05:00,1,341.7,50,50,0,Others
16828.0,2011-09-07 15:10:00,2011-08-19 13:24:00,2,128.5,111,92,1,At Risk
16829.0,2011-07-06 10:48:00,2011-07-06 10:48:00,1,197.22,156,156,1,At Risk
16830.0,2011-11-01 11:35:00,2011-11-01 11:35:00,1,325.91,38,38,0,Others
16832.0,2011-06-08 15:36:00,2011-05-06 14:12:00,3,199.15,216,183,1,At Risk
16833.0,2011-12-08 14:39:00,2011-01-09 13:02:00,4,1106.53,333,0,0,Loyal Customers
16834.0,2011-04-26 09:37:00,2011-04-26 09:37:00,1,413.46,227,227,1,At Risk
16835.0,2011-08-03 13:50:00,2010-12-01 17:15:00,2,180.85,372,127,1,At Risk
16836.0,2011-10-31 10:05:00,2011-08-15 12:38:00,2,251.87,116,39,0,Others
16837.0,2011-11-08 14:27:00,2011-04-08 08:48:00,11,3170.98,245,30,0,Loyal Customers
16838.0,2011-05-26 13:13:00,2011-02-24 15:01:00,2,588.85,287,196,1,At Risk
16839.0,2011-12-01 09:03:00,2010-12-05 11:15:00,34,16594.35,369,8,0,Champions
16841.0,2011-11-03 11:51:00,2011-02-25 12:40:00,6,1869.82,287,36,0,Others
16842.0,2011-08-31 10:42:00,2011-02-10 14:51:00,3,1264.19,301,100,1,At Risk
16843.0,2011-10-28 09:06:00,2011-01-16 16:10:00,16,10196.57,326,42,0,Others
16846.0,2011-10-20 13:55:00,2011-10-20 13:55:00,1,214.32,49,49,0,Others
16847.0,2011-10-27 13:29:00,2011-10-27 13:29:00,1,193.44,42,42,0,Others
16848.0,2011-10-18 08:42:00,2011-10-18 08:42:00,1,281.42,52,52,0,Others
16849.0,2011-06-06 09:16:00,2011-06-06 09:16:00,1,124.57,186,186,1,At Risk
16850.0,2011-01-10 11:09:00,2011-01-10 11:09:00,1,332.41,333,333,1,At Risk
16851.0,2011-12-05 13:32:00,2011-10-19 09:48:00,3,342.45,51,3,0,Loyal Customers
16852.0,2011-11-29 13:22:00,2011-06-16 15:49:00,2,144.91,175,9,0,Potential Loyalist
16855.0,2011-11-16 12:03:00,2011-10-27 16:31:00,2,328.40000000000003,42,23,0,Potential Loyalist
16856.0,2011-11-25 08:59:00,2011-11-25 08:59:00,1,35.400000000000006,14,14,0,Potential Loyalist
16858.0,2010-12-06 09:52:00,2010-12-06 09:52:00,1,375.69000000000005,368,368,1,At Risk
16859.0,2011-07-18 12:19:00,2011-03-23 13:39:00,2,747.81,260,144,1,At Risk
16861.0,2011-10-11 09:05:00,2011-07-04 15:38:00,2,173.76,157,59,0,Others
16863.0,2011-11-08 15:26:00,2010-12-08 08:58:00,2,502.8,366,30,0,Potential Loyalist
16866.0,2011-07-22 10:06:00,2011-07-01 12:34:00,3,207.74,161,140,1,At Risk
16869.0,2011-11-17 12:02:00,2011-06-17 13:01:00,4,825.4200000000001,174,22,0,Loyal Customers
16871.0,2011-11-17 19:27:00,2011-03-14 10:31:00,6,2812.34,270,21,0,Loyal Customers
16872.0,2011-09-23 16:05:00,2011-06-08 14:32:00,3,680.02,183,76,0,At Risk
16873.0,2011-12-05 12:05:00,2010-12-10 15:45:00,6,7123.62,363,4,0,Champions
16875.0,2011-10-03 13:39:00,2011-01-04 10:37:00,5,2095.53,339,66,0,Others
16877.0,2011-11-27 13:47:00,2011-05-15 16:13:00,6,853.72,207,11,0,Loyal Customers
16878.0,2011-09-16 17:39:00,2011-09-16 17:39:00,1,13.3,83,83,0,At Risk
16880.0,2011-11-09 11:33:00,2011-06-03 16:45:00,7,1519.08,188,30,0,Loyal Customers
16881.0,2011-10-04 10:33:00,2011-10-04 10:33:00,1,432.0,66,66,0,Others
16882.0,2011-10-04 10:42:00,2011-01-26 17:43:00,3,705.12,316,66,0,Others
16883.0,2011-06-05 12:51:00,2010-12-03 10:33:00,2,276.73,371,186,1,At Risk
16884.0,2011-11-02 11:52:00,2011-11-02 10:16:00,2,429.84,37,37,0,Others
16885.0,2011-11-24 13:40:00,2010-12-17 17:23:00,3,471.51,356,14,0,Loyal Customers
16887.0,2011-11-04 14:07:00,2011-11-04 14:07:00,1,194.88,34,34,0,Others
16889.0,2011-05-29 11:05:00,2011-01-07 10:47:00,3,1578.67,336,194,1,At Risk
16891.0,2011-12-08 11:15:00,2010-12-03 11:35:00,5,809.7,371,1,0,Loyal Customers
16892.0,2011-12-08 13:18:00,2011-06-09 11:35:00,5,525.54,183,0,0,Loyal Customers
16893.0,2010-12-08 12:06:00,2010-12-08 12:06:00,1,145.93,366,366,1,At Risk
16895.0,2011-10-06 12:15:00,2011-10-06 12:15:00,1,219.14,64,64,0,Others
16897.0,2011-02-13 15:02:00,2011-01-30 11:52:00,2,289.78,313,298,1,At Risk
16898.0,2011-11-13 15:44:00,2010-12-06 12:23:00,3,508.81,368,25,0,Loyal Customers
16899.0,2011-12-02 12:03:00,2010-12-14 13:11:00,6,1281.56,359,7,0,Loyal Customers
16900.0,2011-11-23 10:32:00,2011-10-07 13:17:00,3,887.11,62,16,0,Loyal Customers
16902.0,2011-08-15 14:17:00,2011-08-15 14:17:00,1,1706.88,115,115,1,At Risk
16903.0,2011-11-10 15:32:00,2011-11-10 15:32:00,1,373.24,28,28,0,Potential Loyalist
16904.0,2011-12-05 13:10:00,2010-12-07 13:29:00,16,3754.27,366,3,0,Champions
16905.0,2011-12-04 14:01:00,2010-12-03 10:43:00,7,3102.43,371,4,0,Champions
16906.0,2011-09-19 11:49:00,2011-04-05 12:30:00,4,579.77,248,81,0,At Risk
16907.0,2011-11-10 18:04:00,2010-12-09 16:52:00,5,981.65,364,28,0,Loyal Customers
16909.0,2011-09-28 16:45:00,2011-09-28 16:45:00,1,379.14,71,71,0,Others
16910.0,2011-12-05 12:51:00,2011-09-09 14:14:00,8,1510.06,90,3,0,Loyal Customers
16912.0,2011-11-11 12:18:00,2011-01-20 15:42:00,11,2575.38,322,28,0,Loyal Customers
16913.0,2011-02-22 12:56:00,2011-02-22 12:56:00,1,113.44,289,289,1,At Risk
16914.0,2011-11-03 15:27:00,2011-11-03 15:27:00,1,208.46,35,35,0,Others
16915.0,2011-11-30 16:39:00,2011-03-01 09:52:00,6,621.6800000000001,283,8,0,Loyal Customers
16916.0,2011-11-16 12:08:00,2010-12-02 13:14:00,2,576.26,371,23,0,Potential Loyalist
16917.0,2011-03-08 11:55:00,2011-03-08 11:55:00,1,391.52,276,276,1,At Risk
16918.0,2011-10-21 12:50:00,2011-01-26 17:37:00,6,1068.82,316,49,0,Others
16919.0,2011-07-06 13:35:00,2010-12-06 12:52:00,11,2596.45,367,155,1,At Risk
16921.0,2011-10-09 16:22:00,2011-10-09 16:22:00,1,169.79,60,60,0,Others
16923.0,2011-11-27 13:00:00,2010-12-12 11:06:00,19,7247.61,362,11,0,Champions
16924.0,2011-11-18 12:53:00,2011-09-16 12:54:00,3,846.75,83,20,0,Loyal Customers
16926.0,2010-12-03 13:42:00,2010-12-03 13:42:00,1,230.25,370,370,1,At Risk
16927.0,2011-08-16 11:10:00,2010-12-13 11:57:00,3,543.05,361,115,1,At Risk
16928.0,2011-09-20 15:10:00,2010-12-01 15:21:00,17,2847.6,372,79,0,At Risk
16929.0,2011-12-06 08:37:00,2011-07-07 12:39:00,7,1295.39,155,3,0,Loyal Customers
16930.0,2011-11-13 16:13:00,2011-10-02 14:25:00,3,380.55,67,25,0,Loyal Customers
16931.0,2011-12-04 13:15:00,2010-12-05 11:40:00,21,4604.22,369,4,0,Champions
16932.0,2011-10-17 14:12:00,2011-10-17 14:12:00,1,161.94,52,52,0,Others
16933.0,2011-12-08 12:54:00,2011-04-14 13:33:00,2,563.23,238,0,0,Potential Loyalist
16934.0,2011-10-16 12:40:00,2011-10-16 12:25:00,2,950.9300000000001,54,54,0,Others
16936.0,2011-11-14 11:04:00,2011-11-14 11:04:00,1,262.68,25,25,0,Potential Loyalist
16938.0,2011-12-01 10:20:00,2011-02-04 09:34:00,4,2736.38,308,8,0,Loyal Customers
16940.0,2011-10-18 13:15:00,2011-02-23 12:27:00,3,3049.88,289,51,0,Others
16942.0,2011-11-27 12:40:00,2011-04-26 11:59:00,9,1920.59,227,12,0,Loyal Customers
16943.0,2011-05-12 11:57:00,2011-01-25 14:00:00,3,816.73,317,211,1,At Risk
16945.0,2011-11-18 11:39:00,2010-12-16 17:49:00,19,4345.5,357,21,0,Loyal Customers
16947.0,2011-04-18 09:38:00,2011-04-18 09:38:00,1,406.48,235,235,1,At Risk
16948.0,2011-07-24 12:46:00,2011-01-18 10:58:00,3,435.02,325,138,1,At Risk
16949.0,2011-12-06 11:07:00,2011-01-27 12:11:00,6,1286.27,316,3,0,Loyal Customers
16950.0,2011-10-14 09:06:00,2010-12-07 15:20:00,3,1178.56,366,56,0,Others
16951.0,2011-07-28 12:05:00,2011-02-08 14:58:00,3,1277.75,303,134,1,At Risk
16952.0,2011-08-22 13:03:00,2011-08-22 12:58:00,2,167.61,108,108,1,At Risk
16953.0,2011-11-09 15:54:00,2011-11-09 15:54:00,1,20.8,29,29,0,Potential Loyalist
16954.0,2011-12-09 09:46:00,2010-12-15 10:41:00,9,2085.08,359,0,0,Champions
16955.0,2011-06-08 10:36:00,2010-12-01 13:31:00,4,518.67,372,184,1,At Risk
16956.0,2011-11-22 08:56:00,2011-11-22 08:56:00,1,308.74,17,17,0,Potential Loyalist
16957.0,2011-04-14 13:56:00,2011-03-03 09:25:00,2,416.64,281,238,1,At Risk
16959.0,2011-09-13 15:03:00,2011-09-13 15:03:00,1,117.35000000000001,86,86,0,At Risk
16960.0,2011-11-01 11:35:00,2011-04-01 11:54:00,3,507.05,252,38,0,Others
16961.0,2011-08-15 13:46:00,2011-08-15 13:46:00,1,234.17000000000002,115,115,1,At Risk
16963.0,2011-06-05 13:48:00,2011-06-05 13:48:00,1,110.55000000000001,186,186,1,At Risk
16965.0,2011-04-27 12:08:00,2011-04-27 12:08:00,1,201.19,226,226,1,At Risk
16966.0,2011-12-01 13:40:00,2011-04-13 14:17:00,7,2154.97,239,7,0,Champions
16967.0,2011-06-03 14:24:00,2011-06-03 14:24:00,1,319.02,188,188,1,At Risk
16968.0,2011-12-05 15:02:00,2011-08-24 10:51:00,2,439.43,107,3,0,Potential Loyalist
16969.0,2011-10-31 13:12:00,2011-06-01 12:10:00,3,650.41,191,38,0,Others
16971.0,2011-11-01 15:06:00,2011-11-01 15:06:00,1,357.21,37,37,0,Others
16976.0,2011-03-17 16:33:00,2011-03-17 16:33:00,1,251.51999999999998,266,266,1,At Risk
16978.0,2011-09-23 12:50:00,2011-09-23 12:50:00,1,344.33,77,77,0,At Risk
16979.0,2011-12-06 12:21:00,2011-02-15 09:20:00,6,1852.0,297,3,0,Loyal Customers
16980.0,2011-03-29 16:36:00,2011-02-21 12:58:00,2,1078.96,290,254,1,At Risk
16982.0,2011-10-10 12:28:00,2011-10-10 12:28:00,1,384.06,60,60,0,Others
16983.0,2011-11-27 12:10:00,2010-12-05 12:34:00,7,1931.25,369,12,0,Loyal Customers
16984.0,2011-09-12 13:43:00,2011-08-01 17:37:00,2,4481.35,129,87,0,At Risk
16985.0,2011-11-22 13:33:00,2010-12-16 10:38:00,10,5464.12,358,16,0,Loyal Customers
16986.0,2011-11-10 11:55:00,2011-11-09 15:52:00,2,1873.2,29,29,0,Potential Loyalist
16987.0,2011-12-06 17:26:00,2011-05-18 15:55:00,7,1625.05,204,2,0,Loyal Customers
16988.0,2011-12-04 16:02:00,2011-12-04 16:02:00,1,126.12,4,4,0,Potential Loyalist
16989.0,2011-12-02 16:39:00,2011-07-12 09:11:00,6,1133.25,150,6,0,Loyal Customers
16990.0,2011-05-05 08:30:00,2011-05-05 08:30:00,1,179.0,218,218,1,At Risk
16992.0,2011-11-29 11:50:00,2011-02-28 10:37:00,5,1614.31,284,10,0,Loyal Customers
16996.0,2011-11-09 16:43:00,2010-12-21 13:22:00,6,1456.96,352,29,0,Loyal Customers
16997.0,2011-02-24 17:28:00,2011-01-18 11:51:00,3,702.0,325,287,1,At Risk
16998.0,2011-07-13 09:44:00,2011-02-08 15:42:00,4,295.0,303,149,1,At Risk
16999.0,2011-11-16 13:53:00,2011-09-26 15:43:00,2,484.82,73,22,0,Potential Loyalist
17001.0,2011-12-09 09:38:00,2010-12-16 09:35:00,11,3989.57,358,0,0,Champions
17002.0,2011-09-15 12:40:00,2011-02-22 11:46:00,3,1493.73,290,85,0,At Risk
17004.0,2011-10-24 14:25:00,2011-09-08 12:16:00,2,1412.94,92,45,0,Others
17006.0,2011-12-05 12:09:00,2011-09-25 12:15:00,4,781.78,75,4,0,Loyal Customers
17007.0,2011-10-20 10:47:00,2010-12-17 13:57:00,6,889.9300000000001,356,50,0,Others
17010.0,2011-11-21 14:49:00,2011-11-21 14:49:00,1,195.36,17,17,0,Potential Loyalist
17011.0,2011-11-09 13:30:00,2011-11-09 13:30:00,1,270.9,29,29,0,Potential Loyalist
17014.0,2011-12-01 14:09:00,2011-10-04 11:36:00,3,586.33,66,7,0,Loyal Customers
17015.0,2011-11-11 10:45:00,2011-06-07 13:19:00,3,1842.56,184,28,0,Loyal Customers
17017.0,2011-12-07 09:32:00,2010-12-02 10:17:00,20,8694.26,372,2,0,Champions
17018.0,2011-10-30 11:42:00,2011-01-18 08:46:00,2,920.1,325,40,0,Others
17019.0,2011-11-28 13:06:00,2010-12-06 12:55:00,4,1272.61,367,10,0,Loyal Customers
17022.0,2011-11-08 17:09:00,2011-11-08 17:09:00,1,71.0,30,30,0,Potential Loyalist
17024.0,2011-10-25 13:47:00,2011-07-05 09:31:00,3,95.85,157,44,0,Others
17025.0,2011-10-10 09:06:00,2010-12-01 15:45:00,3,357.77,372,60,0,Others
17026.0,2011-06-07 14:28:00,2010-12-05 12:47:00,2,154.83,369,184,1,At Risk
17027.0,2011-09-22 12:24:00,2011-01-26 14:19:00,6,890.29,316,78,0,At Risk
17029.0,2011-08-21 11:06:00,2011-04-17 10:57:00,2,716.0,236,110,1,At Risk
17030.0,2011-10-07 08:49:00,2011-10-07 08:49:00,1,146.87,63,63,0,Others
17031.0,2011-11-28 10:23:00,2011-07-08 09:38:00,2,380.35,154,11,0,Potential Loyalist
17033.0,2011-09-14 14:34:00,2010-12-15 13:21:00,3,1030.14,358,85,0,At Risk
17034.0,2011-11-23 15:14:00,2011-02-25 10:10:00,3,745.52,287,15,0,Loyal Customers
17035.0,2011-04-08 11:23:00,2011-02-01 12:27:00,2,433.53000000000003,311,245,1,At Risk
17037.0,2011-09-13 12:49:00,2011-09-13 12:49:00,1,1267.32,87,87,0,At Risk
17038.0,2011-11-09 13:50:00,2011-11-09 13:50:00,1,112.4,29,29,0,Potential Loyalist
17040.0,2011-07-25 10:19:00,2011-07-25 10:19:00,1,449.73,137,137,1,At Risk
17041.0,2011-11-13 11:21:00,2010-12-14 11:43:00,3,1081.57,360,26,0,Loyal Customers
17042.0,2011-12-07 12:26:00,2011-04-06 14:53:00,5,1044.38,246,2,0,Loyal Customers
17043.0,2011-11-07 15:33:00,2011-03-18 14:53:00,4,1735.18,265,31,0,Loyal Customers
17044.0,2011-11-14 14:28:00,2011-11-14 14:28:00,1,948.48,24,24,0,Potential Loyalist
17045.0,2011-08-18 17:09:00,2011-04-06 12:08:00,3,339.44,247,112,1,At Risk
17046.0,2011-07-05 14:24:00,2011-07-05 14:24:00,1,642.02,156,156,1,At Risk
17047.0,2011-09-15 13:27:00,2011-05-18 16:50:00,3,1100.9,204,84,0,At Risk
17048.0,2011-08-14 11:49:00,2011-01-12 16:51:00,3,925.35,330,117,1,At Risk
17049.0,2011-12-07 10:48:00,2011-03-09 08:33:00,9,5659.9800000000005,275,2,0,Champions
17050.0,2011-09-04 13:48:00,2011-02-13 12:41:00,6,3228.84,299,95,1,At Risk
17051.0,2011-05-29 14:13:00,2011-05-29 14:13:00,1,247.14,193,193,1,At Risk
17052.0,2011-11-11 14:50:00,2011-11-11 14:50:00,1,413.75,27,27,0,Potential Loyalist
17053.0,2011-08-01 10:23:00,2011-08-01 10:23:00,1,498.48,130,130,1,At Risk
17054.0,2011-11-11 12:56:00,2011-04-08 13:14:00,5,1356.33,244,27,0,Loyal Customers
17058.0,2011-09-19 10:13:00,2011-04-14 09:18:00,3,1179.89,239,81,0,At Risk
17059.0,2011-11-10 12:27:00,2010-12-05 12:35:00,5,3095.04,369,29,0,Loyal Customers
17060.0,2011-03-18 13:27:00,2011-03-18 13:27:00,1,234.24,265,265,1,At Risk
17061.0,2011-09-27 11:24:00,2011-04-21 13:29:00,11,5232.2300000000005,231,73,0,At Risk
17062.0,2011-01-30 11:01:00,2010-12-05 11:59:00,4,538.37,369,313,1,At Risk
17063.0,2011-11-18 16:19:00,2011-02-23 13:44:00,7,1461.14,288,20,0,Loyal Customers
17064.0,2011-10-12 10:18:00,2011-01-16 16:10:00,3,859.35,326,58,0,Others
17068.0,2011-11-27 13:14:00,2010-12-06 13:58:00,21,4552.14,367,11,0,Champions
17069.0,2011-11-11 17:13:00,2010-12-01 16:49:00,9,2709.7000000000003,372,27,0,Loyal Customers
17070.0,2011-08-17 17:01:00,2011-08-17 17:01:00,1,312.14,113,113,1,At Risk
17071.0,2011-11-11 16:31:00,2011-02-03 08:18:00,9,2429.03,309,27,0,Loyal Customers
17073.0,2011-11-22 11:47:00,2011-08-22 14:37:00,4,1446.09,108,17,0,Loyal Customers
17075.0,2011-11-22 11:58:00,2011-01-26 13:20:00,4,834.12,316,17,0,Loyal Customers
17076.0,2011-11-03 17:53:00,2010-12-10 10:08:00,3,841.0799999999999,364,35,0,Others
17078.0,2011-11-03 19:17:00,2011-11-03 18:49:00,2,378.2,35,35,0,Others
17079.0,2011-09-22 15:34:00,2011-09-22 15:34:00,1,118.80000000000001,77,77,0,At Risk
17080.0,2011-11-17 12:59:00,2011-03-15 12:05:00,2,287.62,269,21,0,Potential Loyalist
17081.0,2011-11-14 12:56:00,2011-10-24 13:08:00,2,290.16,45,24,0,Potential Loyalist
17082.0,2011-11-06 15:17:00,2011-01-25 14:36:00,2,2003.8500000000001,317,32,0,Potential Loyalist
17083.0,2011-08-22 15:43:00,2011-02-09 11:38:00,3,1405.78,303,108,1,At Risk
17084.0,2011-11-04 14:54:00,2011-11-04 14:49:00,2,2949.75,34,34,0,Others
17085.0,2011-08-08 14:15:00,2010-12-12 12:24:00,5,1566.65,362,122,1,At Risk
17086.0,2011-12-02 13:54:00,2011-10-07 11:22:00,6,2050.08,63,6,0,Loyal Customers
17088.0,2011-11-11 14:23:00,2011-03-31 09:48:00,4,1991.01,253,27,0,Loyal Customers
17090.0,2011-12-05 13:44:00,2010-12-20 13:52:00,7,2043.95,353,3,0,Loyal Customers
17091.0,2011-12-07 10:43:00,2010-12-07 09:55:00,9,3827.76,367,2,0,Champions
17092.0,2011-10-20 19:51:00,2011-03-07 14:51:00,4,1777.78,276,49,0,Others
17094.0,2011-01-21 13:09:00,2011-01-21 13:09:00,1,302.0,321,321,1,At Risk
17095.0,2011-11-17 12:21:00,2011-01-09 11:05:00,3,1324.16,334,22,0,Loyal Customers
17096.0,2011-11-24 15:01:00,2011-03-23 12:05:00,4,1022.13,261,14,0,Loyal Customers
17097.0,2011-12-07 17:05:00,2010-12-09 14:55:00,8,954.42,364,1,0,Loyal Customers
17100.0,2011-11-21 16:36:00,2011-11-21 16:36:00,2,971.74,17,17,0,Potential Loyalist
17101.0,2011-11-29 13:57:00,2011-06-14 14:49:00,4,1621.73,177,9,0,Loyal Customers
17102.0,2011-03-23 10:08:00,2011-03-23 10:08:00,1,25.5,261,261,1,At Risk
17105.0,2011-07-03 15:53:00,2011-02-06 14:46:00,2,665.78,305,158,1,At Risk
17107.0,2011-11-06 14:14:00,2011-03-06 15:17:00,6,10815.43,277,32,0,Loyal Customers
17109.0,2011-11-10 16:59:00,2011-04-21 15:46:00,6,885.04,231,28,0,Loyal Customers
17110.0,2011-06-27 12:58:00,2011-06-27 12:58:00,1,163.29999999999998,164,164,1,At Risk
17111.0,2011-10-23 15:59:00,2011-10-23 15:59:00,1,248.61,46,46,0,Others
17114.0,2011-12-04 12:17:00,2011-01-09 11:39:00,8,808.62,334,5,0,Loyal Customers
17115.0,2011-12-01 14:30:00,2011-04-20 14:46:00,3,837.5,232,7,0,Loyal Customers
17117.0,2011-02-24 13:54:00,2011-02-24 13:54:00,1,116.2,287,287,1,At Risk
17118.0,2011-01-26 12:19:00,2011-01-26 12:19:00,1,157.02,317,317,1,At Risk
17119.0,2011-12-06 14:40:00,2011-10-11 11:03:00,2,606.91,59,2,0,Potential Loyalist
17120.0,2011-04-20 15:21:00,2011-04-20 15:21:00,1,307.46,232,232,1,At Risk
17122.0,2011-08-12 14:33:00,2011-08-12 14:33:00,1,138.32,118,118,1,At Risk
17123.0,2011-07-01 10:47:00,2011-07-01 10:47:00,1,345.3,161,161,1,At Risk
17124.0,2011-06-07 14:02:00,2011-06-07 14:02:00,1,298.89,184,184,1,At Risk
17125.0,2011-10-20 14:41:00,2011-10-20 14:41:00,1,259.35,49,49,0,Others
17126.0,2011-07-10 13:52:00,2010-12-12 11:26:00,5,1004.75,362,151,1,At Risk
17128.0,2011-01-09 12:02:00,2011-01-09 12:02:00,1,157.09,334,334,1,At Risk
17131.0,2011-12-04 12:52:00,2011-09-25 12:42:00,5,2463.17,75,4,0,Loyal Customers
17133.0,2011-11-24 12:27:00,2011-03-18 13:47:00,7,4892.240000000001,265,15,0,Loyal Customers
17134.0,2011-08-25 09:53:00,2011-03-20 11:56:00,2,425.0,264,106,1,At Risk
17135.0,2011-11-23 16:48:00,2010-12-03 09:31:00,7,1139.73,371,15,0,Loyal Customers
17138.0,2011-03-09 11:54:00,2011-03-09 11:54:00,1,380.5,275,275,1,At Risk
17139.0,2011-11-24 10:12:00,2011-02-24 09:32:00,12,10668.47,288,15,0,Loyal Customers
17140.0,2011-04-06 13:33:00,2011-04-06 13:33:00,1,465.32,246,246,1,At Risk
17142.0,2011-04-14 18:22:00,2011-04-14 18:22:00,1,579.0,238,238,1,At Risk
17144.0,2011-12-08 17:57:00,2011-09-16 12:50:00,2,984.57,84,0,0,Potential Loyalist
17146.0,2011-08-26 12:44:00,2010-12-16 12:20:00,3,749.78,358,105,1,At Risk
17147.0,2011-11-17 12:32:00,2011-02-01 09:36:00,4,1714.59,311,22,0,Loyal Customers
17148.0,2011-10-19 09:59:00,2011-10-19 09:59:00,1,124.88,51,51,0,Others
17152.0,2011-05-29 12:19:00,2011-03-21 16:20:00,3,1689.5,262,194,1,At Risk
17153.0,2011-11-15 13:42:00,2011-11-15 13:42:00,1,213.78,23,23,0,Potential Loyalist
17154.0,2011-09-25 13:42:00,2011-09-25 13:42:00,1,329.34,74,74,0,At Risk
17155.0,2011-11-22 12:38:00,2011-06-15 10:22:00,2,251.7,177,17,0,Potential Loyalist
17157.0,2011-12-02 09:10:00,2011-06-16 15:08:00,2,319.0,175,7,0,Potential Loyalist
17158.0,2011-11-07 15:15:00,2010-12-14 13:03:00,3,1266.97,359,31,0,Loyal Customers
17159.0,2011-11-18 10:52:00,2011-06-21 09:49:00,3,1538.88,171,21,0,Loyal Customers
17160.0,2011-11-08 14:05:00,2011-04-12 12:00:00,6,3518.03,241,30,0,Loyal Customers
17162.0,2011-11-11 11:34:00,2011-02-07 12:27:00,10,1715.46,305,28,0,Loyal Customers
17163.0,2011-11-18 08:57:00,2011-09-22 15:54:00,2,293.1,77,21,0,Potential Loyalist
17164.0,2011-11-07 09:14:00,2011-03-11 14:26:00,7,2467.35,272,32,0,Loyal Customers
17165.0,2011-02-28 16:39:00,2011-02-28 16:39:00,1,158.68,283,283,1,At Risk
17166.0,2011-11-01 09:46:00,2011-05-20 08:18:00,2,206.34,203,38,0,Others
17169.0,2011-10-13 10:25:00,2011-06-09 13:16:00,2,835.78,182,57,0,Others
17171.0,2011-02-23 16:37:00,2011-02-23 16:37:00,1,224.91,288,288,1,At Risk
17172.0,2011-09-22 09:36:00,2011-09-22 09:36:00,1,317.76,78,78,0,At Risk
17173.0,2011-12-04 14:40:00,2011-07-31 15:26:00,8,3766.6,130,4,0,Champions
17174.0,2011-05-06 11:47:00,2011-05-06 11:47:00,1,59.9,217,217,1,At Risk
17175.0,2011-10-26 15:31:00,2011-02-16 14:56:00,4,1443.69,295,43,0,Others
17176.0,2011-05-22 12:41:00,2011-05-22 12:41:00,1,306.13,201,201,1,At Risk
17179.0,2011-06-14 16:48:00,2010-12-13 14:24:00,3,711.79,360,177,1,At Risk
17180.0,2011-10-14 15:46:00,2011-01-27 18:05:00,4,796.03,315,55,0,Others
17181.0,2011-10-13 14:48:00,2010-12-01 12:38:00,2,239.92000000000002,373,56,0,Others
17183.0,2011-12-02 10:07:00,2011-08-26 15:25:00,6,3347.31,104,7,0,Champions
17186.0,2011-10-24 10:20:00,2011-10-10 12:52:00,2,144.0,59,46,0,Others
17187.0,2011-04-27 12:39:00,2011-04-27 12:39:00,1,203.95,226,226,1,At Risk
17188.0,2011-11-28 13:53:00,2010-12-12 12:56:00,7,2474.23,361,10,0,Champions
17189.0,2011-08-25 19:39:00,2010-12-15 17:28:00,2,384.4,358,105,1,At Risk
17190.0,2011-10-12 11:33:00,2011-05-16 15:29:00,2,444.74,206,58,0,Others
17191.0,2011-11-11 16:58:00,2010-12-06 14:36:00,7,2095.13,367,27,0,Loyal Customers
17193.0,2011-11-04 12:47:00,2011-06-16 10:04:00,7,1699.3,176,35,0,Others
17194.0,2011-03-11 12:05:00,2010-12-14 12:06:00,2,262.62,360,273,1,At Risk
17197.0,2011-11-10 10:32:00,2011-11-10 10:32:00,1,1013.01,29,29,0,Potential Loyalist
17198.0,2011-11-16 10:39:00,2010-12-03 14:54:00,3,692.22,370,23,0,Loyal Customers
17201.0,2011-10-17 11:55:00,2011-10-17 11:55:00,1,342.63,53,53,0,Others
17203.0,2011-11-04 12:27:00,2011-10-10 14:37:00,6,3563.85,59,35,0,Others
17204.0,2011-06-17 14:46:00,2011-03-21 12:42:00,4,1564.56,263,174,1,At Risk
17205.0,2011-10-17 12:46:00,2011-10-17 12:46:00,1,384.08,53,53,0,Others
17206.0,2011-10-17 13:25:00,2011-10-17 13:25:00,1,204.24,52,52,0,Others
17211.0,2011-11-13 12:03:00,2010-12-05 12:44:00,8,2317.2200000000003,369,26,0,Loyal Customers
17212.0,2011-03-31 19:42:00,2011-03-31 19:42:00,1,226.85,252,252,1,At Risk
17213.0,2011-10-30 14:53:00,2010-12-08 13:03:00,7,2781.23,365,39,0,Others
17214.0,2011-10-10 13:17:00,2010-12-15 15:14:00,6,1069.1200000000001,358,59,0,Others
17217.0,2011-04-19 17:19:00,2011-04-19 17:19:00,1,113.5,233,233,1,At Risk
17218.0,2011-12-05 13:52:00,2010-12-06 15:25:00,10,1960.72,367,3,0,Loyal Customers
17219.0,2011-11-08 11:25:00,2011-11-08 11:25:00,1,114.23,31,31,0,Potential Loyalist
17220.0,2011-11-15 13:47:00,2010-12-10 14:54:00,14,3198.25,363,23,0,Loyal Customers
17221.0,2011-12-02 13:35:00,2011-11-03 17:39:00,2,335.13,35,6,0,Potential Loyalist
17222.0,2011-10-05 13:58:00,2011-10-05 13:58:00,1,354.15,64,64,0,Others
17223.0,2011-02-02 15:57:00,2010-12-06 14:08:00,2,426.79,367,309,1,At Risk
17226.0,2011-02-04 11:52:00,2011-02-04 11:52:00,1,393.49,308,308,1,At Risk
17227.0,2011-11-21 10:51:00,2010-12-06 11:16:00,6,939.32,368,18,0,Loyal Customers
17228.0,2011-11-24 10:24:00,2010-12-02 16:00:00,8,1906.09,371,15,0,Loyal Customers
17229.0,2011-09-04 13:56:00,2011-07-20 12:38:00,2,318.76,142,95,1,At Risk
17230.0,2011-03-20 16:12:00,2010-12-15 11:22:00,8,3638.41,359,263,1,At Risk
17231.0,2011-11-27 15:18:00,2010-12-13 14:16:00,10,3174.32,360,11,0,Champions
17232.0,2011-12-07 12:21:00,2011-11-25 12:24:00,2,421.52,14,2,0,Potential Loyalist
17233.0,2011-11-04 14:06:00,2011-11-04 14:06:00,1,190.88,34,34,0,Others
17234.0,2011-06-10 11:20:00,2011-06-10 11:20:00,1,149.89,182,182,1,At Risk
17235.0,2011-11-14 15:51:00,2010-12-02 13:38:00,2,550.0600000000001,371,24,0,Potential Loyalist
17236.0,2011-11-27 12:00:00,2010-12-12 11:49:00,6,916.13,362,12,0,Loyal Customers
17237.0,2011-11-28 15:02:00,2011-11-17 12:55:00,2,314.69,21,10,0,Potential Loyalist
17238.0,2011-12-07 11:35:00,2010-12-03 15:05:00,17,3744.65,370,2,0,Champions
17239.0,2011-01-31 09:41:00,2011-01-31 09:41:00,1,382.5,312,312,1,At Risk
17242.0,2011-08-23 14:55:00,2011-06-12 13:04:00,2,1135.04,179,107,1,At Risk
17243.0,2011-12-08 13:26:00,2010-12-05 10:03:00,26,8676.85,369,0,0,Champions
17244.0,2011-10-17 15:19:00,2011-10-17 15:19:00,1,954.9,52,52,0,Others
17245.0,2011-05-19 10:43:00,2011-05-19 10:43:00,1,171.45000000000002,204,204,1,At Risk
17247.0,2011-11-24 15:21:00,2011-11-24 15:21:00,1,282.19,14,14,0,Potential Loyalist
17248.0,2011-08-11 13:34:00,2011-08-11 13:34:00,1,318.65,119,119,1,At Risk
17250.0,2011-12-06 12:15:00,2011-03-23 16:45:00,2,384.52,260,3,0,Potential Loyalist
17251.0,2010-12-12 11:06:00,2010-12-12 11:06:00,1,283.28000000000003,362,362,1,At Risk
17252.0,2011-08-15 09:45:00,2011-06-06 16:41:00,2,353.86,185,116,1,At Risk
17253.0,2011-11-21 12:59:00,2011-11-21 12:59:00,1,178.26,17,17,0,Potential Loyalist
17254.0,2011-12-05 12:46:00,2011-11-24 14:09:00,2,272.44,14,4,0,Potential Loyalist
17255.0,2011-10-30 12:18:00,2011-02-13 15:18:00,2,298.41,298,40,0,Others
17256.0,2011-08-24 13:30:00,2011-01-31 14:53:00,2,240.0,311,106,1,At Risk
17259.0,2011-07-14 15:01:00,2010-12-06 12:55:00,2,603.37,367,147,1,At Risk
17262.0,2011-10-18 12:56:00,2010-12-08 13:30:00,5,1253.3600000000001,365,51,0,Others
17263.0,2011-05-15 14:32:00,2011-05-15 14:32:00,1,63.440000000000005,207,207,1,At Risk
17265.0,2011-07-24 10:49:00,2011-06-12 12:00:00,2,562.9,180,138,1,At Risk
17266.0,2011-12-07 14:12:00,2011-07-15 11:57:00,3,310.64,147,1,0,Loyal Customers
17267.0,2011-08-04 17:22:00,2011-08-04 17:19:00,2,317.62,126,126,1,At Risk
17268.0,2011-08-24 10:06:00,2011-04-08 13:20:00,4,763.64,244,107,1,At Risk
17272.0,2011-10-28 16:37:00,2011-03-22 12:05:00,4,2148.63,262,41,0,Others
17274.0,2011-11-04 13:16:00,2011-11-04 13:16:00,1,111.98,34,34,0,Others
17277.0,2011-04-26 12:47:00,2011-01-21 12:37:00,2,1065.3500000000001,322,227,1,At Risk
17278.0,2011-04-12 13:10:00,2011-04-12 13:10:00,1,246.04000000000002,240,240,1,At Risk
17279.0,2011-10-13 11:58:00,2011-10-13 11:58:00,1,187.82999999999998,57,57,0,Others
17282.0,2011-08-01 14:29:00,2011-02-13 11:36:00,3,1703.41,299,129,1,At Risk
17284.0,2011-10-10 14:38:00,2011-01-07 14:31:00,6,1652.58,335,59,0,Others
17286.0,2011-11-18 12:47:00,2011-11-18 12:47:00,1,153.92,21,21,0,Potential Loyalist
17287.0,2011-11-13 13:27:00,2010-12-02 12:22:00,7,1064.11,372,25,0,Loyal Customers
17288.0,2011-11-30 16:09:00,2010-12-16 13:33:00,7,1419.73,357,8,0,Loyal Customers
17289.0,2011-11-08 12:01:00,2011-06-12 13:51:00,3,944.41,179,31,0,Loyal Customers
17290.0,2011-12-06 12:38:00,2011-11-23 15:53:00,2,525.24,15,3,0,Potential Loyalist
17291.0,2011-02-04 13:04:00,2011-02-04 13:04:00,1,550.8000000000001,307,307,1,At Risk
17293.0,2011-12-01 14:37:00,2010-12-13 14:55:00,9,1875.11,360,7,0,Loyal Customers
17295.0,2011-11-11 10:49:00,2011-10-06 12:22:00,3,556.95,64,28,0,Loyal Customers
17297.0,2011-11-22 14:43:00,2011-11-22 14:43:00,1,131.78,16,16,0,Potential Loyalist
17298.0,2011-08-30 16:43:00,2011-08-07 12:21:00,2,498.42,124,100,1,At Risk
17299.0,2011-11-28 12:01:00,2011-06-19 16:04:00,4,669.11,172,11,0,Loyal Customers
17301.0,2011-11-18 13:43:00,2011-11-18 13:43:00,1,197.63,20,20,0,Potential Loyalist
17302.0,2011-11-25 09:36:00,2011-02-07 10:14:00,5,1135.63,305,14,0,Loyal Customers
17303.0,2010-12-13 13:32:00,2010-12-13 13:32:00,1,250.04,360,360,1,At Risk
17306.0,2011-11-29 12:14:00,2010-12-21 13:34:00,19,8631.31,352,10,0,Champions
17309.0,2011-09-05 15:20:00,2011-09-05 15:20:00,1,82.75,94,94,1,At Risk
17311.0,2011-09-22 14:11:00,2011-01-27 10:56:00,2,1384.85,316,77,0,At Risk
17312.0,2011-07-24 11:52:00,2011-07-03 13:12:00,3,644.3,158,138,1,At Risk
17313.0,2011-11-08 15:45:00,2011-11-08 15:45:00,1,2328.84,30,30,0,Potential Loyalist
17314.0,2011-11-15 09:41:00,2011-01-31 11:25:00,8,2527.92,312,24,0,Loyal Customers
17315.0,2011-12-08 12:15:00,2010-12-17 12:24:00,38,6292.26,357,1,0,Champions
17317.0,2011-10-24 17:19:00,2011-09-11 12:45:00,3,2600.34,89,45,0,Others
17320.0,2011-08-31 13:31:00,2010-12-06 15:38:00,3,1200.6200000000001,367,99,1,At Risk
17321.0,2011-12-01 13:41:00,2011-10-03 11:34:00,2,700.86,67,7,0,Potential Loyalist
17323.0,2011-11-24 17:29:00,2011-02-20 14:38:00,7,921.0699999999999,291,14,0,Loyal Customers
17324.0,2011-11-22 10:34:00,2010-12-08 12:45:00,4,990.23,366,17,0,Loyal Customers
17325.0,2011-03-04 13:09:00,2011-03-04 13:09:00,1,96.8,279,279,1,At Risk
17329.0,2011-11-25 14:24:00,2011-01-28 15:29:00,2,523.11,314,13,0,Potential Loyalist
17330.0,2011-11-17 08:56:00,2011-10-03 11:26:00,2,363.9,67,22,0,Potential Loyalist
17331.0,2011-08-08 11:55:00,2011-08-08 11:55:00,1,175.2,123,123,1,At Risk
17333.0,2011-09-15 10:11:00,2011-09-15 10:11:00,1,494.25,85,85,0,At Risk
17334.0,2011-02-10 14:59:00,2011-02-04 09:03:00,2,307.02000000000004,308,301,1,At Risk
17337.0,2011-07-11 14:55:00,2011-02-02 17:06:00,4,2027.8700000000001,309,150,1,At Risk
17338.0,2011-11-22 14:23:00,2010-12-13 12:57:00,8,6643.93,360,16,0,Loyal Customers
17339.0,2011-09-06 13:29:00,2010-12-09 14:44:00,2,243.36,364,93,1,At Risk
17340.0,2011-11-10 10:45:00,2010-12-08 15:56:00,11,12353.29,365,29,0,Loyal Customers
17341.0,2011-07-06 12:33:00,2010-12-08 12:46:00,3,781.36,366,156,1,At Risk
17343.0,2010-12-19 15:07:00,2010-12-19 15:07:00,1,193.64,354,354,1,At Risk
17344.0,2011-10-24 12:56:00,2011-10-24 12:56:00,1,160.57,45,45,0,Others
17345.0,2011-11-24 15:03:00,2011-05-27 12:26:00,4,537.74,196,14,0,Loyal Customers
17346.0,2011-12-06 12:18:00,2010-12-01 14:34:00,15,2676.56,372,3,0,Champions
17347.0,2011-09-14 13:12:00,2011-09-14 13:12:00,1,228.96,85,85,0,At Risk
17348.0,2011-11-25 11:25:00,2011-02-15 10:49:00,5,1159.52,297,14,0,Loyal Customers
17349.0,2011-06-13 14:29:00,2011-06-13 14:29:00,1,110.75,178,178,1,At Risk
17350.0,2011-12-01 15:47:00,2011-10-19 16:05:00,4,1286.07,50,7,0,Loyal Customers
17351.0,2011-11-03 18:45:00,2011-03-11 16:05:00,3,587.15,272,35,0,Others
17353.0,2011-08-02 17:19:00,2011-07-08 16:17:00,2,1740.0,153,128,1,At Risk
17354.0,2011-10-20 10:34:00,2011-10-20 10:34:00,1,1393.06,50,50,0,Others
17356.0,2011-02-01 11:07:00,2011-02-01 11:07:00,1,178.22,311,311,1,At Risk
17357.0,2011-11-15 16:30:00,2011-11-15 16:29:00,2,388.14,23,23,0,Potential Loyalist
17358.0,2011-02-09 16:57:00,2010-12-19 14:16:00,2,365.85,354,302,1,At Risk
17359.0,2011-11-28 14:37:00,2011-11-28 14:37:00,1,127.86,10,10,0,Potential Loyalist
17360.0,2011-11-22 13:11:00,2011-06-08 17:09:00,3,585.79,183,16,0,Loyal Customers
17361.0,2011-10-21 15:43:00,2011-02-21 09:55:00,3,488.2,291,48,0,Others
17362.0,2011-04-14 14:43:00,2011-02-03 10:26:00,2,312.23,309,238,1,At Risk
17364.0,2011-12-09 09:00:00,2011-01-12 16:57:00,11,4481.18,330,0,0,Champions
17365.0,2011-11-27 12:13:00,2011-01-11 12:11:00,8,4801.56,332,12,0,Champions
17367.0,2011-04-15 14:21:00,2011-04-15 14:21:00,1,168.4,237,237,1,At Risk
17368.0,2011-11-16 15:26:00,2011-01-06 11:57:00,8,1912.67,337,22,0,Loyal Customers
17370.0,2011-09-28 10:14:00,2011-06-23 11:50:00,4,446.18,169,72,0,At Risk
17371.0,2011-11-22 13:30:00,2010-12-13 15:20:00,3,423.89,360,16,0,Loyal Customers
17372.0,2011-10-30 11:37:00,2010-12-12 12:00:00,8,1342.68,362,40,0,Others
17373.0,2011-10-30 15:28:00,2011-01-31 11:46:00,4,646.92,312,39,0,Others
17374.0,2011-05-05 09:05:00,2011-03-03 12:53:00,2,495.77,280,218,1,At Risk
17375.0,2011-05-24 15:45:00,2010-12-13 15:16:00,3,400.1,360,198,1,At Risk
17376.0,2011-09-30 12:36:00,2011-02-01 14:12:00,2,203.2,310,70,0,Others
17377.0,2011-11-16 11:17:00,2010-12-01 12:35:00,20,4100.92,373,23,0,Loyal Customers
17379.0,2011-11-28 13:56:00,2011-11-28 13:56:00,1,404.66,10,10,0,Potential Loyalist
17381.0,2011-12-01 11:59:00,2010-12-02 12:58:00,29,20275.61,371,8,0,Champions
17382.0,2011-10-05 13:05:00,2011-10-05 13:05:00,1,65.4,64,64,0,Others
17383.0,2011-12-05 17:36:00,2011-12-05 17:36:00,1,199.29,3,3,0,Potential Loyalist
17384.0,2011-11-20 15:48:00,2011-05-04 16:07:00,2,336.4,218,18,0,Potential Loyalist
17385.0,2011-11-25 11:02:00,2011-11-25 11:02:00,1,261.11,14,14,0,Potential Loyalist
17386.0,2011-12-02 11:28:00,2011-06-27 12:11:00,6,2686.42,165,7,0,Champions
17387.0,2011-11-20 11:00:00,2011-11-06 11:25:00,2,784.11,33,19,0,Potential Loyalist
17388.0,2011-09-23 10:31:00,2011-02-25 12:28:00,4,1259.56,287,77,0,At Risk
17389.0,2011-12-09 09:38:00,2011-01-12 15:48:00,34,31833.68,330,0,0,Champions
17391.0,2011-06-29 09:58:00,2011-06-28 12:21:00,2,508.8,164,163,1,At Risk
17392.0,2011-02-06 12:48:00,2010-12-16 19:04:00,2,457.91,357,306,1,At Risk
17394.0,2011-05-04 13:22:00,2011-05-04 13:22:00,1,203.86999999999998,218,218,1,At Risk
17396.0,2011-10-31 14:12:00,2010-12-03 09:45:00,8,7330.8,371,38,0,Others
17397.0,2011-11-17 14:08:00,2011-11-17 13:58:00,2,696.41,21,21,0,Potential Loyalist
17398.0,2011-08-17 09:48:00,2011-03-29 13:04:00,3,653.38,254,114,1,At Risk
17400.0,2011-08-05 15:38:00,2010-12-21 17:16:00,5,2129.96,352,125,1,At Risk
17402.0,2011-12-05 10:15:00,2010-12-05 13:53:00,13,2633.85,368,4,0,Champions
17403.0,2011-11-03 15:18:00,2011-11-03 15:18:00,1,281.62,35,35,0,Others
17404.0,2011-12-05 16:26:00,2010-12-14 13:28:00,15,31906.82,359,3,0,Champions
17405.0,2011-12-08 17:12:00,2011-07-12 14:17:00,3,1031.41,149,0,0,Loyal Customers
17406.0,2011-01-10 15:07:00,2010-12-08 10:35:00,3,2200.42,366,332,1,At Risk
17408.0,2011-06-29 12:53:00,2011-06-29 12:53:00,1,32.65,162,162,1,At Risk
17409.0,2011-06-08 10:36:00,2011-04-05 16:42:00,2,771.85,247,184,1,At Risk
17410.0,2011-11-23 15:46:00,2011-05-08 15:21:00,5,1214.72,214,15,0,Loyal Customers
17411.0,2011-11-27 14:25:00,2011-03-23 13:44:00,3,778.94,260,11,0,Loyal Customers
17412.0,2011-12-07 11:36:00,2010-12-02 16:29:00,7,1258.06,371,2,0,Loyal Customers
17414.0,2011-10-27 12:13:00,2011-06-08 11:43:00,2,778.0,184,43,0,Others
17415.0,2011-09-21 12:50:00,2011-09-21 12:50:00,1,507.84,79,79,0,At Risk
17416.0,2011-11-10 12:47:00,2011-03-03 13:45:00,7,6893.42,280,29,0,Loyal Customers
17418.0,2011-10-28 13:00:00,2011-01-20 11:39:00,2,463.46000000000004,323,41,0,Others
17419.0,2011-11-28 13:47:00,2010-12-07 15:03:00,12,4226.57,366,10,0,Champions
17420.0,2011-10-20 14:52:00,2010-12-01 09:56:00,3,598.83,373,49,0,Others
17422.0,2011-11-23 13:27:00,2011-02-16 14:44:00,6,1979.37,295,15,0,Loyal Customers
17423.0,2011-10-24 13:36:00,2011-05-06 09:14:00,2,698.41,217,45,0,Others
17425.0,2011-11-20 15:30:00,2011-10-10 11:37:00,2,759.1700000000001,60,18,0,Potential Loyalist
17426.0,2011-12-01 18:07:00,2011-03-02 16:34:00,6,5037.26,281,7,0,Champions
17427.0,2011-09-29 11:29:00,2011-09-29 11:29:00,1,100.8,71,71,0,Others
17428.0,2011-12-09 09:45:00,2010-12-06 09:37:00,28,17256.85,368,0,0,Champions
17429.0,2011-08-03 13:22:00,2011-05-05 09:53:00,3,524.9200000000001,218,127,1,At Risk
17430.0,2011-11-07 09:24:00,2010-12-09 13:05:00,2,265.76,364,32,0,Potential Loyalist
17431.0,2011-01-30 14:36:00,2011-01-30 14:36:00,1,403.3,312,312,1,At Risk
17432.0,2011-11-21 17:33:00,2011-11-02 17:30:00,2,365.76,36,17,0,Potential Loyalist
17433.0,2011-09-12 14:24:00,2011-09-12 14:24:00,1,303.16,87,87,0,At Risk
17434.0,2011-12-07 13:16:00,2011-09-15 13:54:00,7,2373.82,84,1,0,Champions
17436.0,2011-12-08 12:30:00,2011-04-27 11:33:00,2,216.3,226,1,0,Potential Loyalist
17438.0,2011-03-31 10:26:00,2011-03-31 10:26:00,1,388.45000000000005,253,253,1,At Risk
17440.0,2011-07-06 11:54:00,2011-04-06 12:05:00,3,186.42000000000002,247,156,1,At Risk
17442.0,2011-11-03 09:17:00,2011-02-22 13:02:00,6,2248.56,289,36,0,Others
17443.0,2011-05-04 10:47:00,2011-05-04 10:47:00,1,534.24,219,219,1,At Risk
17444.0,2011-07-15 12:05:00,2011-06-20 09:04:00,3,2940.04,172,147,1,At Risk
17446.0,2011-06-16 10:42:00,2011-02-02 14:40:00,2,120.89999999999999,309,176,1,At Risk
17447.0,2011-10-30 14:18:00,2011-09-29 10:10:00,2,541.53,71,39,0,Others
17449.0,2011-12-07 16:56:00,2010-12-15 10:57:00,7,2520.86,359,1,0,Champions
17450.0,2011-12-01 13:29:00,2010-12-07 09:23:00,46,194550.79,367,7,0,Champions
17451.0,2011-12-08 15:02:00,2011-08-26 11:54:00,7,1721.4,105,0,0,Loyal Customers
17453.0,2011-11-22 09:42:00,2011-10-06 17:02:00,2,486.72,63,17,0,Potential Loyalist
17454.0,2011-05-31 13:58:00,2010-12-15 10:54:00,4,517.53,359,191,1,At Risk
17455.0,2011-05-20 12:31:00,2011-05-20 12:31:00,1,131.7,203,203,1,At Risk
17456.0,2010-12-09 15:23:00,2010-12-09 15:23:00,1,249.86,364,364,1,At Risk
17457.0,2011-08-05 12:48:00,2011-01-04 14:33:00,5,1737.7,338,126,1,At Risk
17458.0,2011-11-24 13:01:00,2011-11-24 13:01:00,1,316.5,14,14,0,Potential Loyalist
17459.0,2011-10-27 13:25:00,2011-10-10 17:00:00,2,657.3,59,42,0,Others
17460.0,2011-09-06 15:04:00,2010-12-01 16:24:00,6,622.4300000000001,372,93,1,At Risk
17461.0,2011-11-17 10:21:00,2011-11-10 12:01:00,3,757.46,29,22,0,Loyal Customers
17462.0,2011-10-10 13:56:00,2011-02-28 17:01:00,2,675.69,283,59,0,Others
17463.0,2011-11-23 13:40:00,2011-01-30 15:48:00,5,1896.41,312,15,0,Loyal Customers
17464.0,2011-07-04 13:19:00,2011-07-04 13:19:00,1,289.96000000000004,157,157,1,At Risk
17466.0,2011-11-29 13:15:00,2011-09-22 09:16:00,2,763.28,78,9,0,Potential Loyalist
17468.0,2011-11-29 15:33:00,2011-11-25 12:52:00,2,137.0,13,9,0,Potential Loyalist
17469.0,2011-11-23 13:15:00,2011-05-19 08:55:00,5,1870.97,204,15,0,Loyal Customers
17470.0,2011-10-26 12:42:00,2010-12-07 09:57:00,5,1125.07,367,44,0,Others
17472.0,2011-06-01 14:57:00,2011-02-13 14:40:00,3,710.29,298,190,1,At Risk
17475.0,2011-09-21 14:55:00,2011-09-21 14:55:00,1,194.37,78,78,0,At Risk
17480.0,2011-09-23 11:39:00,2011-09-23 11:39:00,1,511.82,77,77,0,At Risk
17481.0,2011-12-06 12:28:00,2011-09-07 09:57:00,4,1255.59,93,3,0,Loyal Customers
17483.0,2011-10-05 13:10:00,2011-06-09 19:40:00,3,414.04,182,64,0,Others
17486.0,2011-03-23 14:00:00,2011-03-23 14:00:00,1,396.87,260,260,1,At Risk
17489.0,2011-10-12 08:56:00,2011-05-11 11:34:00,2,376.64,212,58,0,Others
17490.0,2011-12-09 09:08:00,2011-06-16 09:15:00,7,2092.32,176,0,0,Champions
17491.0,2011-12-08 16:18:00,2010-12-07 12:18:00,10,3558.87,367,0,0,Champions
17492.0,2011-04-05 15:21:00,2011-04-05 15:21:00,1,374.57,247,247,1,At Risk
17495.0,2011-12-02 12:08:00,2011-11-01 12:06:00,2,497.56,38,7,0,Potential Loyalist
17496.0,2010-12-16 08:39:00,2010-12-16 08:39:00,1,271.05,358,358,1,At Risk
17498.0,2011-09-25 12:25:00,2011-09-25 12:25:00,1,272.21999999999997,75,75,0,At Risk
17499.0,2011-02-23 09:14:00,2011-02-23 09:14:00,1,622.88,289,289,1,At Risk
17500.0,2011-11-22 14:25:00,2011-11-10 09:08:00,3,1138.0,29,16,0,Loyal Customers
17501.0,2011-05-03 09:47:00,2011-05-03 09:46:00,2,288.6,220,220,1,At Risk
17502.0,2011-11-30 13:13:00,2011-11-10 16:39:00,4,689.1,28,8,0,Loyal Customers
17503.0,2011-12-07 09:18:00,2011-11-01 11:12:00,2,558.96,38,2,0,Potential Loyalist
17504.0,2011-05-17 12:59:00,2011-01-21 11:09:00,9,2997.03,322,205,1,At Risk
17505.0,2011-07-01 12:50:00,2011-05-18 09:01:00,2,1145.8400000000001,205,161,1,At Risk
17506.0,2011-09-25 11:39:00,2011-09-25 11:39:00,1,302.2,75,75,0,At Risk
17507.0,2011-03-23 11:48:00,2011-02-03 18:08:00,2,605.58,308,261,1,At Risk
17508.0,2011-03-04 08:10:00,2011-03-04 08:10:00,1,387.31,280,280,1,At Risk
17509.0,2011-10-13 10:26:00,2011-10-07 13:14:00,8,6115.14,62,57,0,Others
17510.0,2011-11-15 10:00:00,2011-11-15 10:00:00,1,308.48,24,24,0,Potential Loyalist
17511.0,2011-12-07 10:12:00,2010-12-01 10:19:00,31,91062.38,373,2,0,Champions
17512.0,2011-11-11 12:11:00,2011-02-11 12:22:00,10,2924.9900000000002,301,28,0,Loyal Customers
17513.0,2011-09-28 16:42:00,2011-09-28 16:42:00,1,513.2,71,71,0,Others
17514.0,2011-08-03 15:45:00,2011-08-03 15:45:00,1,208.65,127,127,1,At Risk
17515.0,2011-11-08 14:04:00,2011-01-25 14:33:00,4,639.02,317,30,0,Loyal Customers
17516.0,2011-11-24 16:51:00,2011-02-27 12:41:00,5,768.08,285,14,0,Loyal Customers
17517.0,2011-02-04 11:48:00,2011-02-04 11:48:00,1,153.94,308,308,1,At Risk
17519.0,2011-11-22 16:43:00,2010-12-06 15:18:00,6,1844.02,367,16,0,Loyal Customers
17520.0,2011-10-17 12:04:00,2011-10-17 12:04:00,1,546.81,53,53,0,Others
17521.0,2011-11-10 11:22:00,2011-05-24 15:14:00,3,723.21,198,29,0,Loyal Customers
17522.0,2011-12-08 12:31:00,2011-05-05 16:31:00,5,1070.71,217,1,0,Loyal Customers
17523.0,2011-11-28 13:20:00,2011-11-20 13:40:00,4,652.74,18,10,0,Loyal Customers
17524.0,2010-12-13 14:32:00,2010-12-13 14:32:00,1,145.0,360,360,1,At Risk
17525.0,2010-12-15 12:05:00,2010-12-15 12:05:00,1,422.7,359,359,1,At Risk
17526.0,2011-12-05 11:05:00,2010-12-09 12:20:00,4,1195.8999999999999,365,4,0,Loyal Customers
17527.0,2011-10-17 12:32:00,2011-05-05 13:43:00,4,939.37,217,53,0,Others
17528.0,2011-12-08 13:27:00,2011-09-29 13:04:00,8,3628.5,70,0,0,Champions
17530.0,2011-12-08 18:42:00,2010-12-09 20:01:00,10,2385.0,364,0,0,Champions
17531.0,2011-06-02 19:17:00,2011-06-02 19:17:00,1,296.7,189,189,1,At Risk
17534.0,2011-10-17 12:47:00,2011-10-17 12:47:00,1,223.36,53,53,0,Others
17535.0,2011-03-04 15:20:00,2011-03-04 15:20:00,1,164.4,279,279,1,At Risk
17536.0,2011-06-15 13:23:00,2011-06-15 13:23:00,1,76.5,176,176,1,At Risk
17537.0,2011-11-10 10:56:00,2011-02-09 13:37:00,2,897.62,302,29,0,Potential Loyalist
17538.0,2011-11-14 12:12:00,2011-11-14 12:12:00,1,98.42,25,25,0,Potential Loyalist
17540.0,2011-11-15 11:56:00,2011-01-27 14:35:00,2,578.9,315,24,0,Potential Loyalist
17542.0,2011-03-15 11:45:00,2011-03-15 11:45:00,1,170.75,269,269,1,At Risk
17545.0,2011-10-27 14:04:00,2011-10-27 13:48:00,3,645.96,42,42,0,Others
17548.0,2011-04-20 12:01:00,2011-04-20 12:01:00,1,103.3,233,233,1,At Risk
17549.0,2011-11-16 09:59:00,2011-10-19 10:05:00,2,148.86,51,23,0,Potential Loyalist
17550.0,2011-05-26 14:09:00,2011-04-10 15:19:00,3,267.16,242,196,1,At Risk
17551.0,2010-12-15 14:12:00,2010-12-15 14:12:00,1,306.84,358,358,1,At Risk
17552.0,2011-10-10 17:00:00,2010-12-02 18:45:00,4,930.41,371,59,0,Others
17553.0,2011-08-02 10:00:00,2011-08-02 10:00:00,1,1487.6,129,129,1,At Risk
17554.0,2011-12-08 14:15:00,2011-07-14 20:01:00,5,1952.45,147,0,0,Loyal Customers
17555.0,2011-11-20 12:22:00,2011-01-09 12:31:00,2,483.26,334,19,0,Potential Loyalist
17556.0,2011-05-18 10:48:00,2011-05-18 10:48:00,1,157.9,205,205,1,At Risk
17557.0,2011-11-25 12:57:00,2011-09-19 14:23:00,3,541.46,80,13,0,Loyal Customers
17560.0,2011-09-06 09:18:00,2011-02-02 11:14:00,4,854.95,310,94,1,At Risk
17561.0,2011-11-20 12:53:00,2011-11-20 12:53:00,1,167.62,18,18,0,Potential Loyalist
17562.0,2011-11-25 14:21:00,2011-06-19 13:06:00,7,1122.38,172,13,0,Loyal Customers
17564.0,2011-11-15 13:27:00,2011-09-20 14:00:00,3,454.01,79,23,0,Loyal Customers
17566.0,2011-12-01 19:54:00,2011-11-14 13:42:00,2,901.21,24,7,0,Potential Loyalist
17567.0,2011-12-02 15:48:00,2010-12-02 15:18:00,8,4331.48,371,6,0,Champions
17569.0,2011-01-11 14:15:00,2011-01-11 14:15:00,1,344.14,331,331,1,At Risk
17571.0,2011-10-20 15:57:00,2011-02-14 15:15:00,4,1498.51,297,49,0,Others
17572.0,2011-09-29 17:53:00,2010-12-01 12:51:00,4,226.75000000000003,372,70,0,Others
17573.0,2011-11-10 13:01:00,2011-09-07 10:36:00,3,380.6,93,28,0,Loyal Customers
17574.0,2011-04-11 09:47:00,2011-04-11 09:47:00,1,185.65,242,242,1,At Risk
17576.0,2011-12-01 17:56:00,2010-12-09 16:57:00,19,3622.68,364,7,0,Champions
17578.0,2011-05-05 18:38:00,2011-05-05 18:38:00,1,143.45999999999998,217,217,1,At Risk
17579.0,2011-12-05 12:28:00,2011-06-13 14:12:00,3,448.90000000000003,178,4,0,Loyal Customers
17580.0,2011-04-01 12:41:00,2010-12-16 15:27:00,3,215.72,357,252,1,At Risk
17581.0,2011-12-09 12:21:00,2010-12-02 14:47:00,25,11045.04,371,0,0,Champions
17582.0,2011-04-17 13:18:00,2011-04-17 13:18:00,1,175.27,235,235,1,At Risk
17584.0,2011-12-02 17:12:00,2011-08-04 14:12:00,2,1242.3,126,6,0,Potential Loyalist
17585.0,2011-08-22 13:30:00,2011-01-05 15:09:00,4,1133.07,337,108,1,At Risk
17588.0,2011-08-31 13:37:00,2011-04-21 10:31:00,3,1240.2,232,99,1,At Risk
17589.0,2011-10-10 16:58:00,2011-04-13 13:47:00,4,2404.17,239,59,0,Others
17590.0,2011-12-07 12:55:00,2011-10-30 14:05:00,3,1479.22,39,1,0,Loyal Customers
17591.0,2011-09-27 13:42:00,2010-12-07 15:39:00,7,2225.9700000000003,366,72,0,At Risk
17593.0,2011-12-06 10:30:00,2010-12-22 10:29:00,5,3927.34,352,3,0,Loyal Customers
17594.0,2011-09-15 16:34:00,2011-03-30 10:32:00,2,993.1800000000001,254,84,0,At Risk
17595.0,2011-11-27 16:08:00,2011-11-02 16:19:00,2,388.79,36,11,0,Potential Loyalist
17596.0,2011-11-16 14:11:00,2010-12-06 12:34:00,7,2827.93,368,22,0,Loyal Customers
17597.0,2011-05-10 11:54:00,2011-05-10 11:54:00,1,2044.3700000000001,213,213,1,At Risk
17600.0,2011-11-22 09:43:00,2011-11-22 09:43:00,1,161.67000000000002,17,17,0,Potential Loyalist
17601.0,2011-04-14 18:02:00,2011-04-14 18:02:00,1,116.00999999999999,238,238,1,At Risk
17602.0,2011-12-07 13:53:00,2011-01-19 16:18:00,6,5102.97,323,1,0,Champions
17603.0,2011-09-22 14:18:00,2011-09-22 14:18:00,1,394.72,77,77,0,At Risk
17604.0,2011-05-06 13:43:00,2011-01-31 15:09:00,2,309.36,311,216,1,At Risk
17608.0,2011-11-06 13:06:00,2011-11-06 13:00:00,2,193.42,32,32,0,Potential Loyalist
17609.0,2011-10-30 12:28:00,2011-01-16 16:23:00,5,1112.22,326,40,0,Others
17611.0,2011-12-02 13:29:00,2010-12-13 13:52:00,15,3984.22,360,6,0,Champions
17612.0,2011-10-17 14:59:00,2011-02-15 10:40:00,6,2048.45,297,52,0,Others
17613.0,2011-11-17 10:51:00,2011-02-07 11:20:00,14,4559.150000000001,305,22,0,Loyal Customers
17614.0,2011-10-13 16:01:00,2011-10-13 16:01:00,1,390.07,56,56,0,Others
17615.0,2011-08-01 14:06:00,2011-05-01 15:33:00,3,329.6,221,129,1,At Risk
17616.0,2011-06-19 10:11:00,2010-12-07 10:04:00,3,571.1999999999999,367,173,1,At Risk
17618.0,2011-12-04 11:50:00,2010-12-12 16:05:00,3,971.58,361,5,0,Loyal Customers
17619.0,2011-01-31 14:18:00,2011-01-31 14:18:00,1,218.52,311,311,1,At Risk
17620.0,2011-10-11 12:08:00,2011-10-11 12:08:00,1,81.44,59,59,0,Others
17621.0,2011-11-18 17:11:00,2010-12-20 13:31:00,3,1379.9,353,20,0,Loyal Customers
17623.0,2011-11-07 11:32:00,2011-11-07 11:32:00,1,527.05,32,32,0,Potential Loyalist
17624.0,2011-11-25 10:52:00,2011-05-05 17:59:00,2,843.48,217,14,0,Potential Loyalist
17625.0,2011-11-21 13:36:00,2011-03-27 12:21:00,4,2047.0,257,17,0,Loyal Customers
17628.0,2011-09-19 15:21:00,2011-09-19 15:21:00,1,75.75,80,80,0,At Risk
17629.0,2011-12-04 10:56:00,2010-12-15 09:58:00,8,1814.1200000000001,359,5,0,Loyal Customers
17630.0,2011-06-23 11:58:00,2011-04-21 14:03:00,2,503.6,231,169,1,At Risk
17631.0,2011-12-08 09:47:00,2011-04-21 13:22:00,3,528.33,231,1,0,Loyal Customers
17633.0,2011-11-08 13:25:00,2011-08-11 15:43:00,4,1324.84,119,30,0,Loyal Customers
17634.0,2011-11-03 13:09:00,2011-01-06 12:45:00,9,2361.9700000000003,337,35,0,Others
17636.0,2011-11-20 14:40:00,2011-11-20 14:40:00,1,285.56,18,18,0,Potential Loyalist
17637.0,2011-11-08 12:51:00,2011-08-16 13:25:00,2,547.0600000000001,114,30,0,Potential Loyalist
17639.0,2011-03-08 15:22:00,2011-03-08 15:22:00,1,108.5,275,275,1,At Risk
17640.0,2011-09-14 09:13:00,2011-09-14 09:13:00,1,621.66,86,86,0,At Risk
17642.0,2011-08-12 09:11:00,2011-06-16 12:55:00,2,712.29,175,119,1,At Risk
17643.0,2010-12-01 14:38:00,2010-12-01 14:38:00,1,101.55,372,372,1,At Risk
17644.0,2011-12-08 13:43:00,2011-03-24 09:44:00,11,2895.64,260,0,0,Champions
17646.0,2011-05-04 13:17:00,2010-12-09 14:28:00,3,1008.39,364,218,1,At Risk
17647.0,2011-10-05 15:38:00,2011-10-05 15:38:00,1,133.06,64,64,0,Others
17648.0,2011-10-10 09:41:00,2011-04-04 10:29:00,4,1797.5,249,60,0,Others
17649.0,2011-07-24 15:53:00,2011-07-24 15:53:00,1,868.49,137,137,1,At Risk
17650.0,2011-11-18 14:52:00,2011-11-18 14:52:00,1,166.07999999999998,20,20,0,Potential Loyalist
17651.0,2011-11-28 10:29:00,2011-06-15 15:57:00,10,3945.0,176,11,0,Champions
17652.0,2011-11-14 12:55:00,2011-03-03 14:05:00,12,4867.72,280,24,0,Loyal Customers
17653.0,2011-11-03 12:46:00,2011-08-11 15:24:00,4,1207.56,119,36,0,Others
17654.0,2011-03-07 13:17:00,2011-03-07 13:17:00,1,117.55,276,276,1,At Risk
17655.0,2011-11-29 11:34:00,2010-12-08 16:45:00,7,2638.94,365,10,0,Champions
17656.0,2011-09-27 13:04:00,2011-08-03 10:45:00,5,1674.69,128,72,0,At Risk
17658.0,2011-11-14 12:07:00,2011-05-12 15:23:00,2,595.42,210,25,0,Potential Loyalist
17659.0,2011-11-22 13:29:00,2010-12-02 16:46:00,12,2999.46,371,16,0,Loyal Customers
17660.0,2011-07-21 13:37:00,2011-07-21 13:37:00,1,196.0,140,140,1,At Risk
17663.0,2011-11-14 08:56:00,2011-02-25 14:11:00,7,1802.91,286,25,0,Loyal Customers
17664.0,2011-11-21 11:29:00,2011-05-11 14:17:00,2,604.64,211,18,0,Potential Loyalist
17666.0,2011-12-06 09:06:00,2011-10-05 11:06:00,2,728.16,65,3,0,Potential Loyalist
17667.0,2011-10-04 14:32:00,2011-02-14 09:24:00,5,2055.51,298,65,0,Others
17668.0,2011-12-08 13:25:00,2011-11-01 14:45:00,2,347.75,37,0,0,Potential Loyalist
17669.0,2011-10-28 08:53:00,2011-04-04 10:11:00,7,3406.7200000000003,249,42,0,Others
17670.0,2011-04-26 09:12:00,2011-04-26 09:12:00,1,205.7,227,227,1,At Risk
17671.0,2011-11-24 12:21:00,2010-12-09 14:27:00,4,1572.71,364,15,0,Loyal Customers
17672.0,2011-10-20 14:18:00,2011-02-03 13:29:00,2,3178.17,308,49,0,Others
17673.0,2011-12-08 12:50:00,2011-01-23 15:16:00,6,1629.12,319,1,0,Loyal Customers
17674.0,2011-09-26 13:35:00,2010-12-06 10:20:00,2,551.04,368,73,0,At Risk
17675.0,2011-12-08 18:03:00,2010-12-07 13:22:00,31,20374.28,366,0,0,Champions
17676.0,2011-12-05 15:16:00,2010-12-08 13:49:00,6,1387.68,365,3,0,Loyal Customers
17677.0,2011-12-08 09:56:00,2010-12-06 08:42:00,30,16363.23,368,1,0,Champions
17678.0,2011-03-21 11:52:00,2011-03-21 11:52:00,1,298.11,263,263,1,At Risk
17679.0,2011-10-18 07:43:00,2011-09-15 10:35:00,2,1992.1100000000001,85,52,0,Others
17680.0,2011-11-16 12:42:00,2011-11-16 12:42:00,1,184.4,23,23,0,Potential Loyalist
17682.0,2011-11-29 15:59:00,2010-12-06 13:35:00,6,2474.33,367,9,0,Champions
17684.0,2011-10-27 11:10:00,2011-10-27 11:10:00,1,239.41,43,43,0,Others
17685.0,2011-11-23 11:36:00,2010-12-02 14:42:00,7,3191.53,371,16,0,Loyal Customers
17686.0,2011-12-02 15:39:00,2011-02-10 10:18:00,7,5739.46,302,6,0,Champions
17690.0,2011-11-09 15:17:00,2010-12-01 16:15:00,15,4757.95,372,29,0,Loyal Customers
17691.0,2010-12-16 17:20:00,2010-12-06 11:10:00,2,290.40000000000003,368,357,1,At Risk
17692.0,2011-08-04 14:01:00,2010-12-15 13:37:00,4,740.94,358,126,1,At Risk
17693.0,2011-07-25 15:48:00,2011-07-25 15:48:00,1,200.47,136,136,1,At Risk
17694.0,2011-07-21 12:00:00,2011-07-21 12:00:00,1,283.12,141,141,1,At Risk
17695.0,2011-07-31 10:40:00,2011-06-21 12:35:00,2,765.34,171,131,1,At Risk
17696.0,2011-11-01 13:43:00,2010-12-10 09:51:00,8,2285.71,364,37,0,Others
17697.0,2011-04-17 15:40:00,2011-04-17 15:40:00,1,338.95,235,235,1,At Risk
17698.0,2011-03-24 11:34:00,2011-03-24 11:34:00,1,154.95,260,260,1,At Risk
17700.0,2011-11-23 11:51:00,2011-03-03 16:34:00,4,2534.64,280,16,0,Loyal Customers
17701.0,2011-04-01 12:25:00,2011-04-01 12:25:00,1,417.95,252,252,1,At Risk
17702.0,2011-11-09 16:03:00,2011-05-17 16:23:00,4,1824.37,205,29,0,Loyal Customers
17703.0,2011-11-04 15:51:00,2011-07-24 13:30:00,3,798.74,137,34,0,Others
17704.0,2011-06-24 09:40:00,2011-04-14 09:28:00,2,885.19,239,168,1,At Risk
17705.0,2011-12-06 13:45:00,2011-02-11 10:57:00,9,1823.52,301,2,0,Loyal Customers
17706.0,2011-12-05 13:34:00,2010-12-08 11:02:00,17,10504.49,366,3,0,Champions
17707.0,2011-06-07 15:03:00,2011-01-07 13:30:00,2,152.4,335,184,1,At Risk
17708.0,2011-06-05 10:12:00,2011-01-19 10:09:00,2,267.08,324,187,1,At Risk
17709.0,2011-06-23 11:55:00,2011-06-23 11:55:00,1,137.45,169,169,1,At Risk
17711.0,2011-11-29 11:40:00,2011-02-23 11:32:00,2,385.1,289,10,0,Potential Loyalist
17712.0,2011-10-26 12:28:00,2011-10-26 12:28:00,1,522.91,44,44,0,Others
17714.0,2011-01-23 10:32:00,2011-01-23 10:32:00,1,153.0,320,320,1,At Risk
17715.0,2011-05-23 12:32:00,2011-05-23 12:32:00,1,326.4,200,200,1,At Risk
17716.0,2011-11-17 12:00:00,2011-03-17 10:38:00,11,5655.99,267,22,0,Loyal Customers
17718.0,2011-04-21 13:39:00,2011-04-21 13:39:00,1,139.35,231,231,1,At Risk
17719.0,2011-11-02 10:36:00,2011-03-29 11:29:00,15,5396.04,255,37,0,Others
17720.0,2011-11-13 15:04:00,2010-12-07 10:43:00,4,1195.94,367,25,0,Loyal Customers
17722.0,2011-09-04 15:22:00,2010-12-08 12:41:00,4,2424.04,366,95,1,At Risk
17723.0,2011-08-04 18:37:00,2011-05-09 14:44:00,6,3276.4000000000005,213,126,1,At Risk
17724.0,2011-09-29 15:26:00,2011-07-24 13:26:00,3,1033.0,137,70,0,Others
17725.0,2011-11-23 16:34:00,2011-03-17 19:47:00,11,3439.08,266,15,0,Loyal Customers
17727.0,2011-11-24 17:06:00,2011-11-24 17:06:00,1,1060.25,14,14,0,Potential Loyalist
17728.0,2011-12-06 08:52:00,2011-09-14 11:39:00,3,2876.01,86,3,0,Loyal Customers
17730.0,2011-12-06 15:43:00,2011-01-17 14:49:00,13,5298.4800000000005,325,2,0,Champions
17731.0,2011-09-21 15:02:00,2011-06-09 14:18:00,4,1240.11,182,78,0,At Risk
17732.0,2010-12-02 09:29:00,2010-12-02 09:29:00,1,303.97,372,372,1,At Risk
17733.0,2011-11-01 08:16:00,2011-03-23 09:54:00,2,692.19,261,38,0,Others
17734.0,2011-10-17 12:33:00,2011-04-20 10:04:00,3,700.63,233,53,0,Others
17735.0,2011-12-07 16:47:00,2010-12-07 10:32:00,19,13110.02,367,1,0,Champions
17736.0,2011-11-30 15:36:00,2011-08-18 14:33:00,3,377.44,112,8,0,Loyal Customers
17737.0,2011-11-30 15:16:00,2011-10-12 14:42:00,2,168.24,57,8,0,Potential Loyalist
17738.0,2011-11-20 15:05:00,2011-03-02 16:26:00,4,1879.05,281,18,0,Loyal Customers
17739.0,2011-11-28 09:12:00,2010-12-14 14:26:00,7,2791.35,359,11,0,Champions
17742.0,2011-08-18 15:28:00,2011-01-11 10:04:00,2,355.11,332,112,1,At Risk
17744.0,2011-12-06 12:11:00,2010-12-16 14:17:00,6,2322.4,357,3,0,Champions
17746.0,2011-04-13 14:31:00,2011-04-13 14:31:00,1,110.25,239,239,1,At Risk
17747.0,2011-08-19 08:13:00,2011-08-19 08:13:00,1,71.4,112,112,1,At Risk
17749.0,2011-06-14 15:45:00,2011-03-28 13:39:00,2,674.52,255,177,1,At Risk
17750.0,2011-12-04 14:09:00,2011-06-28 15:44:00,9,1797.57,163,4,0,Loyal Customers
17752.0,2010-12-15 16:19:00,2010-12-15 16:19:00,1,80.64,358,358,1,At Risk
17754.0,2011-12-09 11:20:00,2011-03-24 13:54:00,5,1772.26,259,0,0,Loyal Customers
17757.0,2011-12-08 15:31:00,2010-12-02 17:17:00,30,5605.29,371,0,0,Champions
17758.0,2011-11-20 14:45:00,2011-04-03 15:22:00,8,3456.7,249,18,0,Loyal Customers
17759.0,2011-11-22 16:02:00,2011-06-23 13:35:00,3,834.99,168,16,0,Loyal Customers
17760.0,2011-11-18 10:56:00,2010-12-01 15:08:00,2,287.59,372,21,0,Potential Loyalist
17761.0,2011-11-07 10:23:00,2011-11-07 10:23:00,1,712.78,32,32,0,Potential Loyalist
17763.0,2011-03-21 14:25:00,2011-03-21 14:25:00,1,15.0,262,262,1,At Risk
17764.0,2011-10-20 11:03:00,2011-05-12 16:11:00,2,818.82,210,50,0,Others
17765.0,2011-07-04 12:41:00,2011-03-28 11:58:00,3,371.88,256,158,1,At Risk
17767.0,2011-11-24 14:42:00,2011-11-24 14:42:00,1,271.2,14,14,0,Potential Loyalist
17768.0,2011-12-01 13:22:00,2011-06-26 13:46:00,3,2273.1800000000003,165,7,0,Loyal Customers
17769.0,2011-11-27 11:18:00,2011-01-23 11:15:00,10,3997.98,320,12,0,Champions
17770.0,2011-05-25 12:34:00,2011-03-02 13:35:00,5,1143.27,281,198,1,At Risk
17771.0,2011-10-14 11:43:00,2011-01-20 14:13:00,2,245.81,322,56,0,Others
17772.0,2011-11-29 11:05:00,2011-11-29 10:57:00,2,182.77,10,10,0,Potential Loyalist
17774.0,2011-09-04 12:49:00,2011-02-07 13:13:00,4,1225.41,304,96,1,At Risk
17775.0,2011-03-30 10:50:00,2011-03-30 10:50:00,1,56.4,254,254,1,At Risk
17777.0,2011-11-15 12:02:00,2011-08-31 14:35:00,3,665.86,99,24,0,Loyal Customers
17779.0,2011-11-18 14:15:00,2011-07-19 12:19:00,3,658.57,143,20,0,Loyal Customers
17781.0,2011-07-03 16:00:00,2011-03-31 19:54:00,2,188.02,252,158,1,At Risk
17783.0,2011-09-28 16:07:00,2011-04-06 10:07:00,2,283.47,247,71,0,Others
17785.0,2011-10-17 13:43:00,2011-10-17 13:43:00,1,131.94,52,52,0,Others
17786.0,2011-09-15 12:51:00,2011-01-26 14:35:00,2,278.74,316,84,0,At Risk
17787.0,2011-07-10 11:24:00,2010-12-03 13:43:00,4,1865.19,370,152,1,At Risk
17788.0,2011-09-27 10:09:00,2011-08-02 10:38:00,2,1117.9,129,73,0,At Risk
17789.0,2011-03-03 13:14:00,2011-03-03 13:14:00,1,225.9,280,280,1,At Risk
17790.0,2011-11-13 11:30:00,2010-12-10 10:47:00,14,1965.55,364,26,0,Loyal Customers
17791.0,2011-11-10 12:09:00,2011-11-10 12:09:00,1,106.1,29,29,0,Potential Loyalist
17793.0,2011-11-14 14:24:00,2011-11-14 14:24:00,1,323.04,24,24,0,Potential Loyalist
17795.0,2011-06-13 12:36:00,2011-03-20 12:02:00,2,350.39,264,179,1,At Risk
17796.0,2011-10-30 15:38:00,2010-12-05 12:23:00,4,697.9,369,39,0,Others
17797.0,2011-11-17 13:21:00,2011-06-10 11:29:00,3,780.43,182,21,0,Loyal Customers
17799.0,2011-11-17 15:16:00,2010-12-13 13:10:00,10,3055.93,360,21,0,Loyal Customers
17800.0,2011-11-02 12:57:00,2011-01-09 13:50:00,9,1199.01,333,36,0,Others
17802.0,2011-09-18 14:56:00,2010-12-02 13:44:00,3,1285.04,371,81,0,At Risk
17805.0,2011-09-27 11:49:00,2011-09-27 11:49:00,1,512.31,73,73,0,At Risk
17806.0,2011-11-28 14:12:00,2011-11-28 14:12:00,1,546.04,10,10,0,Potential Loyalist
17809.0,2011-11-23 12:59:00,2010-12-01 09:41:00,12,5411.91,373,15,0,Loyal Customers
17811.0,2011-12-05 13:46:00,2011-01-10 10:58:00,39,7837.7300000000005,333,3,0,Champions
17812.0,2011-11-27 11:47:00,2010-12-06 15:27:00,4,732.16,367,12,0,Loyal Customers
17813.0,2011-11-25 16:13:00,2011-09-29 15:57:00,5,1770.88,70,13,0,Loyal Customers
17816.0,2011-11-03 11:34:00,2010-12-09 14:10:00,4,36.56,364,36,0,Others
17817.0,2011-12-05 14:39:00,2011-03-07 17:30:00,3,387.68,276,3,0,Loyal Customers
17819.0,2011-09-29 10:52:00,2010-12-03 14:26:00,7,3704.87,370,71,0,Others
17824.0,2011-10-19 14:14:00,2011-10-19 14:14:00,1,298.4,50,50,0,Others
17827.0,2011-12-04 15:00:00,2010-12-10 10:18:00,5,1995.46,364,4,0,Loyal Customers
17828.0,2011-11-17 08:41:00,2011-06-08 08:31:00,4,1820.09,184,22,0,Loyal Customers
17829.0,2011-02-14 12:46:00,2011-02-14 12:46:00,1,889.24,298,298,1,At Risk
17830.0,2011-12-08 12:28:00,2011-02-24 10:15:00,3,398.7,288,1,0,Loyal Customers
17831.0,2011-11-06 15:09:00,2011-11-06 15:09:00,1,35.400000000000006,32,32,0,Potential Loyalist
17832.0,2011-10-21 11:43:00,2011-10-21 11:43:00,1,155.37,49,49,0,Others
17835.0,2011-12-07 11:48:00,2011-11-16 16:30:00,3,350.64,22,2,0,Loyal Customers
17836.0,2011-10-23 16:13:00,2011-10-23 16:13:00,1,110.21000000000001,46,46,0,Others
17837.0,2011-10-28 16:13:00,2011-06-29 16:44:00,8,1593.38,162,41,0,Others
17838.0,2011-11-13 11:20:00,2010-12-02 15:55:00,5,2779.3,371,26,0,Loyal Customers
17839.0,2011-10-28 17:27:00,2011-10-28 17:27:00,1,338.8,41,41,0,Others
17841.0,2011-12-08 12:07:00,2010-12-01 14:41:00,124,40991.57,372,1,0,Champions
17843.0,2011-02-09 15:33:00,2011-02-09 15:33:00,1,205.48,302,302,1,At Risk
17844.0,2011-08-25 11:27:00,2011-08-25 11:27:00,1,51.559999999999995,106,106,1,At Risk
17846.0,2011-09-15 15:20:00,2011-09-15 15:20:00,1,2033.1,84,84,0,At Risk
17848.0,2011-09-19 16:49:00,2010-12-16 18:38:00,9,901.2,357,80,0,At Risk
17849.0,2011-05-05 13:46:00,2011-01-10 11:59:00,4,605.8000000000001,333,217,1,At Risk
17850.0,2010-12-02 15:27:00,2010-12-01 08:26:00,34,5391.21,373,371,1,At Risk
17852.0,2011-11-28 12:36:00,2011-11-28 12:31:00,2,114.34,11,11,0,Potential Loyalist
17854.0,2011-06-07 16:21:00,2011-04-26 16:53:00,2,311.26,226,184,1,At Risk
17855.0,2010-12-02 09:44:00,2010-12-02 09:44:00,1,208.97,372,372,1,At Risk
17856.0,2011-12-08 09:40:00,2011-03-03 11:40:00,4,1418.03,281,1,0,Loyal Customers
17857.0,2011-12-05 13:13:00,2010-12-09 11:35:00,23,26879.04,365,3,0,Champions
17858.0,2011-12-04 11:56:00,2010-12-05 13:08:00,12,5155.66,368,5,0,Champions
17859.0,2011-02-08 10:32:00,2011-02-08 10:32:00,1,148.21,304,304,1,At Risk
17860.0,2010-12-06 12:41:00,2010-12-06 12:41:00,1,252.8,368,368,1,At Risk
17861.0,2011-12-06 16:21:00,2011-01-24 11:34:00,8,2100.8,319,2,0,Champions
17862.0,2011-01-20 12:23:00,2011-01-20 12:23:00,1,330.9,323,323,1,At Risk
17863.0,2011-10-11 13:45:00,2010-12-05 13:21:00,6,3160.0,368,58,0,Others
17864.0,2011-11-27 11:15:00,2011-03-09 11:44:00,3,597.5,275,12,0,Loyal Customers
17865.0,2011-11-09 12:08:00,2010-12-10 14:53:00,20,10526.32,363,30,0,Loyal Customers
17866.0,2011-07-20 11:07:00,2011-07-20 11:07:00,1,329.65000000000003,142,142,1,At Risk
17867.0,2011-11-09 14:15:00,2011-02-24 12:25:00,6,1197.1000000000001,288,29,0,Loyal Customers
17869.0,2011-08-24 16:16:00,2010-12-06 17:16:00,5,428.18,367,106,1,At Risk
17870.0,2011-12-07 15:07:00,2010-12-08 08:12:00,12,1894.35,366,1,0,Loyal Customers
17871.0,2011-05-19 11:32:00,2011-05-19 11:32:00,1,155.9,204,204,1,At Risk
17873.0,2011-09-20 16:41:00,2010-12-01 14:54:00,5,1859.16,372,79,0,At Risk
17874.0,2011-06-07 12:54:00,2011-03-29 11:25:00,6,683.46,255,184,1,At Risk
17877.0,2011-06-22 13:00:00,2011-06-22 13:00:00,1,237.61,169,169,1,At Risk
17878.0,2011-10-27 11:24:00,2011-10-27 11:24:00,1,379.45,43,43,0,Others
17879.0,2011-06-19 12:36:00,2011-06-19 12:36:00,1,178.52,173,173,1,At Risk
17880.0,2010-12-10 10:21:00,2010-12-10 10:21:00,1,458.92,364,364,1,At Risk
17881.0,2011-02-08 17:16:00,2011-02-08 17:16:00,1,133.35,303,303,1,At Risk
17883.0,2011-12-06 17:49:00,2011-04-07 19:16:00,4,671.77,245,2,0,Loyal Customers
17884.0,2011-12-06 11:33:00,2010-12-03 12:11:00,4,717.45,371,3,0,Loyal Customers
17885.0,2011-11-27 14:40:00,2011-11-27 14:40:00,1,190.19,11,11,0,Potential Loyalist
17886.0,2011-11-08 10:09:00,2011-04-04 12:34:00,3,899.61,249,31,0,Loyal Customers
17887.0,2011-08-02 17:29:00,2011-08-02 17:29:00,1,111.35,128,128,1,At Risk
17888.0,2011-11-18 13:45:00,2010-12-17 13:56:00,8,726.05,356,20,0,Loyal Customers
17889.0,2011-05-11 16:26:00,2011-01-21 17:14:00,2,203.87,321,211,1,At Risk
17890.0,2011-01-21 11:19:00,2010-12-13 15:12:00,2,602.09,360,322,1,At Risk
17891.0,2011-06-30 20:08:00,2011-06-30 20:08:00,1,203.85999999999999,161,161,1,At Risk
17892.0,2011-10-14 16:49:00,2011-07-07 12:56:00,3,244.1,154,55,0,Others
17893.0,2011-04-28 13:50:00,2011-04-28 13:50:00,1,112.25,224,224,1,At Risk
17894.0,2011-09-29 09:23:00,2010-12-08 14:50:00,8,1119.81,365,71,0,Others
17895.0,2011-10-26 17:00:00,2011-10-26 17:00:00,1,98.0,43,43,0,Others
17896.0,2011-11-16 13:59:00,2011-11-16 13:59:00,1,256.32,22,22,0,Potential Loyalist
17897.0,2011-06-20 11:23:00,2010-12-01 12:31:00,3,566.6,373,172,1,At Risk
17898.0,2011-09-15 14:56:00,2011-05-16 17:13:00,2,152.06,206,84,0,At Risk
17899.0,2011-07-03 14:58:00,2011-07-03 14:58:00,1,155.8,158,158,1,At Risk
17900.0,2011-06-02 14:38:00,2011-06-02 14:28:00,2,112.19999999999999,189,189,1,At Risk
17901.0,2011-11-10 17:29:00,2011-11-10 17:29:00,1,110.38,28,28,0,Potential Loyalist
17904.0,2011-11-18 12:57:00,2011-11-18 12:57:00,1,191.67000000000002,20,20,0,Potential Loyalist
17905.0,2011-09-29 17:33:00,2010-12-01 13:21:00,4,800.24,372,70,0,Others
17906.0,2011-04-06 17:25:00,2011-04-06 17:25:00,1,72.9,246,246,1,At Risk
17908.0,2010-12-01 11:45:00,2010-12-01 11:45:00,1,243.28,373,373,1,At Risk
17911.0,2011-11-30 14:52:00,2011-11-30 14:52:00,1,366.23,8,8,0,Potential Loyalist
17912.0,2011-02-02 14:25:00,2010-12-10 11:11:00,5,311.01,364,309,1,At Risk
17913.0,2011-10-12 10:45:00,2010-12-19 11:35:00,2,411.6,355,58,0,Others
17914.0,2011-12-06 11:58:00,2011-12-06 11:58:00,1,336.43,3,3,0,Potential Loyalist
17917.0,2011-10-25 13:20:00,2010-12-12 12:08:00,3,341.28,362,44,0,Others
17919.0,2011-09-12 13:41:00,2011-09-12 13:41:00,1,1304.04,87,87,0,At Risk
17920.0,2011-12-05 14:29:00,2010-12-01 11:49:00,17,4204.1,373,3,0,Champions
17921.0,2011-10-06 18:56:00,2011-03-18 13:19:00,4,826.52,265,63,0,Others
17923.0,2011-03-02 15:15:00,2011-03-02 15:15:00,1,207.50000000000003,281,281,1,At Risk
17924.0,2011-11-28 09:11:00,2010-12-01 10:51:00,7,2962.5,373,11,0,Champions
17925.0,2010-12-02 10:10:00,2010-12-02 10:10:00,1,244.08,372,372,1,At Risk
17926.0,2011-07-29 14:39:00,2011-05-20 09:24:00,2,397.29,203,132,1,At Risk
17928.0,2011-10-25 13:52:00,2011-04-07 18:03:00,2,212.54,245,44,0,Others
17929.0,2011-11-28 16:01:00,2011-02-04 11:40:00,4,843.0,308,10,0,Loyal Customers
17930.0,2011-11-04 10:23:00,2011-04-14 15:46:00,5,1740.48,238,35,0,Others
17931.0,2011-07-28 18:33:00,2011-03-29 12:31:00,2,408.36,255,133,1,At Risk
17932.0,2011-11-10 19:49:00,2011-05-12 13:58:00,3,1331.57,210,28,0,Loyal Customers
17934.0,2011-10-19 11:16:00,2011-10-12 10:50:00,2,704.25,58,51,0,Others
17935.0,2011-07-24 13:18:00,2011-07-21 11:23:00,2,145.79,141,137,1,At Risk
17936.0,2011-12-04 13:32:00,2011-12-04 13:32:00,1,389.84,4,4,0,Potential Loyalist
17937.0,2011-12-01 11:45:00,2010-12-12 14:43:00,7,4301.22,361,8,0,Champions
17939.0,2011-07-03 12:27:00,2011-07-03 12:27:00,1,99.14,159,159,1,At Risk
17940.0,2011-10-21 13:27:00,2011-02-10 09:29:00,10,4106.4400000000005,302,48,0,Others
17941.0,2011-08-01 08:30:00,2011-08-01 08:30:00,1,304.56,130,130,1,At Risk
17942.0,2011-12-02 10:45:00,2011-12-02 10:45:00,1,77.50000000000001,7,7,0,Potential Loyalist
17946.0,2011-04-20 17:00:00,2011-03-25 14:34:00,2,149.57999999999998,258,232,1,At Risk
17947.0,2011-11-02 13:05:00,2011-11-02 13:05:00,1,176.68,36,36,0,Others
17948.0,2011-07-15 12:58:00,2011-07-15 12:58:00,1,358.56000000000006,146,146,1,At Risk
17949.0,2011-12-08 18:46:00,2010-12-03 13:12:00,45,58510.48,370,0,0,Champions
17950.0,2011-09-28 15:18:00,2010-12-09 15:16:00,3,482.2,364,71,0,Others
17951.0,2011-10-31 12:30:00,2010-12-01 12:40:00,3,1008.5400000000001,373,39,0,Others
17954.0,2011-12-04 14:15:00,2010-12-03 14:18:00,12,2332.72,370,4,0,Champions
17955.0,2011-05-25 12:00:00,2011-05-04 12:29:00,4,557.3,219,198,1,At Risk
17956.0,2011-04-04 13:47:00,2011-04-04 13:47:00,1,12.75,248,248,1,At Risk
17957.0,2011-10-04 14:58:00,2011-10-04 14:58:00,1,111.68,65,65,0,Others
17958.0,2011-08-15 12:19:00,2011-08-15 12:19:00,1,508.46000000000004,116,116,1,At Risk
17960.0,2011-06-21 14:15:00,2011-06-21 14:15:00,1,73.78,170,170,1,At Risk
17961.0,2011-11-18 16:55:00,2010-12-02 19:18:00,39,1296.44,371,20,0,Loyal Customers
17962.0,2011-07-20 14:16:00,2011-07-20 14:16:00,1,102.83,141,141,1,At Risk
17964.0,2011-11-08 10:44:00,2010-12-02 13:32:00,2,471.7,371,31,0,Potential Loyalist
17965.0,2011-11-02 09:31:00,2010-12-05 15:54:00,14,2622.57,368,37,0,Others
17966.0,2011-11-02 10:26:00,2011-03-23 17:25:00,5,1098.43,260,37,0,Others
17967.0,2010-12-03 11:19:00,2010-12-03 11:19:00,1,123.07,371,371,1,At Risk
17968.0,2010-12-01 12:23:00,2010-12-01 12:23:00,1,277.35,373,373,1,At Risk
17969.0,2011-06-26 13:00:00,2010-12-13 15:34:00,2,228.2,360,165,1,At Risk
17970.0,2011-05-12 20:03:00,2011-05-12 20:03:00,1,582.59,210,210,1,At Risk
17972.0,2011-04-12 12:16:00,2011-04-12 12:16:00,1,136.04,241,241,1,At Risk
17973.0,2011-10-19 10:34:00,2011-10-19 10:34:00,1,337.04,51,51,0,Others
17974.0,2011-11-15 11:37:00,2011-05-04 11:50:00,3,740.79,219,24,0,Loyal Customers
17975.0,2011-11-24 13:27:00,2010-12-08 11:38:00,13,4488.81,366,14,0,Loyal Customers
17976.0,2010-12-02 13:49:00,2010-12-02 13:49:00,1,353.19,371,371,1,At Risk
17977.0,2011-11-10 13:28:00,2011-11-10 13:28:00,1,288.14,28,28,0,Potential Loyalist
17978.0,2010-12-09 14:05:00,2010-12-09 14:05:00,1,300.91999999999996,364,364,1,At Risk
17979.0,2011-11-04 12:05:00,2011-03-25 11:34:00,4,757.71,259,35,0,Others
17980.0,2011-06-27 12:01:00,2010-12-15 15:50:00,3,811.45,358,165,1,At Risk
17984.0,2011-07-17 15:59:00,2011-07-17 15:59:00,1,152.68,144,144,1,At Risk
17985.0,2011-11-17 14:24:00,2011-11-17 14:24:00,1,634.95,21,21,0,Potential Loyalist
17986.0,2011-10-14 14:22:00,2011-10-14 14:22:00,1,20.8,55,55,0,Others
17987.0,2011-06-07 14:22:00,2011-06-07 14:22:00,1,198.57,184,184,1,At Risk
17988.0,2011-11-28 11:00:00,2011-01-17 11:59:00,7,201.12,326,11,0,Loyal Customers
17990.0,2011-04-17 11:44:00,2010-12-13 12:10:00,3,630.84,361,236,1,At Risk
17991.0,2011-04-28 15:58:00,2011-04-27 16:39:00,2,93.35,225,224,1,At Risk
17994.0,2011-08-10 11:41:00,2011-02-22 11:02:00,4,678.49,290,121,1,At Risk
17995.0,2011-03-03 12:30:00,2011-03-03 12:30:00,1,76.1,281,281,1,At Risk
17997.0,2011-09-26 16:13:00,2011-06-28 17:28:00,8,1970.67,163,73,0,At Risk
17999.0,2011-11-02 15:56:00,2010-12-08 15:17:00,2,382.06,365,36,0,Others
18001.0,2011-11-27 16:02:00,2011-09-14 11:21:00,2,417.23,86,11,0,Potential Loyalist
18004.0,2010-12-12 13:47:00,2010-12-12 13:47:00,1,169.47,361,361,1,At Risk
18005.0,2011-12-06 11:51:00,2011-10-23 14:40:00,2,249.72,46,3,0,Potential Loyalist
18006.0,2011-11-16 16:52:00,2011-11-16 16:52:00,1,444.68,22,22,0,Potential Loyalist
18008.0,2011-09-30 15:17:00,2011-01-25 12:26:00,9,2116.19,318,69,0,Others
18009.0,2011-04-18 13:36:00,2011-04-18 13:36:00,1,257.34,234,234,1,At Risk
18010.0,2011-03-28 12:27:00,2011-03-28 12:27:00,1,174.8,256,256,1,At Risk
18011.0,2010-12-01 17:35:00,2010-12-01 17:35:00,1,102.78999999999999,372,372,1,At Risk
18013.0,2011-07-07 14:11:00,2011-07-07 14:08:00,2,187.29,154,154,1,At Risk
18014.0,2011-11-11 15:28:00,2011-11-11 15:28:00,1,166.42,27,27,0,Potential Loyalist
18015.0,2011-12-05 14:49:00,2011-12-05 14:49:00,1,120.03,3,3,0,Potential Loyalist
18016.0,2011-11-07 13:25:00,2010-12-10 17:14:00,5,1483.56,363,31,0,Loyal Customers
18017.0,2011-09-19 16:15:00,2011-02-02 13:57:00,3,523.0,309,80,0,At Risk
18018.0,2011-08-23 17:37:00,2011-05-24 13:22:00,2,122.14,198,107,1,At Risk
18019.0,2011-10-19 12:10:00,2011-10-19 12:10:00,1,38.45,51,51,0,Others
18022.0,2011-11-04 12:45:00,2011-11-04 12:45:00,1,668.11,35,35,0,Others
18024.0,2011-07-10 12:40:00,2011-07-10 12:28:00,2,389.78,152,152,1,At Risk
18027.0,2011-09-02 10:38:00,2011-09-02 10:38:00,1,115.31,98,98,1,At Risk
18030.0,2011-12-05 16:37:00,2011-10-28 13:55:00,2,230.64999999999998,41,3,0,Potential Loyalist
18032.0,2011-01-09 15:32:00,2011-01-09 15:32:00,1,73.5,333,333,1,At Risk
18033.0,2011-10-05 17:28:00,2011-10-05 17:28:00,1,97.97,64,64,0,Others
18034.0,2011-11-18 12:22:00,2011-11-18 12:08:00,2,422.88,21,21,0,Potential Loyalist
18035.0,2011-11-04 12:39:00,2011-10-27 17:48:00,3,730.4,42,35,0,Others
18036.0,2011-11-07 14:40:00,2011-04-08 11:26:00,3,405.62,245,31,0,Loyal Customers
18037.0,2011-07-08 13:39:00,2010-12-12 16:20:00,6,70.02,361,153,1,At Risk
18040.0,2011-11-20 14:20:00,2011-04-08 08:27:00,2,357.20000000000005,245,18,0,Potential Loyalist
18041.0,2011-11-28 11:39:00,2010-12-02 11:21:00,21,4183.39,372,11,0,Champions
18042.0,2011-10-17 11:49:00,2011-10-17 11:49:00,1,165.04999999999998,53,53,0,Others
18043.0,2011-11-15 12:48:00,2010-12-08 12:35:00,3,559.51,366,24,0,Loyal Customers
18044.0,2011-12-05 14:26:00,2010-12-14 12:25:00,10,2088.6,360,3,0,Champions
18045.0,2011-10-25 13:07:00,2011-10-25 13:07:00,1,189.4,44,44,0,Others
18048.0,2011-05-20 14:58:00,2011-05-20 14:54:00,2,172.29000000000002,202,202,1,At Risk
18050.0,2010-12-15 14:25:00,2010-12-15 14:25:00,1,74.4,358,358,1,At Risk
18053.0,2011-09-30 09:05:00,2011-09-30 09:05:00,1,300.02,70,70,0,Others
18055.0,2011-12-02 14:25:00,2010-12-05 10:52:00,10,6784.1900000000005,369,6,0,Champions
18056.0,2011-02-24 14:27:00,2011-02-24 14:27:00,1,363.65,287,287,1,At Risk
18058.0,2011-11-30 08:38:00,2011-11-30 08:38:00,1,170.16,9,9,0,Potential Loyalist
18059.0,2011-11-16 16:49:00,2011-10-03 09:30:00,3,306.46,67,22,0,Loyal Customers
18061.0,2011-11-18 11:20:00,2010-12-08 13:03:00,10,2119.41,365,21,0,Loyal Customers
18062.0,2011-06-19 14:47:00,2011-01-06 10:03:00,3,720.52,337,172,1,At Risk
18064.0,2011-07-29 16:39:00,2011-04-18 15:08:00,2,814.0,234,132,1,At Risk
18065.0,2011-12-04 10:30:00,2010-12-10 12:44:00,14,2392.83,364,5,0,Champions
18066.0,2011-09-25 15:30:00,2011-09-25 15:30:00,1,318.0,74,74,0,At Risk
18067.0,2011-10-30 15:58:00,2011-10-30 15:58:00,1,396.33,39,39,0,Others
18068.0,2011-02-23 14:50:00,2011-02-23 14:50:00,1,101.7,288,288,1,At Risk
18069.0,2011-11-13 16:03:00,2011-01-16 15:50:00,5,2036.67,326,25,0,Loyal Customers
18071.0,2011-03-27 11:59:00,2010-12-09 10:33:00,2,453.0,365,257,1,At Risk
18072.0,2011-06-07 10:44:00,2011-06-07 10:44:00,1,247.44,185,185,1,At Risk
18073.0,2011-08-17 14:02:00,2011-05-26 19:38:00,12,3877.5200000000004,196,113,1,At Risk
18074.0,2010-12-01 09:53:00,2010-12-01 09:53:00,1,489.6,373,373,1,At Risk
18075.0,2011-11-16 15:21:00,2010-12-14 10:48:00,10,2611.75,360,22,0,Loyal Customers
18077.0,2011-12-01 13:32:00,2010-12-08 10:21:00,11,2633.01,366,7,0,Champions
18078.0,2011-05-06 14:32:00,2011-03-25 15:08:00,2,336.13,258,216,1,At Risk
18079.0,2011-10-25 15:27:00,2011-04-15 12:14:00,4,3651.97,238,44,0,Others
18080.0,2011-11-21 08:02:00,2011-04-11 10:10:00,2,1231.5,242,18,0,Potential Loyalist
18081.0,2011-11-03 16:30:00,2011-07-29 11:56:00,3,343.45,133,35,0,Others
18082.0,2011-11-14 12:45:00,2011-11-14 12:45:00,1,703.37,25,25,0,Potential Loyalist
18084.0,2011-11-23 13:57:00,2011-11-23 13:57:00,1,90.48,15,15,0,Potential Loyalist
18085.0,2011-01-13 15:17:00,2010-12-01 12:08:00,2,689.95,373,329,1,At Risk
18086.0,2011-03-10 13:34:00,2011-03-10 13:34:00,1,101.34,273,273,1,At Risk
18087.0,2011-09-02 15:12:00,2011-02-22 10:43:00,2,4055.7200000000003,290,97,1,At Risk
18088.0,2011-10-09 13:41:00,2011-10-09 13:41:00,1,167.67000000000002,60,60,0,Others
18092.0,2011-12-07 13:14:00,2010-12-09 10:00:00,11,9068.26,365,1,0,Champions
18093.0,2011-09-07 15:43:00,2011-02-10 12:15:00,4,2106.52,302,92,1,At Risk
18094.0,2011-09-19 09:28:00,2011-02-21 08:50:00,7,3017.3,291,81,0,At Risk
18095.0,2011-01-31 12:50:00,2011-01-11 12:37:00,2,580.05,332,312,1,At Risk
18096.0,2011-11-28 12:44:00,2011-10-07 11:55:00,3,911.15,63,11,0,Loyal Customers
18097.0,2011-12-02 11:16:00,2010-12-20 14:49:00,6,2697.8,353,7,0,Champions
18099.0,2011-08-04 15:52:00,2011-08-04 15:52:00,1,168.31,126,126,1,At Risk
18101.0,2011-11-28 13:37:00,2011-07-19 13:05:00,2,223.65,142,10,0,Potential Loyalist
18102.0,2011-12-09 11:50:00,2010-12-07 16:42:00,60,259657.3,366,0,0,Champions
18104.0,2011-11-02 14:07:00,2011-11-02 14:07:00,1,754.64,36,36,0,Others
18105.0,2011-11-02 12:04:00,2011-11-02 12:04:00,1,113.48000000000002,37,37,0,Others
18106.0,2011-01-14 12:23:00,2011-01-14 12:23:00,1,430.7,329,329,1,At Risk
18108.0,2011-03-30 13:56:00,2011-03-30 13:56:00,1,271.0,253,253,1,At Risk
18109.0,2011-12-08 11:36:00,2010-12-05 10:58:00,26,8052.97,369,1,0,Champions
18110.0,2011-11-20 12:34:00,2011-11-20 12:34:00,1,236.3,19,19,0,Potential Loyalist
18112.0,2011-11-27 14:43:00,2011-06-26 13:56:00,2,352.69,165,11,0,Potential Loyalist
18113.0,2010-12-06 12:31:00,2010-12-06 12:31:00,1,76.32000000000001,368,368,1,At Risk
18114.0,2011-02-22 13:20:00,2011-02-22 13:20:00,1,220.1,289,289,1,At Risk
18116.0,2011-10-03 11:00:00,2010-12-10 12:14:00,8,1418.03,364,67,0,Others
18117.0,2011-11-14 12:47:00,2011-11-14 12:47:00,1,320.71999999999997,25,25,0,Potential Loyalist
18118.0,2011-11-29 11:32:00,2010-12-05 12:13:00,26,5653.82,369,10,0,Champions
18119.0,2010-12-07 11:59:00,2010-12-07 11:59:00,1,181.12,367,367,1,At Risk
18120.0,2011-05-09 13:45:00,2011-05-09 13:45:00,1,111.15,213,213,1,At Risk
18121.0,2011-07-13 12:53:00,2011-07-08 12:14:00,2,673.1,154,148,1,At Risk
18122.0,2011-12-01 13:08:00,2011-07-12 11:37:00,6,1826.21,150,7,0,Loyal Customers
18123.0,2011-11-15 14:23:00,2011-11-08 13:31:00,2,589.4399999999999,30,23,0,Potential Loyalist
18125.0,2011-11-10 12:29:00,2011-01-27 15:02:00,4,1142.99,315,29,0,Loyal Customers
18126.0,2011-10-10 12:19:00,2011-10-10 12:19:00,1,206.83,60,60,0,Others
18127.0,2011-11-20 14:05:00,2011-07-29 10:06:00,3,348.73,133,18,0,Loyal Customers
18129.0,2011-04-10 14:16:00,2011-04-10 14:16:00,1,112.55000000000001,242,242,1,At Risk
18130.0,2011-11-24 14:40:00,2011-10-13 15:58:00,3,1059.39,56,14,0,Loyal Customers
18133.0,2011-05-11 14:14:00,2011-05-11 14:14:00,1,931.5,211,211,1,At Risk
18135.0,2011-11-10 19:32:00,2011-06-02 14:04:00,5,681.91,189,28,0,Loyal Customers
18136.0,2011-10-07 15:40:00,2011-01-24 12:08:00,3,784.33,319,62,0,Others
18138.0,2011-02-17 14:51:00,2011-02-17 14:51:00,1,152.65,294,294,1,At Risk
18139.0,2011-11-22 10:44:00,2011-11-21 14:06:00,6,8438.34,17,17,0,Loyal Customers
18142.0,2011-07-05 13:19:00,2011-05-08 12:31:00,2,1019.52,215,156,1,At Risk
18143.0,2011-08-15 12:07:00,2011-07-21 10:44:00,2,1000.16,141,116,1,At Risk
18144.0,2011-12-02 12:46:00,2010-12-01 13:45:00,12,2888.75,372,7,0,Champions
18145.0,2011-11-27 11:22:00,2011-01-31 12:10:00,4,2861.55,312,12,0,Loyal Customers
18146.0,2011-07-22 12:08:00,2011-05-03 16:35:00,2,160.35,219,140,1,At Risk
18147.0,2011-10-25 11:46:00,2011-08-23 12:22:00,2,179.34,108,45,0,Others
18149.0,2011-10-20 12:04:00,2011-03-11 12:44:00,3,612.0799999999999,273,50,0,Others
18150.0,2011-11-07 16:49:00,2011-05-22 10:47:00,3,566.58,201,31,0,Loyal Customers
18151.0,2011-07-28 11:35:00,2011-02-23 08:29:00,2,653.35,289,134,1,At Risk
18154.0,2011-12-06 16:41:00,2011-10-27 10:40:00,2,399.19,43,2,0,Potential Loyalist
18155.0,2011-09-25 13:32:00,2011-02-21 10:36:00,3,371.62,291,74,0,At Risk
18156.0,2011-11-27 12:24:00,2010-12-05 12:29:00,2,734.94,369,12,0,Potential Loyalist
18158.0,2011-11-30 16:19:00,2011-09-12 09:03:00,2,453.4,88,8,0,Potential Loyalist
18159.0,2011-02-11 14:26:00,2011-02-11 14:26:00,1,530.15,300,300,1,At Risk
18160.0,2011-10-13 15:50:00,2011-05-23 13:41:00,2,638.0600000000001,199,56,0,Others
18161.0,2011-11-24 16:40:00,2011-01-24 11:56:00,5,1618.69,319,14,0,Loyal Customers
18164.0,2011-11-02 12:56:00,2011-11-02 12:56:00,1,399.65,36,36,0,Others
18165.0,2011-06-15 13:23:00,2011-06-15 13:23:00,1,302.46,176,176,1,At Risk
18167.0,2011-11-16 15:56:00,2011-08-26 11:40:00,3,1384.8600000000001,105,22,0,Loyal Customers
18168.0,2011-06-16 19:21:00,2010-12-02 18:08:00,6,1169.94,371,175,1,At Risk
18169.0,2011-10-10 12:18:00,2011-10-10 12:18:00,1,202.65,60,60,0,Others
18170.0,2011-11-06 14:35:00,2011-05-06 15:13:00,3,980.3100000000001,216,32,0,Loyal Customers
18171.0,2011-10-12 09:13:00,2011-01-10 09:55:00,5,1231.31,333,58,0,Others
18172.0,2011-11-25 11:12:00,2011-02-23 10:44:00,20,7561.68,289,14,0,Loyal Customers
18173.0,2011-09-14 11:26:00,2011-03-10 11:56:00,4,2106.84,274,86,0,At Risk
18174.0,2011-12-02 16:56:00,2011-12-02 16:56:00,1,104.0,6,6,0,Potential Loyalist
18176.0,2010-12-16 15:45:00,2010-12-16 15:45:00,1,476.35,357,357,1,At Risk
18177.0,2011-11-08 14:44:00,2011-03-29 08:46:00,6,1341.42,255,30,0,Loyal Customers
18178.0,2011-08-03 09:30:00,2010-12-10 12:42:00,4,1590.81,364,128,1,At Risk
18179.0,2011-11-30 16:23:00,2011-01-07 14:22:00,6,1793.17,335,8,0,Loyal Customers
18180.0,2011-12-05 08:39:00,2011-07-20 08:59:00,6,1843.75,142,4,0,Loyal Customers
18181.0,2011-11-15 15:08:00,2011-11-15 15:08:00,1,382.8,23,23,0,Potential Loyalist
18183.0,2011-04-26 15:26:00,2011-03-10 10:08:00,2,632.07,274,226,1,At Risk
18184.0,2011-11-24 15:28:00,2011-11-24 15:28:00,1,49.8,14,14,0,Potential Loyalist
18185.0,2011-04-04 13:42:00,2011-04-04 13:42:00,1,304.25,248,248,1,At Risk
18188.0,2011-11-24 16:46:00,2011-02-22 14:43:00,3,2001.04,289,14,0,Loyal Customers
18189.0,2011-09-23 12:40:00,2011-03-17 09:49:00,2,1090.24,267,77,0,At Risk
18190.0,2011-05-31 14:48:00,2011-01-13 10:35:00,2,284.46000000000004,330,191,1,At Risk
18191.0,2011-03-23 12:08:00,2011-03-23 12:08:00,1,207.8,261,261,1,At Risk
18192.0,2011-09-29 09:53:00,2011-09-29 09:53:00,1,957.97,71,71,0,Others
18193.0,2011-06-27 13:58:00,2011-06-27 13:58:00,1,243.76,164,164,1,At Risk
18194.0,2011-09-18 13:29:00,2011-09-18 13:29:00,1,973.84,81,81,0,At Risk
18196.0,2011-09-05 16:22:00,2011-02-22 16:13:00,2,689.13,289,94,1,At Risk
18198.0,2011-12-05 14:49:00,2011-01-07 13:39:00,17,5425.56,335,3,0,Champions
18200.0,2011-08-25 18:45:00,2011-08-25 18:45:00,1,163.8,105,105,1,At Risk
18202.0,2011-05-24 12:12:00,2011-02-01 13:36:00,3,1396.99,310,199,1,At Risk
18203.0,2011-07-05 13:07:00,2011-07-05 13:07:00,1,160.42000000000002,156,156,1,At Risk
18204.0,2011-09-29 16:44:00,2011-05-31 15:26:00,3,1993.7,191,70,0,Others
18205.0,2011-11-03 13:22:00,2011-09-26 12:02:00,2,517.36,74,35,0,Others
18209.0,2011-11-11 12:07:00,2011-11-11 12:07:00,1,139.10000000000002,28,28,0,Potential Loyalist
18210.0,2011-12-08 11:02:00,2011-03-17 16:58:00,6,2621.38,266,1,0,Champions
18211.0,2011-11-14 08:10:00,2011-03-06 12:09:00,5,600.07,278,25,0,Loyal Customers
18212.0,2011-01-17 16:14:00,2011-01-17 16:14:00,1,248.42,325,325,1,At Risk
18213.0,2011-04-17 10:21:00,2011-04-17 10:21:00,1,232.48000000000002,236,236,1,At Risk
18215.0,2011-09-11 16:05:00,2011-09-11 16:05:00,1,299.34000000000003,88,88,0,At Risk
18216.0,2011-11-08 16:55:00,2011-11-08 16:55:00,1,481.75,30,30,0,Potential Loyalist
18217.0,2011-11-10 13:18:00,2011-09-30 10:44:00,2,621.75,70,28,0,Potential Loyalist
18218.0,2011-05-12 12:53:00,2011-03-03 12:24:00,2,662.08,281,210,1,At Risk
18219.0,2011-12-07 11:43:00,2010-12-06 10:05:00,10,2069.77,368,2,0,Champions
18220.0,2011-04-27 09:03:00,2011-04-27 09:03:00,1,305.28,226,226,1,At Risk
18221.0,2011-11-17 14:40:00,2011-05-12 14:13:00,5,1041.61,210,21,0,Loyal Customers
18222.0,2011-09-08 10:45:00,2011-09-08 10:45:00,1,443.0,92,92,1,At Risk
18223.0,2011-12-05 09:11:00,2010-12-16 16:42:00,14,6484.54,357,4,0,Champions
18224.0,2011-03-21 10:30:00,2011-03-21 10:30:00,1,158.95000000000002,263,263,1,At Risk
18225.0,2011-12-06 13:27:00,2010-12-09 15:46:00,12,5509.12,364,2,0,Champions
18226.0,2011-10-26 13:36:00,2011-01-06 09:00:00,11,5228.05,337,43,0,Others
18227.0,2011-05-06 12:23:00,2011-05-06 12:23:00,1,93.75,217,217,1,At Risk
18228.0,2011-10-14 09:21:00,2011-09-21 10:48:00,2,779.9,79,56,0,Others
18229.0,2011-11-28 09:48:00,2010-12-01 16:25:00,20,7276.9,372,11,0,Champions
18230.0,2011-11-30 13:22:00,2011-02-10 13:06:00,7,2810.2000000000003,301,8,0,Champions
18231.0,2011-05-31 14:18:00,2011-02-24 09:08:00,5,2083.27,288,191,1,At Risk
18232.0,2011-09-19 11:49:00,2011-05-26 16:30:00,4,592.97,196,81,0,At Risk
18233.0,2011-01-18 08:44:00,2011-01-18 08:44:00,1,440.0,325,325,1,At Risk
18235.0,2011-09-29 08:27:00,2011-05-06 13:35:00,3,1796.48,216,71,0,Others
18236.0,2011-11-10 08:06:00,2011-04-13 09:52:00,6,882.24,240,29,0,Loyal Customers
18237.0,2011-12-07 12:49:00,2011-07-28 13:05:00,5,987.1,133,2,0,Loyal Customers
18239.0,2011-05-05 12:38:00,2010-12-02 17:48:00,5,1561.6100000000001,371,218,1,At Risk
18240.0,2011-10-24 13:06:00,2011-10-24 13:06:00,1,422.58,45,45,0,Others
18241.0,2011-11-30 12:10:00,2011-05-06 09:22:00,17,2073.09,217,9,0,Champions
18242.0,2011-09-28 13:43:00,2011-05-10 11:20:00,4,2232.4900000000002,213,71,0,Others
18245.0,2011-12-02 14:48:00,2010-12-19 14:58:00,7,2567.06,354,6,0,Champions
18246.0,2011-11-16 11:49:00,2011-04-20 13:55:00,2,596.1,232,23,0,Potential Loyalist
18248.0,2011-08-09 10:19:00,2011-06-06 13:18:00,2,804.02,185,122,1,At Risk
18249.0,2011-11-22 15:07:00,2011-11-22 15:07:00,1,95.34,16,16,0,Potential Loyalist
18250.0,2011-02-02 13:16:00,2011-02-02 13:16:00,1,349.27,309,309,1,At Risk
18251.0,2011-09-13 15:03:00,2011-09-13 15:03:00,1,4314.72,86,86,0,At Risk
18252.0,2011-10-20 12:43:00,2011-06-21 11:47:00,2,526.67,171,50,0,Others
18255.0,2011-09-11 13:16:00,2011-09-11 13:16:00,1,103.30000000000001,88,88,0,At Risk
18257.0,2011-10-31 14:48:00,2011-02-16 15:13:00,8,2337.63,295,38,0,Others
18259.0,2011-11-15 12:34:00,2010-12-08 13:38:00,3,2338.6,365,24,0,Loyal Customers
18260.0,2011-06-20 12:37:00,2010-12-16 18:23:00,6,2643.2000000000003,357,172,1,At Risk
18261.0,2011-10-27 15:36:00,2011-09-05 09:34:00,2,324.24,95,42,0,Others
18262.0,2011-07-22 16:04:00,2011-07-22 16:04:00,1,149.48,139,139,1,At Risk
18263.0,2011-11-14 09:00:00,2011-04-01 11:48:00,3,1213.16,252,25,0,Loyal Customers
18265.0,2011-09-28 14:10:00,2011-07-04 15:26:00,2,801.51,157,71,0,Others
18268.0,2011-07-28 19:13:00,2011-07-28 19:13:00,1,25.5,133,133,1,At Risk
18269.0,2010-12-08 13:53:00,2010-12-08 13:53:00,1,168.60000000000002,365,365,1,At Risk
18270.0,2011-11-01 13:57:00,2011-03-18 12:41:00,2,283.15000000000003,266,37,0,Others
18272.0,2011-12-07 12:43:00,2011-04-07 09:35:00,6,3078.58,246,2,0,Champions
18273.0,2011-12-07 13:16:00,2011-03-27 11:22:00,3,204.0,257,1,0,Loyal Customers
18274.0,2011-11-09 17:03:00,2011-11-09 17:03:00,1,175.92,29,29,0,Potential Loyalist
18276.0,2011-10-27 10:54:00,2011-10-27 10:54:00,1,335.86,43,43,0,Others
18277.0,2011-10-12 15:22:00,2011-10-12 15:22:00,1,110.38,57,57,0,Others
18278.0,2011-09-27 11:58:00,2011-09-27 11:58:00,1,173.9,73,73,0,At Risk
18280.0,2011-03-07 09:52:00,2011-03-07 09:52:00,1,180.60000000000002,277,277,1,At Risk
18281.0,2011-06-12 10:53:00,2011-06-12 10:53:00,1,80.82,180,180,1,At Risk
18282.0,2011-12-02 11:43:00,2011-08-05 13:35:00,2,178.05,125,7,0,Potential Loyalist
18283.0,2011-12-06 12:02:00,2011-01-06 14:14:00,16,2094.88,336,3,0,Champions
18287.0,2011-10-28 09:29:00,2011-05-22 10:39:00,3,1837.28,201,42,0,Others
